# callgrind format
version: 1
creator: callgrind-3.22.0
pid: 15135
cmd:  ./zc tests/bench/test_sha256.zc
part: 1


desc: I1 cache:
desc: D1 cache:
desc: LL cache:

desc: Timerange: Basic block 0 - 93406775
desc: Trigger: Program termination

positions: line
events: Ir
summary: 455466879


ob=(2) /usr/lib/x86_64-linux-gnu/libc.so.6
fl=(87) ./wcsmbs/../sysdeps/x86_64/multiarch/wcsnlen.c
fn=(292) wcsnlen
30 1
fi=(88) ./wcsmbs/../sysdeps/x86_64/multiarch/ifunc-wcslen.h
+11 2
-1 4
+2 3
+3 2
+4 3
+3 3
fe=(87)
-22 1

fl=(259) ./string/../sysdeps/x86_64/multiarch/strspn-sse4.c
fn=(962) __strspn_sse42
63 20
+1 40
+8 60
fi=(260) /usr/lib/gcc/x86_64-linux-gnu/13/include/emmintrin.h
1341 54
+98 18
fe=(259)
99 36
+10 55
+4 1
+2 1
-2 1
fi=(260)
706 1
fi=(375) /usr/lib/gcc/x86_64-linux-gnu/13/include/tmmintrin.h
138 3
fi=(313) /usr/lib/gcc/x86_64-linux-gnu/13/include/smmintrin.h
634 2
fe=(259)
119 4
-44 3
fi=(260)
1341 3
fe=(259)
75 3
fi=(260)
1341 6
+98 3
fe=(259)
80 3
+1 6
+2 2
fi=(260)
706 2
fe=(259)
85 2
fi=(260)
706 2
fi=(375)
138 2
fe=(259)
-53 4
+21 19
fi=(313)
687 19
fe=(259)
135 19
+1 76
+3 1

fl=(269) ./libio/./libio/iofwrite.c
fn=(1000) fwrite
31 12
+1 2
-1 2
+1 2
-1 4
+4 12
+2 20
+1 7
+1 1
fi=(243) ./libio/./libio/libioP.h
1025 1
fe=(269)
39 1
fi=(243)
1025 1
+1 2
fe=(269)
39 1
fi=(243)
1025 1
fe=(269)
39 1
fi=(243)
1025 1
+1 2
fe=(269)
39 10
cfi=(226) ./libio/./libio/fileops.c
cfn=(1002) _IO_file_xsputn@@GLIBC_2.2.5
calls=2 1198
* 541
+6 4
fi=(243)
979 4
fe=(269)
45 4
+1 2
+3 18
-11 2
fi=(243)
980 18
fe=(269)
37 8

fl=(98) ./string/../sysdeps/x86_64/multiarch/memcmpeq.c
fn=(320) memcpy@@GLIBC_2.14
29 2
fi=(99) ./string/../sysdeps/x86_64/multiarch/ifunc-memmove.h
+28 6
-1 4
+4 6
+14 4
+3 4
+8 4
+8 4
+3 10
fe=(98)

fl=(126) ./string/../sysdeps/x86_64/multiarch/strcasecmp_l.c
fn=(386) strcasecmp_l
31 1
fi=(114) ./string/../sysdeps/x86_64/multiarch/ifunc-strcasecmp.h
+6 2
-1 4
fe=(126)
-5 2
fi=(114)
+7 3
+3 2
+4 3
+3 4
fe=(126)

fl=(226)
fn=(1226) _IO_file_underflow@@GLIBC_2.2.5
462 4
+4 12
-4 36
+7 8
+6 12
+3 8
+12 8
fi=(243)
1025 4
fe=(226)
506 8
cfi=(225) ./libio/./libio/genops.c
cfn=(1230) _IO_switch_to_get_mode
calls=4 164
* 104
+6 4
+5 4
-5 4
fi=(243)
1025 8
fe=(226)
512 4
fi=(243)
1025 4
fe=(226)
512 12
fi=(243)
1026 8
fe=(226)
517 16
cfn=(882) _IO_file_read
calls=4 1131
* 52
+2 8
+16 4
-9 4
+9 8
+1 8
+1 8
+1 32

fn=(906) _IO_file_xsgetn
1273 154
+7 14
-7 14
+7 14
+11 14
fi=(243)
1025 14
fe=(226)
1291 56
+2 42
+1 28
-1 24
+1 16
+8 18
+8 18
+9 27
+1 36
+18 10
+1 30
+3 5
-12 10
fi=(243)
1025 5
fe=(226)
1330 5
fi=(243)
1025 5
fe=(226)
1331 15
fi=(243)
1026 10
fe=(226)
1342 15
cfn=(882)
calls=5 1131
* 65
+1 10
+12 4
-2 4
+1 4
+1 8
+1 8
-65 8
+70 104
fi=(249) ./libio/../string/bits/string_fortified.h
29 39
cob=(3) ???
cfi=(157) ???
cfn=(690) 0x00000000048756b0
calls=13 -29
* 2054
fe=(226)
1297 13
-6 26
+31 8
cfi=(225)
cfn=(1224) __underflow
calls=4 269
* 536
* 8
+24 5
+14 1
-14 1
+14 1
-14 1
+15 8

fn=(762) _IO_new_file_init_internal
106 108
+5 18
-1 18
+3 18
cfi=(225)
cfn=(764) _IO_link_in
calls=18 -26
* 1602
+1 18
+1 54

fn=(868) _IO_file_stat
1147 29
+1 58
cfi=(242) ./io/../sysdeps/unix/sysv/linux/fstat64.c
cfn=(870) fstat
calls=29 30
* 174

fn=(1004) _IO_file_overflow@@GLIBC_2.2.5
732 656
+1 328
+7 406
+37 80
-2 160
+3 160
+3 240
+1 240
+1 160
+4 80
+1 480
-45 4
+12 4
+9 6
+5 6
+2 4
-5 2
+5 2
+1 2
-5 2
+1 2
+4 4
-7 2
+10 4
+13 2
-12 2
+1 2
+11 8
-12 2
cfn=(1006) _IO_do_write@@GLIBC_2.2.5
calls=2 424
* 112
-4 4
+7 237
+2 158
-2 237
cfn=(1006)
calls=79 424
* 8453
* 158
-34 4
cfi=(225)
cfn=(864) _IO_doallocbuf
calls=2 343
* 586
+1 2
+9 2
-9 10

fn=(1006)
424 83
+2 249
+1 1
-3 246
fi=(243)
1025 82
fe=(226)
424 656
+20 82
-10 164
+7 328
fi=(243)
1025 164
+1 164
fe=(226)
449 328
cfn=(1020) _IO_file_write@@GLIBC_2.2.5
calls=82 1174
* 3772
* 82
+1 246
+2 82
+4 164
-3 164
-1 164
+4 246
-30 164
+28 82
-28 164
+1 656
+28 246

fn=(1020)
1174 656
+2 328
-1 164
+6 82
cfi=(271) ./io/../sysdeps/unix/sysv/linux/write.c
cfn=(1022) write
calls=82 25
* 656
+1 164
+5 82
+1 82
-12 164
+4 246
+1 164
+10 246
+3 492
-4 246

fn=(1904) _IO_file_setbuf@@GLIBC_2.2.5
382 6
+1 1
cfi=(225)
cfn=(1906) _IO_default_setbuf
calls=1 +69
* 69
* 2
+3 1
+4 2
-2 3
+3 3

fn=(862) _IO_file_seekoff@@GLIBC_2.2.5
901 546
+8 112
-60 84
+66 112
+3 112
+12 56
+13 112
+23 13
fi=(243)
+59 39
+1 26
fe=(226)
-60 39
cfn=(868)
calls=13 1147
* 117
* 78
+2 26
+1 13
+7 26
cfi=(225)
cfn=(874) _IO_free_backup_area
calls=13 187
* 286
* 30
cfi=(225)
cfn=(874)
calls=15 187
* 330
+5 28
+1 28
-1 84
+1 28
+3 42
-1 14
+2 49
fi=(243)
+39 1
fe=(226)
-27 2
fi=(243)
+27 18
fe=(226)
-27 36
+4 38
+1 19
-1 38
+2 19
-2 19
+1 19
+1 38
+5 19
fi=(243)
+16 38
+1 38
fe=(226)
-17 57
cfn=(878) _IO_file_seek
calls=19 1140
* 171
* 19
+1 38
+2 38
+4 13
fi=(243)
+9 26
+1 26
fe=(226)
-10 104
cfn=(882)
calls=13 1131
* 169
+3 26
+11 26
-3 13
+4 13
-1 26
-3 91
+5 26
-5 6
+4 6
-1 12
-3 42
+5 30
+23 462
915 60
+18 42
+5 28
cfi=(225)
cfn=(864)
calls=14 343
* 4400
+1 28
+1 56
-93 28
+4 13
-2 26
+2 13
+5 26
+34 28
1007 12
880 1
-37 1
+37 28
+3 1
fi=(243)
1025 3
+1 2
fe=(226)
883 4
cfn=(878)
calls=1 1140
* 9
+2 2
-5 13
-14 26
+1 39
988 18
+5 9
-5 18
+5 9
-5 36
+63 18
+1 9
fi=(243)
-27 27
+1 18
fe=(226)
+26 27
cfn=(878)
calls=9 +88
* 81
* 9

fn=(878)
1140 29
+1 58
cfi=(244) ./io/../sysdeps/unix/sysv/linux/lseek64.c
cfn=(880) lseek
calls=29 28
* 174

fn=(920) _IO_file_close
1165 14
+3 28
cfi=(251) ./io/../sysdeps/unix/sysv/linux/close_nocancel.c
cfn=(922) __close_nocancel
calls=14 25
* 84

fn=(930) _IO_file_finish@@GLIBC_2.2.5
168 70
+1 14
-1 14
+1 14
+6 28
+1 42
-1 14
cfi=(225)
cfn=(932) _IO_default_finish
calls=14 601
* 280

fn=(770) _IO_file_fopen@@GLIBC_2.2.5
213 204
+9 34
+2 104
+23 230
-24 3
357 204
224 4
+23 96
+26 16
+8 64
cfn=(772) _IO_file_open
calls=16 -99
* 1439
* 4
cfn=(772)
calls=1 -99
* 97
* 17
+3 34
+3 42
cfi=(238) ./string/../string/strstr.c
cfn=(852) __GI_strstr
calls=14 77
* 826
* 14
+1 28
-74 16
+13 16
+1 32
+19 102

fn=(916) _IO_file_close_it@@GLIBC_2.2.5
128 98
+2 42
+4 28
+3 14
-3 14
-1 28
+6 14
+3 14
-3 14
cfi=(225)
cfn=(918) _IO_unsave_markers
calls=14 937
* 196
+3 42
fi=(243)
1025 42
+1 28
fe=(226)
142 28
cfn=(920)
calls=14 1165
* 126
* 14
+3 42
+8 70
cfi=(225)
cfn=(872) _IO_setb
calls=14 329
* 3425
+1 14
+3 14
-3 42
+3 14
cfi=(225)
cfn=(776) _IO_un_link
calls=14 53
* 56
+5 14
-4 14
+1 14
+3 14
-2 14
+3 98
-28 7
cfn=(1006)
calls=1 424
* 107
* 2

fn=(1002)
1198 14
+7 2
-7 4
+6 8
+9 4
-2 8
+17 6
+1 2
+5 1
+2 2
+2 1
-4 1
+2 1
+2 1
-1 1
-1 1
cob=(3)
cfi=(157)
cfn=(830) 0x0000000004875430
calls=1 0
* 16
+2 1
-2 1
+4 2
+28 18
-68 1
+44 1
fi=(243)
1025 3
+1 2
fe=(226)
1244 3
cfn=(1004)
calls=1 732
* 354
* 2
+6 2
+1 5
+2 3
+11 2
+1 4
cfi=(225)
cfn=(1008) _IO_default_xsputn
calls=1 371
* 61
+2 3

fn=(1016) _IO_file_sync@@GLIBC_2.2.5
793 14
+5 8
+1 3
+1 2
+1 4
+11 4
+4 10
-17 2
cfn=(1006)
calls=1 424
* 107
* 2

fn=(882)
1131 22
+3 22
-1 22
+1 44
cfi=(245) ./io/../sysdeps/unix/sysv/linux/read.c
cfn=(884) read
calls=22 25
* 176

fn=(772)
182 34
+3 17
-3 170
+2 34
+4 17
cfi=(228) ./io/../sysdeps/unix/sysv/linux/open64.c
cfn=(774) open
calls=17 30
* 629
* 17
+1 34
+3 28
+3 14
-4 14
+1 42
+3 14
-3 14
+3 14
+10 28
cfi=(225)
cfn=(764)
calls=14 87
* 294
+1 14
+1 102
-17 6

fl=(236) ./string/./string/strdup.c
fn=(836) strdup
40 246
+1 41
cob=(3)
cfi=(157)
cfn=(688) 0x0000000004875500
calls=41 -41
* 656
* 41
+1 82
cob=(3)
cfi=(157)
cfn=(756) 0x00000000048753f0
calls=41 -42
* 2809
+2 82
fi=(237) ./string/../string/bits/string_fortified.h
-15 123
fe=(236)
+19 164
fi=(237)
-19 41
cob=(3)
cfi=(157)
cfn=(840) 0x00000000048756f0
calls=41 -29
* 825
fe=(236)

fl=(96) ./wcsmbs/../sysdeps/x86_64/multiarch/wcsncpy.c
fn=(316) wcsncpy
31 2
fi=(97) ./wcsmbs/../sysdeps/x86_64/multiarch/ifunc-wcs.h
+9 6
-1 8
+2 6
+3 4
+4 8
fe=(96)
-17 2

fl=(138) ./string/../sysdeps/x86_64/multiarch/mempcpy.c
fn=(428) mempcpy
33 1
fi=(99)
+24 3
-1 2
+4 3
+14 2
+3 2
+8 2
+8 2
+3 5
fe=(138)

fl=(144) ./string/../sysdeps/x86_64/multiarch/strstr.c
fn=(450) strstr
64 1
-13 4
+7 4
+6 1

fl=(153) ./ctype/./ctype/ctype-info.c
fn=(480) __ctype_init
29 1
+2 7
+2 4
+2 4
+1 1

fl=(270) ./libio/./libio/iofflush.c
fn=(1014) fflush
32 1
+1 2
-1 5
+7 2
+1 1
fi=(243)
1025 3
+1 2
fe=(270)
40 2
cfi=(226)
cfn=(1016)
calls=1 793
* 135
* 2
fi=(243)
979 2
+1 8
fe=(270)
44 5
-5 10

fl=(353) ./posix/./posix/waitpid.c
fn=(1800) waitpid
37 1
+1 2
cfi=(354) ./posix/../sysdeps/unix/sysv/linux/wait4.c
cfn=(1802) wait4
calls=1 -11
* 9

fl=(179) ./string/../sysdeps/x86_64/multiarch/memset-vec-unaligned-erms.S
fn=(584) __memset_avx2_unaligned_erms
158 23884
+1 47768
+5 23884
+1 23884
+1 23877
+1 23877
+1 23877
+2 667
+1 667
+1 1334
+9 6519
+1 6519
+2 13038
+53 23210
+1 23210
+6 23208
+1 23208
+12 23208
+3 23208
+1 23208
+12 16689
+1 16689
+13 16689
+1 16689
+2 16689
+3 15096
+3 15096
+3 15096
+1 15096
+1 15096
+1 15096
+1 15096
+1 15096
+1 15096
-6 5
+1 5
+1 5
+1 5
+1 5
+1 5
+1 15101
+3 15096
+1 15096
+1 15096
+1 15096
+3 30192
-6 1593
+1 1593
+1 1593
+1 1593
+3 3186
+11 2
+1 2
+1 2
+1 564562
+1 2
+1 4
+7 7
+9 7
+1 7
+31 7
+1 7
+1 7

fl=(316) ./misc/../sysdeps/unix/sysv/linux/setvmaname.c
fn=(1344) __set_vma_name
33 49
+2 35
+14 66
-9 4
cob=(3)
cfi=(157)
cfn=(488) 0x0000000004875720
calls=1 -40
* 26
* 3
+7 1
+1 1

fl=(363) ./stdlib/../sysdeps/x86_64/mul_1.S
fn=(1828) __mpn_mul_1
31 4
+1 4
+3 4
+1 4
+1 4
+1 4
+1 4
+2 4
+1 4
+2 4
+1 4
+1 4
+1 4
+1 4
+2 4
+1 4
+1 4
+1 4
+69 4
+2 4
+3 4

fl=(113) ./string/../sysdeps/x86_64/multiarch/strcasecmp.c
fn=(354) strcasecmp
31 2
fi=(114)
+6 4
-1 8
fe=(113)
-5 4
fi=(114)
+7 6
+3 4
+4 6
+3 8
fe=(113)

fl=(129) ./wcsmbs/../sysdeps/x86_64/multiarch/wmemcmp.c
fn=(402) wmemcmp
29 2
fi=(130) ./wcsmbs/../sysdeps/x86_64/multiarch/ifunc-memcmp.h
+5 10
+1 4
+1 4
+1 6
+3 4
+4 6
+3 8
fe=(129)
-18 4

fl=(137) ./wcsmbs/../sysdeps/x86_64/multiarch/wcpcpy.c
fn=(424) wcpncpy
31 1
fi=(97)
+9 3
-1 4
+2 3
+3 2
+4 4
fi=(376) ./wcsmbs/../sysdeps/x86_64/multiarch/wcpncpy.c
-17 1
fe=(137)

fl=(163) ./string/../sysdeps/x86_64/multiarch/strrchr-avx2.S
fn=(528) __strrchr_avx2
53 148
+1 148
+1 148
+2 148
+1 148
+4 148
+1 148
+1 148
+3 148
+2 148
+1 148
+1 148
+1 148
+3 148
+1 148
+2 148
+1 148
+1 148
+1 146
+1 146
+9 296

fl=(210) ./io/../sysdeps/unix/sysv/linux/access.c
fn=(696) access
25 2
+2 8
+4 2

fl=(310) ./string/./string/strtok.c
fn=(1312) strtok
32 38
+2 76
cfi=(311) ./string/./string/strtok_r.c
cfn=(1314) strtok_r
calls=38 +9
* 2251

fl=(234) ./io/../sysdeps/unix/sysv/linux/getcwd.c
fn=(828) getcwd
49 70
+6 10
+25 25
+1 25
-5 5
-10 10
+65 60
-47 15
+4 20

fl=(351) ./posix/../sysdeps/nptl/_Fork.c
fn=(1792) _Fork
24 1
fi=(352) ./posix/../sysdeps/unix/sysv/linux/arch-fork.h
+26 10
+4 1
fe=(351)
-28 2
+22 2

fl=(251)
fn=(922)
25 14
+1 56
+1 14

fl=(302) ./stdlib/../stdlib/strtol_l.c
fn=(1208) ____strtoul_l_internal
238 3155
+54 631
-54 631
+19 631
-19 2524
+14 631
-14 1893
+26 1262
+31 2524
+9 3786
+2 1262
+5 1262
-1 631
+6 1262
+4 1262
+15 906
+10 2096
-87 524
390 1572
+1 1572
+4 524
+56 1048
-61 267
+1 267
+4 89
+56 2017
+26 613
+1 613
-84 613
-1 613
+96 1226
-12 18
+1 18
-84 18
-1 18
+96 36
-5 1904
+5 952
+1 2856
-41 1904
+2 3808
+2 2856
+7 230
+17 230
+1 230
+3 2856
+3 1904
+11 1262
+5 1893
+1 631
+12 1262
+11 3155
+22 5679
327 480
+15 1226
+48 89
258 89
387 178
-65 446
+5 36
+63 18
+1 36
-1 18
+1 54
+4 36
-63 90

fl=(199) ./misc/./misc/sbrk.c
fn=(658) sbrk
37 80
+3 10
+3 10
-3 10
+3 10
+35 35
-20 20
+4 20
+4 14
+2 4
-2 6
+8 2
cfi=(200) ./misc/../sysdeps/unix/sysv/linux/brk.c
cfn=(660) brk
calls=2 -38
* 18
* 3
cfi=(200)
cfn=(660)
calls=3 -38
* 27
* 10
+4 35
-19 2
cfi=(200)
cfn=(660)
calls=1 -23
* 9
* 2
+4 2

fl=(257) ./debug/./debug/sprintf_chk.c
fn=(950) __sprintf_chk
25 15
+3 4
+6 1
+2 2
+3 1
+1 2
-1 5
+1 1
cfi=(258) ./libio/./libio/iovsprintf.c
cfn=(952) __vsprintf_internal
calls=1 -3
* 691
+4 5

fl=(370) ./nptl/./nptl/pthread_mutex_unlock.c
fn=(1850) pthread_mutex_unlock@@GLIBC_2.2.5
367 1
51 3
+1 2
367 3
57 2
+8 1
-3 1
-23 1
+1 4
+1 1
+29 1
+2 1
369 2
74 2
+6 4
+4 3
+3 2

fl=(91) ./wcsmbs/../sysdeps/x86_64/multiarch/wcslen.c
fn=(300) wcslen
29 2
fi=(88)
+12 4
-1 8
+2 6
+3 4
+4 6
+3 6
fe=(91)
-23 2

fl=(158) ./nptl/../sysdeps/unix/sysv/linux/x86/elision-conf.c
fn=(490) __lll_elision_init
92 2
+4 1
-4 2
+4 2
-4 1
+4 1
-4 3
+4 1
cob=(3)
cfi=(157)
cfn=(488)
calls=1 -96
* 26
+2 4
cob=(3)
cfi=(157)
cfn=(488)
calls=1 -98
* 26
+2 4
cob=(3)
cfi=(157)
cfn=(488)
calls=1 0
* 26
+2 4
cob=(3)
cfi=(157)
cfn=(488)
calls=1 0
* 26
+2 4
cob=(3)
cfi=(157)
cfn=(488)
calls=1 0
* 26
+3 3
+1 1
+1 6

fl=(359) ./stdlib/../sysdeps/ieee754/dbl-64/dbl2mpn.c
fn=(1818) __mpn_extract_double
33 1
+2 1
-2 2
+4 3
+1 5
+9 2
+9 1
-9 1
+9 2
+47 1
+4 1
-4 1
+4 1

fl=(131) ./debug/../sysdeps/x86_64/multiarch/memmove_chk.c
fn=(406) __memmove_chk
29 2
fi=(93) ./debug/../sysdeps/x86_64/multiarch/ifunc-memmove.h
+28 6
-1 4
+4 6
+14 4
+3 4
+8 4
+8 4
+3 10
fe=(131)

fl=(166) ./csu/../csu/libc-start.c
fn=(536) __libc_start_main@@GLIBC_2.34
242 13
+69 3
+1 3
cfi=(167) ./stdlib/./stdlib/cxa_atexit.c
cfn=(538) __cxa_atexit
calls=1 67
* 72
+25 6
+6 2
-3 2
+10 2
cob=(3)
cfi=(157)
cfn=(552) 0x00000000048757b0
calls=1 0
* 7
+2 2
+8 4
cfi=(168) ./csu/../sysdeps/nptl/libc_start_call_main.h
cfn=(556) (below main)
calls=1 29
* 455221479
128 2
+6 3
+1 6
cob=(3)
cfi=(157)
cfn=(542) 0x0000000000110000
calls=1 0
* 7
* 1
+3 1
+1 2
+3 2
+1 2
-1 1
+2 7
+1 4
cob=(5) /app/zc
cfi=(165) ???
cfn=(546) 0x00000000000092d0
calls=1 0
* 12
-1 4

fl=(154) ./resource/../sysdeps/unix/sysv/linux/getrlimit64.c
fn=(482) getrlimit
38 2
+1 7
+1 1

fl=(240) ./libio/./libio/ioseekoff.c
fn=(860) _IO_seekoff_unlocked
33 42
+1 84
-1 252
+10 168
+1 28
+15 42
fi=(377) ./libio/../libio/libioP.h
1025 126
+1 84
fe=(240)
59 42
+1 42
-1 42
+1 126
-1 42
cfi=(226)
cfn=(862)
calls=42 901
* 9380

fl=(271)
fn=(1022)
25 82
+1 492
+1 82

fl=(315) ./misc/../sysdeps/unix/sysv/linux/mmap64.c
fn=(1342) mmap
47 7
+3 14
-3 42
+6 14
+5 42
+2 28
-7 35

fl=(255) ./stdio-common/../sysdeps/posix/tempname.c
fn=(946) __path_search
114 15
+4 5
+22 3
+14 5
+4 3
fi=(256) ./stdio-common/../libio/bits/stdio2.h
30 9
cfi=(257)
cfn=(950)
calls=1 -5
* 727
fe=(255)
165 3
+1 11
-41 3
cob=(3)
cfi=(157)
cfn=(688)
calls=1 0
* 16
* 2
+1 3
+4 2
-28 3
cfi=(231) ./io/../sysdeps/unix/sysv/linux/stat64.c
cfn=(818) stat
calls=1 -74
* 14
* 7
+52 1

fn=(958) __gen_tempname
334 2
230 1
334 13
230 3
+15 1
+23 2
-38 1
+38 1
-23 1
+33 1
-10 1
+10 3
+7 1
cob=(3)
cfi=(157)
cfn=(688)
calls=1 0
* 16
+1 3
+1 8
cob=(3)
cfi=(157)
cfn=(960) 0x0000000004875470
calls=1 0
* 41
* 4
-16 5
93 6
298 2
+14 6
+2 5
-2 5
-14 5
+14 25
+1 5
-1 25
+1 5
-1 5
-14 10
+14 1
-14 1
+14 5
+1 1
-1 5
+1 1
-1 1
-14 2
+2 12
85 3
+5 3
cfi=(218) ./time/../sysdeps/unix/sysv/linux/clock_gettime.c
cfn=(732) clock_gettime@@GLIBC_2.17
calls=1 -60
* 11
+1 1
+2 4
304 1
+3 2
-2 1
+2 2
+10 6
cfn=(966) try_file
calls=1 176
* 45
+1 2
+2 3
+16 11

fn=(966)
176 1
+4 1
-2 2
+2 1
-2 2
cfi=(228)
cfn=(774)
calls=1 30
* 38

fl=(320) ./stdio-common/./stdio-common/Xprintf_buffer_flush.c
fn=(1364) __printf_buffer_flush
61 32246
fi=(314) ./stdio-common/../include/printf_buffer.h
+54 32246
fe=(320)
-53 64492
-1 128984
fi=(321) ./stdio-common/./stdio-common/printf_buffer_flush.c
-20 225722
fe=(320)
+25 64492
+4 96738
+1 32246
+1 96738
fi=(321)
-25 32246
cfi=(204) ./libio/./libio/vsnprintf.c
cfn=(1368) __printf_buffer_flush_snprintf
calls=32246 -12
* 547982
fi=(314)
+68 32246
fi=(321)
-67 32246
fe=(320)

fl=(119) ./string/../sysdeps/x86_64/multiarch/strncase_l.c
fn=(366) strncasecmp_l
31 1
fi=(114)
+6 2
-1 4
fe=(119)
-5 2
fi=(114)
+7 3
+3 2
+4 3
+3 4
fe=(119)

fl=(152) ./elf/./elf/libc_early_init.c
fn=(478) __libc_early_init
33 9
+2 1
cfi=(153)
cfn=(480)
calls=1 -6
* 17
+3 1
fi=(155) ./elf/../sysdeps/nptl/pthread_early_init.h
-5 2
fe=(152)
+8 1
-3 1
+3 1
fi=(155)
-8 1
cfi=(154)
cfn=(482)
calls=1 +5
* 10
* 3
+1 1
+4 5
+7 1
fi=(378) ./elf/../nptl/nptl-stack.h
+16 3
fi=(155)
-16 1
fi=(378)
+16 2
fi=(155)
-7 1
fi=(378)
+7 3
fi=(155)
-9 1
-6 1
+2 2
+4 4
+1 1
+3 1
cfi=(156) ./nptl/./nptl/pthread_mutex_conf.c
cfn=(486) __pthread_tunables_init
calls=1 -1
* 104
fe=(152)
-9 3
+2 2
-2 1
cfi=(158)
cfn=(490)
calls=1 +45
* 169

fl=(161) ./csu/./csu/init-first.c
fn=(522) _init_first
46 6
+5 2
+4 5
+8 1
-2 1
+10 1
-9 1
+1 1
+9 3
-1 1
cfi=(162) ./misc/./misc/init-misc.c
cfn=(524) __init_misc
calls=1 -41
* 50

fl=(164) ./libio/./libio/vtables.c
fn=(530) check_stdfiles_vtables
545 1
+1 4
+1 3
+1 3
+2 1

fl=(112) ./string/../sysdeps/x86_64/multiarch/strncmp.c
fn=(352) strncmp
67 2
-23 4
-1 8
+24 4
-22 6
+3 4
+4 6
+3 8

fl=(283) ./io/../sysdeps/unix/sysv/linux/faccessat.c
fn=(1086) faccessat
28 18
+1 9
-1 99
+1 45
+4 18
+4 9
+38 99

fl=(121) ./string/../sysdeps/x86_64/multiarch/memcmp.c
fn=(374) bcmp
29 2
fi=(122) ./string/../sysdeps/x86_64/multiarch/ifunc-memcmp.h
+5 10
+1 4
+1 4
+1 6
+3 4
+4 6
+3 8
fe=(121)
-18 4

fl=(142) ./time/../sysdeps/unix/sysv/linux/time.c
fn=(444) time
38 1
fi=(379) ./time/../sysdeps/unix/sysv/linux/dl-vdso.h
+2 2
+1 2
fe=(142)
-3 2

fl=(202) ./string/../sysdeps/x86_64/multiarch/memmove-vec-unaligned-erms.S
fn=(832) __mempcpy_avx_unaligned_erms
242 141
+1 141
+1 141
+1 141
+17 141
+1 141
+2 2
+1 2
+1 2
+3 2
+1 2
+1 2
+3 4
+30 139
+1 139
+2 139
+1 139
+2 122
+4 122
+1 80
+1 80
+1 80
+1 80
+1 80
+1 80
+2 80
+2 80
+6 42
+1 42
+1 42
+1 42
+1 42
+29 17
+1 17
+1 17
+1 17
+1 17

fn=(842) __memcpy_chk_avx_unaligned_erms
249 41
+1 41
+1 205
+4 41
+1 41
+6 41
+1 41
+2 1
+1 1
+1 1
+3 1
+1 1
+1 1
+3 2
+30 40
+1 40
+2 1
+1 1
+2 1
+4 1
+16 1
+1 1
+1 1
+1 1
+1 1
+7 39
+1 39
+1 39
+1 39
+2 39

fn=(670) __memcpy_avx_unaligned_erms
255 185666
+1 185666
+6 185666
+1 185666
+2 1619
+1 1619
+1 1619
+3 346
+1 346
+1 346
+3 692
+30 184047
+1 184047
+2 170136
+1 170136
+2 149835
+4 149835
+1 104724
+1 104724
+1 104712
+1 104712
+1 48902
+1 48902
+2 48902
+2 48902
-2 55810
+2 55822
+6 45111
+1 45111
+1 45111
+1 45111
+1 45111
+7 13911
+1 13911
+1 13911
+1 13911
+2 13911
+17 20301
+1 20301
+1 20301
+1 20301
+1 20301
+7 318
+1 318
+1 318
+1 318
+1 318
+1 318
+1 636
+5 1273
+1 1273
+5 1273
+1 1273
+2 1254
+1 1254
+1 1254
+2 936
+1 936
+1 936
+1 936
+1 936
+1 936
+1 936
+1 936
+1 936
+1 936
+1 936
+1 936
+1 936
+1 936
+1 1872
+4 19
+1 19
+4 19
+2 19
+4 19
+1 19
+11 19
+3 19
+2 19
+2 19
+4 19
+1 19
+9 19
+1 19
+2 19
+2 19
+1 19
+1 19
+3 19
+2 19
+2 19
+2 38
+6 19
+1 19
+1 19
+1 19
+1 19
+1 19
+1 19
+1 19
+1 19
+1 19
+1 19
+1 19
-11 149
+1 149
+1 149
+1 149
+1 149
+1 149
+1 149
+1 149
+1 149
+1 149
+1 149
+1 149
+2 19
+1 19
+1 19
+1 19
+2 19
+4 38

fl=(81) ./string/../sysdeps/x86/cacheinfo.c
fn=(280) __x86_cacheinfo
86 1
fi=(82) ./string/../sysdeps/x86/cacheinfo.h
-27 1
+3 3
+2 1
+1 1
-1 2
+7 3
+2 1
+1 1
-1 2
+5 2
+2 2
+1 2
+1 2
+2 2
+2 2
fe=(81)

fl=(232) ./io/../sysdeps/unix/sysv/linux/fstatat64.c
fn=(820) fstatat
146 86
-55 86
+70 126
+1 40
-2 9
+1 6

fl=(372) ./stdlib/./stdlib/cxa_finalize.c
fn=(1862) __cxa_finalize
30 4
+3 4
-3 16
+3 10
+3 8
+4 14
-4 6
+57 8
+4 12
-4 6
+12 4
cfi=(350) ./posix/./posix/register-atfork.c
cfn=(1864) __unregister_atfork
calls=2 -23
* 40
+1 8
+1 16

fl=(221) ./stdlib/./stdlib/random_r.c
fn=(744) srandom_r
162 2
+8 2
+2 1
+1 2
+7 2
-4 1
+4 2
+1 2
+5 1
+1 3
-3 3
+8 8
+2 1
-1 2
+1 2
+2 3
+1 2
-10 2
+5 232
+2 29
-1 58
+1 58
+2 87
+1 58
-10 58
+13 4
+2 1
-2 1
+3 1
-3 1
+3 1
362 930
+9 310
-1 310
+2 310
+3 620
+3 310
+4 310
-3 620
+9 600
+2 300
+1 300
203 600
390 10
+1 10
203 20
+7 2
381 20

fl=(312) ./string/../sysdeps/x86_64/multiarch/strcspn-sse4.c
fn=(1318) __strcspn_sse42
87 19
+1 38
+8 57
fi=(260)
1341 51
+98 17
fe=(312)
122 34
+10 51
-33 2
fi=(260)
1341 2
fe=(312)
99 2
fi=(260)
1341 4
+98 2
fe=(312)
104 2
+1 4
+2 2
fi=(260)
706 2
fe=(312)
109 2
fi=(260)
706 2
fi=(375)
138 2
fe=(312)
-29 4
+21 38
+32 38
fi=(313)
634 19
+53 38
+24 19
-24 19
+24 19
fe=(312)
160 38
fi=(313)
634 19
fe=(312)
163 57
+5 19

fl=(324) ./string/../sysdeps/x86_64/multiarch/strchr-sse2.S
fn=(1390) __strchr_sse2
32 100969
+1 100969
+1 100969
+1 100969
+1 100969
+1 100969
+1 100969
+1 100969
+1 100969
+1 99642
+1 99642
+1 99642
+1 99642
+1 99642
+1 99642
+1 99642
+1 99642
+1 99642
+1 90290
+4 90290
+1 90290
+1 90290
+1 90290
+2 90290
+4 9352
+1 9352
+1 9352
+1 9352
+1 9352
+1 9352
+1 9352
+1 9352
+1 9352
+1 9352
+1 9352
+1 9352
+1 9352
+1 9352
+1 9352
+1 9352
+1 9352
+1 9352
+1 9352
+1 9352
+1 9352
+1 9352
+1 9352
+1 16756
+5 3702
+1 3702
+3 3702
+1 3702
+1 3702
+1 3702
+1 3702
+1 3702
+1 3702
+1 3702
+1 3702
+1 3702
+1 3702
+1 3702
+1 3702
+1 3702
+1 3702
+1 3702
+1 3702
+1 3702
+2 3702
+1 3702
-20 1060
+1 1060
+1 1060
+1 1060
+1 1060
+1 1060
+1 1060
+1 1060
+1 1060
+1 1060
+1 1060
+1 1060
+1 1060
+1 1060
+1 1060
+1 1060
+1 1060
+1 1060
+2 1060
+1 1060
+2 3702
+1 3702
+1 3702
+1 3702
+1 3702
+1 3702
+1 3702
+1 3702
+2 3702
+1 3702
+1 3702
+1 3702
+1 3702
+1 3702
+1 3702
+1 3702
+1 3702
+1 3702
+3 3702
+4 3702
+1 3702
+1 3702
+1 3702
+2 3702
-9 6977
+4 6977
+1 6977
+1 6977
+1 6977
+2 6977
+4 1327
+1 1327
+1 1327
+1 1327
+1 1327
+1 1327
+1 1327
+1 1327
+1 1327
+1 1327
+1 1327
+1 1327
+1 1327
+1 1327
+1 1327
+1 1327
+1 1327
+1 1327
+1 1327
+1 1327
+1 1327
+1 1327
+1 1327
+1 1327
+1 1327
+1 1327
+1 1327
+1 1327
+1 1327
+1 1327
+1 1327
+1 1327
+1 1327
+1 1327
+1 1327
+1 1327
+1 1327
+1 1327
+1 90

fl=(168)
fn=(556)
29 4
+15 1
-15 5
+15 1
cfi=(169) ./setjmp/../sysdeps/x86_64/bsd-_setjmp.S
cfn=(558) _setjmp
calls=1 -16
* 38
* 1
+2 2
+5 2
+1 2
+3 2
+3 6
cob=(5)
cfi=(172) /app/src/main.c
cfn=(564) main
calls=1 -20
* 455219648
+16 2
cfi=(366) ./stdlib/./stdlib/exit.c
cfn=(1840) exit
calls=1 +63
* 1765

fl=(85) ./string/../sysdeps/x86_64/multiarch/strpbrk.c
fn=(288) strpbrk
29 1
fi=(380) ./string/../sysdeps/x86_64/multiarch/ifunc-sse4_2.h
+7 5
fe=(85)
-7 1

fl=(349) ./posix/./posix/fork.c
fn=(1788) fork
41 7
+7 1
-7 2
+7 1
-7 3
+7 2
+3 2
cfi=(350)
cfn=(1790) __run_prefork_handlers
calls=1 +63
* 26
* 1
+9 2
+14 1
cfi=(351)
cfn=(1792)
calls=1 -50
* 16
* 1
+2 2
+38 2
+13 4
cfi=(350)
cfn=(1796) __run_postfork_handlers
calls=1 +42
* 29
+2 2
+5 12

fl=(162)
fn=(524)
30 1
+1 2
-1 4
+1 4
+2 3
cob=(3)
cfi=(157)
cfn=(526) 0x0000000004875660
calls=1 -33
* 24
+4 5
+1 3
+2 4

fl=(191) ./io/../sysdeps/unix/sysv/linux/readlink.c
fn=(620) readlink
28 140
+2 560
+4 1
-4 556
+4 139

fl=(203) ./stdio-common/./stdio-common/snprintf.c
fn=(674) snprintf
26 58008
+4 4834
+1 9668
-1 24170
+1 4834
cfi=(204)
cfn=(676) __vsnprintf_internal
calls=4834 +62
* 2759891
+4 24170

fl=(209) ./stdio-common/./stdio-common/Xprintf_buffer_done.c
fn=(692) __printf_buffer_done
25 75608
+1 226824
+5 151216
+2 907296
+7 75608

fl=(233) ./stdlib/./stdlib/canonicalize.c
fn=(826) realpath@@GLIBC_2.3
426 205
fi=(235) ./stdlib/../include/scratch_buffer.h
77 41
fe=(233)
426 41
fi=(235)
77 41
fe=(233)
426 82
fi=(235)
77 41
fe=(233)
426 205
fi=(235)
77 41
+1 41
-1 41
+1 41
-1 41
+1 41
fe=(233)
195 82
+10 164
+16 41
-8 41
fi=(235)
101 41
fe=(233)
221 92
+2 10
cfi=(234)
cfn=(828)
calls=5 49
* 240
* 10
+18 72
-28 72
343 144
-88 144
-42 5
343 20
-88 872
+1 166
-1 332
+4 5475
+7 513
+2 342
+2 386
+3 54
-21 383
378 123
fi=(235)
85 369
fe=(233)
436 492
268 28
+15 278
+1 188
+2 94
+1 94
-1 188
+1 188
-1 45
+1 45
-1 90
+1 90
+9 695
cob=(3)
cfi=(157)
cfn=(830)
calls=139 0
* 2847
fi=(235)
101 278
fe=(233)
296 139
+1 139
fi=(235)
101 973
fe=(233)
305 139
-2 139
+2 695
cfi=(191)
cfn=(620)
calls=139 28
* 1390
+1 278
-72 10
cob=(3)
cfi=(157)
cfn=(688)
calls=5 0
* 80
+18 10
-18 5
+18 20
+59 1390
118 515
+4 98
+1 98
-1 98
+1 196
-1 13
+1 13
-1 13
+1 26
+2 555
+7 110
-14 52
274 495
132 45
372 668
252 278
378 82
+8 82
+1 82
+22 82
cfi=(236)
cfn=(836)
calls=41 40
* 5110
* 82
100 36
fi=(381) ./stdlib/../string/bits/string_fortified.h
-21 18
fe=(233)
+21 9
fi=(381)
-21 9
fe=(233)
+21 9
cfi=(283)
cfn=(1086)
calls=9 -72
* 297
* 18
372 27

fl=(293) ./string/../sysdeps/x86_64/multiarch/strcpy-avx2.S
fn=(1282) __strcpy_avx2
64 2648
+1 2648
+7 2648
+1 2648
+1 2648
+1 2648
+3 2514
+2 2514
+1 2514
+1 2514
+2 2514
+1 2514
+4 2514
+2 2514
+1 2514
+9 2514
+1 2514
+2 2358
+1 2358
+6 1381
+1 1381
+2 13
+1 13
+1 8
+1 16
+4 8
+1 8
-1 5
+1 5
+4 1368
+1 1368
+1 1368
+1 1368
+5 156
+1 156
+1 156
+1 156
+7 977
+2 977
+1 977
+1 977
306 148
+1 148
+2 148
+1 148
+1 148
+9 148
+1 148
+1 134
+2 134
+2 1703
+5 268

fn=(1148) __strcat_avx2
64 4506
+1 4506
+3 4506
fi=(286) ./string/../sysdeps/x86_64/multiarch/strcat-strlen-avx2.h.S
-41 4506
+1 4506
+1 4506
+1 4506
+1 4506
+1 4506
+1 4506
+2 141
+1 141
+1 141
+1 141
+1 141
+2 43
+1 43
+1 43
+1 43
+2 17
+1 17
+1 17
+1 17
+2 4
+1 4
+1 4
+1 4
+2 4
+3 2
+1 2
+1 2
+1 2
+1 2
+1 2
+1 2
+1 2
+1 2
+1 2
+2 2
+2 2
+1 2
+1 2
+1 2
+2 2
+1 2
+1 2
+1 2
+9 2
+2 2
+1 2
+1 2
-2 13
+1 13
+1 13
+4 28
+2 28
+1 28
fe=(293)
-28 28
+1 28
+1 28
+1 28
fi=(286)
+24 4463
+1 4463
fe=(293)
-28 4463
+1 4463
+1 4463
+1 4463
-3 15
+1 15
+1 15
+1 15
+5 4497
+1 4497
+1 4497
+2 4497
+1 4497
+4 4485
+2 4485
+1 4485
+9 4485
+1 4485
+2 4411
+1 4411
+6 3697
+1 3697
+2 430
+1 430
+1 430
+1 430
+4 430
+1 430
+4 3267
+1 3267
+1 3267
+1 3267
+5 74
+1 74
+1 74
+1 74
+7 714
+2 714
+1 714
+1 714
+6 12
+2 12
+1 12
+1 12
+1 12
+7 12
+1 12
+1 12
+1 12
+2 1
+1 1
+2 1
+1 1
+1 1
+1 1
+97 11
+1 11
+1 11
+5 22
+4 1
+1 1
+1 1
+4 2
+15 10
+1 10
+2 10
+1 10
+1 10
+9 10
+1 10
+1 9
+4 59
+5 18

fl=(206) ./string/../sysdeps/x86_64/multiarch/strchr-avx2.S
fn=(712) __strchr_avx2
53 41315
+2 41315
+1 41315
+1 41315
+1 41315
+1 41315
+3 41315
+1 41315
+4 41246
+1 41246
+1 41246
+1 41246
+1 41246
+1 41246
+1 41246
+1 41246
+3 41246
+8 41246
+2 7078
+2 14156
+4 34168
+1 68336
284 50
+1 100
+6 69
+2 69
+1 69
+1 69
+1 69
+1 69
+1 69
+3 69
+1 69
+1 69
+1 69
+2 69
+2 69
+1 69
+2 19
+1 38

fn=(682) __strchrnul_avx2
53 137448
+2 137448
+1 137448
+1 137448
+1 137448
+1 137448
+3 137448
+1 137448
+4 136504
+1 136504
+1 136504
+1 136504
+1 136504
+1 136504
+1 136504
+1 136463
+13 136463
+2 272926
+12 25
+1 25
+6 25
+1 50
+5 10
+1 10
+6 10
+1 20
+18 2
+1 2
+6 2
+1 4
+9 41
+4 41
+1 41
+1 41
+1 41
+1 41
+1 41
+1 41
+2 16
+1 16
+1 16
+1 16
+1 16
+1 16
+1 16
+2 6
+1 6
+1 6
+1 6
+1 6
+1 6
+1 6
+2 6
+1 6
+1 6
+1 6
+1 6
+1 6
+1 6
+2 4
+1 8
+4 4
+1 4
+3 4
+1 4
+2 4
+1 4
+2 4
+1 4
+2 4
+1 4
+2 4
+1 4
+2 4
+1 4
+2 4
+2 4
+1 4
+1 4
+1 4
+1 4
-28 2
+1 2
+3 2
+1 2
+2 2
+1 2
+2 2
+1 2
+2 2
+1 2
+2 2
+1 2
+2 2
+1 2
+2 2
+2 2
+1 2
+1 2
+1 2
+1 2
+2 4
+1 4
+1 4
+1 4
+3 2
+1 2
+1 2
+1 2
+2 2
+1 2
+3 2
+1 2
+1 2
+1 2
+6 2
+1 4
+6 2
+1 2
+6 2
+1 4
+24 944
+2 944
+1 944
+1 944
+1 944
+1 944
+1 944
+3 944
+1 944
+1 944
+1 944
+7 944
+1 1888

fl=(103) ./string/../sysdeps/x86_64/multiarch/strchr.c
fn=(330) index
65 2
-22 4
+1 2
-2 8
+2 4
+3 4
+4 6
+3 6
+11 2

fl=(173) ./signal/../sysdeps/posix/signal.c
fn=(568) signal
30 6
+4 3
-4 15
+4 12
fi=(174) ./signal/../sysdeps/unix/sysv/linux/internal-signals.h
+19 3
fe=(173)
-18 6
fi=(175) ./signal/../sysdeps/unix/sysv/linux/sigsetops.h
+67 3
fe=(173)
-61 3
+4 6
fi=(175)
+57 3
+2 3
-8 3
fe=(173)
-52 12
+1 3
cfi=(176) ./signal/./signal/sigaction.c
cfn=(574) sigaction
calls=3 -19
* 252
* 3
+3 3
-3 6
+4 15

fl=(198) ./malloc/./malloc/morecore.c
fn=(656) __glibc_morecore
25 10
+1 20
-1 20
+4 10
cfi=(199)
cfn=(658)
calls=10 +8
* 329
+1 20
+4 20

fl=(225)
fn=(760) _IO_old_init
531 18
+3 18
-2 18
+2 18
+5 18
-7 18
+2 18
+10 18
-10 18
+16 18
-11 18
-5 18
+16 18
-16 18
+21 18
-16 90
+16 36
+1 36
+2 18

fn=(764)
87 224
+1 160
+18 288
-16 18
+2 54
-2 18
+2 72
cfi=(227) ./nptl/./nptl/libc-cleanup.c
cfn=(766) __libc_cleanup_push_defer
calls=18 -68
* 234
+1 126
+10 36
cfi=(227)
cfn=(768) __libc_cleanup_pop_restore
calls=18 -49
* 162
+3 18
-11 90
+2 18
-2 18
+3 18
-3 18
+2 18
+3 72
+2 18
-2 18
+1 18
+1 90
-9 36
+1 18
+1 36

fn=(864)
343 16
+1 32
-1 112
+3 48
+1 16
fi=(243)
1025 48
+1 32
fe=(225)
347 32
cfi=(241) ./libio/./libio/filedoalloc.c
cfn=(866) _IO_file_doallocate
calls=16 78
* 4522
* 32
+3 96

fn=(1900) _IO_flush_all
686 5
+5 1
-5 1
+5 1
-5 6
+5 4
cfi=(227)
cfn=(766)
calls=1 24
* 13
+1 6
-5 1
fi=(243)
1025 2
fe=(225)
705 1
fi=(243)
1025 2
+1 2
fe=(225)
705 3
cfi=(226)
cfn=(1004)
calls=1 +27
* 135
+1 3
+2 44
+1 4
-14 12
+2 4
+1 36
+2 27
+13 7
+1 2
cfi=(227)
cfn=(768)
calls=1 54
* 9
+4 12
-20 12
-6 2
-5 2
+8 1
-3 1
+3 2

fn=(1008)
371 11
+3 4
fi=(243)
1025 1
fe=(225)
373 2
+24 1
+2 2
-20 4
+2 1
+1 2
+2 2
+2 2
+1 1
-1 1
cob=(3)
cfi=(157)
cfn=(830)
calls=1 0
* 16
* 1
+1 1
-12 1
+29 8

fn=(1224)
269 20
+1 4
-1 4
+1 12
+5 12
+3 4
173 4
278 8
+2 8
+6 8
+7 4
fi=(243)
1025 12
+1 8
fe=(225)
293 8
+1 12
-1 4
cfi=(226)
cfn=(1226)
calls=4 462
* 392
-2 12

fn=(1592) __overflow
199 400
+2 240
+1 1
+1 1
fi=(243)
1025 3
+1 2
fe=(225)
203 79
fi=(243)
1025 237
+1 158
fe=(225)
203 80
+1 160
-1 80
cfi=(226)
cfn=(1004)
calls=80 732
* 12524

fn=(1898) _IO_cleanup
842 6
-66 1
+66 6
+1 1
cfn=(1900)
calls=1 686
* 363
-67 2
+67 1
-67 3
cfi=(227)
cfn=(766)
calls=1 24
* 13
+1 6
fi=(243)
1025 1
fe=(225)
785 1
-1 1
+1 5
-1 3
+1 34
+9 9
+2 4
+4 1
-2 1
+3 1
-3 1
+2 2
+5 1
fi=(243)
1025 2
+1 2
fe=(225)
805 4
cfi=(226)
cfn=(1904)
calls=1 382
* 87
+2 3
+9 1
-2 1
+2 2
-2 2
+2 4
+1 4
-37 12
+41 7
+1 2
cfi=(227)
cfn=(768)
calls=1 54
* 9
+33 12
-78 3
+39 32
-2 1
+2 1
-31 8
+7 9
-15 1
+3 2
-3 1
+3 2

fn=(872)
329 330
+1 148
+5 60
-3 30
+3 60
-2 30
+2 60
+3 180
-7 14
cob=(3)
cfi=(157)
cfn=(780) 0x00000000048753e0
calls=14 0
* 2949
+4 28

fn=(874)
187 168
+1 56
+2 56
cob=(3)
cfi=(157)
cfn=(780)
calls=28 0
* 168
+1 28
+1 28
-1 28
+3 84

fn=(932)
601 84
+2 42
+6 42
+3 42
54 28
624 42

fn=(758) _IO_no_init
563 198
+1 18
cfn=(760)
calls=18 -33
* 450
+1 18
+1 36
+2 18
+4 18
+7 18
+2 18
-9 90
+15 18
+1 108

fn=(1906)
452 8
fi=(243)
1025 1
fe=(225)
452 1
+1 1
-1 1
fi=(243)
1025 2
+1 2
fe=(225)
453 2
cfi=(226)
cfn=(1016)
calls=1 793
* 21
* 2
+4 1
330 1
462 1
-7 2
332 1
466 1
337 1
-4 1
+4 1
467 1
-1 3
+2 6
-11 1
+1 2
-1 1
330 4

fn=(776)
53 31
+1 62
+28 31
cfn=(778) __GI__IO_un_link.part.0
calls=17 -30
* 1700

fn=(778)
52 68
+6 17
-6 34
+6 17
-6 68
+6 68
cfi=(227)
cfn=(766)
calls=17 -34
* 221
+1 119
+2 17
-1 17
+1 170
+4 34
+9 34
+2 102
+3 34
cfi=(227)
cfn=(768)
calls=17 -25
* 153
+3 153
-19 17
-2 34
+2 34
+13 51
+2 17
-2 17
+1 17
+1 85
-12 51
-7 51

fn=(904) _IO_sgetn
409 28
fi=(243)
1025 14
fe=(225)
409 42
+2 14
fi=(243)
1025 28
+1 28
fe=(225)
411 14
+1 28
-1 14
cfi=(226)
cfn=(906)
calls=14 1273
* 3515

fn=(918)
937 84
+2 28
+5 42
+2 42

fn=(1230)
164 24
+1 12
+3 12
+4 8
+1 8
+7 4
-4 4
+4 4
-2 8
+3 4
+1 16

fl=(89) ./string/../sysdeps/x86_64/multiarch/memset.c
fn=(296) memset
29 2
fi=(90) ./string/../sysdeps/x86_64/multiarch/ifunc-memset.h
+25 10
+3 6
+7 4
+9 4
+2 4
+10 4
+8 4
+3 10
fe=(89)

fl=(104) ./debug/../sysdeps/x86_64/multiarch/memset_chk.c
fn=(332) __memset_chk
29 1
fi=(105) ./debug/../sysdeps/x86_64/multiarch/ifunc-memset.h
+25 5
+3 3
+7 2
+9 2
+2 2
+10 2
+8 2
+3 5
fe=(104)

fl=(132) ./string/../sysdeps/x86_64/multiarch/stpcpy.c
fn=(410) stpcpy
33 1
fi=(118) ./string/../sysdeps/x86_64/multiarch/ifunc-strcpy.h
+5 2
+1 1
-1 2
+1 2
+3 2
+4 3
+3 3
fe=(132)
-16 1

fl=(123) ./wcsmbs/../sysdeps/x86_64/multiarch/wmemset.c
fn=(378) wmemset
31 2
fi=(124) ./wcsmbs/../sysdeps/x86_64/multiarch/ifunc-wmemset.h
+5 10
+1 6
fe=(123)
-6 2

fl=(200)
fn=(660)
36 6
fi=(382) ./misc/../sysdeps/unix/sysv/linux/brk_call.h
-12 12
fe=(200)
+13 12
+1 12
+6 6
+1 6

fl=(355) ./stdio-common/../sysdeps/posix/remove.c
fn=(1808) remove
31 6
+2 1
cfi=(261) ./io/../sysdeps/unix/sysv/linux/unlink.c
cfn=(968) unlink
calls=1 -7
* 6
* 2
+9 3

fl=(120) ./string/../sysdeps/x86_64/multiarch/strchrnul.c
fn=(370) strchrnul
31 1
fi=(84) ./string/../sysdeps/x86_64/multiarch/ifunc-avx2.h
+9 3
-2 4
fe=(120)
-7 2
fi=(84)
+10 2
+1 3
+3 2
+4 3
+3 5
fe=(120)

fl=(244)
fn=(880)
28 29
+12 116
+2 29

fl=(177) ./signal/../sysdeps/unix/sysv/linux/libc_sigaction.c
fn=(578) __libc_sigaction
43 24
+5 6
+2 3
fi=(383) ./signal/../string/bits/string_fortified.h
-21 3
fe=(177)
+29 3
fi=(383)
-29 6
fe=(177)
+21 3
+3 3
fi=(383)
-24 9
fe=(177)
+24 3
fi=(383)
-24 9
fe=(177)
+24 6
fi=(383)
-24 3
fe=(177)
+29 3
-5 3
+5 9
fi=(383)
-29 18
fe=(177)
+29 18
+5 12
+2 3
fi=(383)
-36 15
fe=(177)
+36 3
fi=(383)
-36 9
fe=(177)
+38 3
fi=(383)
-38 9
fe=(177)
+38 3
+1 3
fi=(383)
-39 3
fe=(177)
+39 3
fi=(383)
-39 12
fe=(177)
+42 18

fl=(261)
fn=(968)
26 2
+2 8
+4 2

fl=(369) ./nptl/./nptl/pthread_mutex_lock.c
fn=(1848) pthread_mutex_lock@@GLIBC_2.2.5
77 1
+3 3
+2 1
+2 2
-7 4
+11 2
+91 1
+3 1
+2 1
+3 1
-63 1
+66 3
-93 2
+11 4
+4 1
+3 2
-71 1
+1 7
+1 1
+84 3
+1 2

fl=(83) ./string/../sysdeps/x86_64/multiarch/strnlen.c
fn=(284) strnlen
31 2
fi=(84)
+9 6
-2 8
fe=(83)
-7 4
fi=(84)
+10 4
+1 6
+3 4
+4 6
+3 10
fe=(83)

fl=(218)
fn=(732)
30 4
+8 8
+2 8
+28 8
+1 8
-25 8

fl=(106) ./string/../sysdeps/x86_64/multiarch/strrchr.c
fn=(336) rindex
28 2
fi=(84)
+12 6
-2 8
fe=(106)
-10 4
fi=(84)
+13 4
+1 6
+3 4
+4 6
+3 10
fe=(106)

fl=(133) ./string/../sysdeps/x86_64/multiarch/memmove.c
fn=(414) memmove
29 2
fi=(99)
+28 6
-1 4
+4 6
+14 4
+3 4
+8 4
+8 4
+3 10
fe=(133)

fl=(195) ./malloc/./malloc/malloc.c
fn=(1232) systrim.constprop.0
2957 66
+9 33
+2 11
+1 22
+5 11
+1 11
-1 22
+4 55
+2 22
-10 9
+50 66
-33 4
cfi=(198)
cfn=(656)
calls=2 25
* 66
* 2
+1 8
+12 6
cfi=(198)
cfn=(656)
calls=2 25
* 102
+1 4
cfi=(198)
cfn=(656)
calls=2 25
* 66
+2 2
+2 4
+4 4
+4 4
-1 2
+1 4
+2 4

fn=(662) alloc_perturb
1985 120
+2 40

fn=(782) free
3359 98
+4 196
-4 210
+14 70
-14 210
+12 70
+4 70
-4 70
+4 140
+17 210
fi=(196) ./malloc/./malloc/arena.c
153 210
fe=(195)
3398 210
cfn=(786) _int_free
calls=70 4495
* 5511
+3 70
+1 448

fn=(1340) sysmalloc_mmap.isra.0
2400 35
+13 21
-13 7
+18 14
+3 63
cfi=(315)
cfn=(1342)
calls=7 47
* 182
* 7
+3 14
+4 14
2008 28
2432 28
cfi=(316)
cfn=(1344)
calls=7 33
* 185
+16 21
+19 7
-1 7
+5 7
-4 14
+4 14
+1 35
+3 21
+1 35
+5 49

fn=(1442) _int_realloc
4914 40
+11 20
+1 25
+1 20
+6 10
+2 10
+1 15
+2 20
+3 10
+14 5
+53 10
-53 10
+57 5
-57 5
+57 10
-2 10
+2 10
+1 5
+16 5
+1 45

fn=(642) malloc
3294 752
+7 188
1326 186
+19 464
3311 176
+2 376
+3 186
+10 80
+28 240
3248 4
cfn=(652) tcache_init.part.0
calls=1 -6
* 473
+68 2
+2 195
3178 108
+4 108
+4 54
+4 54
-4 162
+4 54
+1 54
3354 324
-26 160
cfn=(654) _int_malloc
calls=40 3846
* 6776
+1 200
fi=(196)
153 66
264 1
cfn=(646) ptmalloc_init.part.0
calls=1 -2
* 1151
fe=(195)
1326 2

fn=(654)
3846 451
1326 82
+19 243
3887 76
1794 38
3914 76
+65 12
-63 24
+3 6
+2 12
+56 64
+62 439
+1 87
+20 41
-1 41
-1 41
+1 82
+1 82
-2 80
+12 205
-1 2
+4 2
+1 1
+2 2
+1 3
+2 1
+1 4
+2 4
-10 1
+12 2
+1 2
+2 2
+11 4
+29 1
+1 1
+4 2
+29 2
+8 13
+1 1
+1 1
-1 1
+4 2
3887 6
+27 6
+66 12
+2 12
-2 12
+2 24
-68 9
1345 3
3919 6
+2 6
+9 27
4487 492
4221 2
+9 1
-9 2
+9 1
-9 3
+1 1
+1 1
+1 1
+1 1
+6 2
4070 3
4246 2
+11 123
+2 87
+3 29
-3 29
+3 58
+1 41
+71 123
-4 41
+1 41
+1 41
-1 41
+1 41
+1 82
+1 123
+5 164
+16 3
+2 6
-4 8
+8 1
+3 2
4240 4
4099 2
4218 1
-48 1
+48 3
4343 123
+3 48
-3 36
+3 48
-3 36
+3 44
-3 20
4443 40
+1 80
+2 80
+3 120
+17 40
4070 3
-91 18
4343 1
+5 4
+1 2
+24 4
+3 2
+2 1
+3 2
-3 2
+3 1
cfn=(1780) unlink_chunk.isra.0
calls=1 1608
* 33
+3 4
+15 2
-5 1
+5 2
+1 2
+3 1
+1 1
+1 1
+3 2
+1 1
+1 2
+2 2
+3 8
+2 3
+1 1
1985 1
4421 1
1985 2
2552 10
+12 10
-12 50
+12 10
+1 21
+3 28
+8 35
cfn=(1340)
calls=7 2400
* 808
* 7
+1 14
4482 14
-22 120
cfn=(662)
calls=40 1985
* 160
+1 40
-9 60
+2 60
-1 30
+1 30
-3 30
+3 30
+2 30
-2 120
+2 30
+3 60
2553 3
+36 9
+1 3
-1 3
+1 3
+9 24
+6 6
+3 9
2921 9
+1 3
+4 3
+4 15
+5 3
-2 3
+5 3
-3 6
-3 3
+2 3
+1 3
+1 3
-1 9
+1 3
4482 3
2669 9
+8 6
+1 9
+13 3
+2 3
-2 6
+8 15
+8 6
+48 4
+40 3
+19 2
+3 2
+1 6
+2 1
+1 5
cfi=(198)
cfn=(656)
calls=1 25
* 33
+12 4
-12 1
+12 1
2008 4
3882 1
2873 1
+3 1
-1 1
+1 4
+12 1
-11 1
+11 2
2783 1
-1 2
2017 2
2745 1
+1 1
+6 3
-6 1
+6 3
-6 2
+6 6
-6 2
+6 10
+1 12
-44 9
cfi=(198)
cfn=(656)
calls=3 25
* 162
+1 6
-1 3
+1 3
2008 3
2711 3
2008 9
2712 3
+3 6
+29 17

fn=(786)
4495 490
+4 210
+6 280
+1 140
+4 350
+8 280
-1 140
+1 140
+29 56
-20 56
-6 56
+6 112
+20 224
1792 14
4561 28
+97 336
-21 28
+3 28
+18 14
-12 14
+12 56
-12 14
cfn=(924) _int_free_merge_chunk
calls=14 +19
* 1885
3163 56
+4 56
-4 56
+2 224
+1 56
+1 56
4550 56

fn=(926) _int_free_maybe_consolidate
4770 154
+6 28
+22 33
-20 52
+3 39
+3 65
+1 44
+13 77
-13 11
cfn=(1232)
calls=11 2957
* 610

fn=(652)
3242 4
+9 8
+1 3
cfn=(654)
calls=1 3846
* 359
+1 2
+8 4
+9 1
fi=(201) ./malloc/../string/bits/string_fortified.h
59 2
fe=(195)
3270 1
fi=(201)
59 86
fe=(195)
3274 3

fn=(1780)
1608 1
+2 3
-2 1
+2 2
+3 1
+1 2
+2 4
-3 1
+6 1
+1 1
+1 5
+2 2
+1 3
+3 2
+14 1
+1 1
+3 2

fn=(924)
4665 70
+1 14
-1 42
+5 84
+3 28
+5 42
+3 28
+1 28
+1 28
1992 42
4689 28
+25 28
+6 2
+4 1
+9 1
-1 1
+1 3
+1 2
+2 1
+2 2
+5 1
+1 1
+2 3
+1 1
-45 1
-1 2
+1 6
-1 1
cfn=(926)
calls=1 +69
* 24
+1 13
-1 26
+1 78
-1 13
cfn=(926)
calls=13 +69
* 1089
+39 3
+16 13
+1 39
+1 26
-83 42
-2 28

fn=(708) realloc
3407 154
+6 28
+4 28
3538 6
3425 6
3538 36
3425 6
cfn=(642)
calls=6 3294
* 826
-1 28
5241 8
3433 8
5242 24
-1 16
+2 16
3489 3
+49 72
5244 8
3441 16
+2 8
+1 16
+12 15
fi=(196)
153 15
fe=(195)
3464 20
+1 10
1326 10
+19 30
3475 10
+31 10
+2 30
cfn=(1442)
calls=5 4914
* 290
* 5
+1 25
fi=(196)
153 20
fe=(195)
3509 10

fl=(169)
fn=(558)
28 1
+2 1
+2 1
cfi=(170) ./setjmp/../sysdeps/x86_64/setjmp.S
cfn=(560) __sigsetjmp
calls=1 -1
* 35

fl=(361) ./nptl/./nptl/alloca_cutoff.c
fn=(1822) __libc_alloca_cutoff
27 1
+1 9
+7 1

fl=(205) ./stdio-common/./stdio-common/vfprintf-internal.c
fn=(678) __printf_buffer
600 907296
fi=(356) ./stdio-common/./stdio-common/printf-parse.h
82 75608
fe=(205)
600 151216
fi=(356)
82 75608
fe=(205)
600 75608
+27 226824
+11 75608
-11 75608
+11 75608
-11 75608
+11 151216
fi=(356)
82 75608
cob=(3)
cfi=(157)
cfn=(680) 0x0000000004875590
calls=75608 -82
* 1591265
fe=(205)
653 151216
+1 75608
fi=(356)
82 151216
fe=(205)
654 75608
-1 75608
cfi=(207) ./stdio-common/./stdio-common/Xprintf_buffer_write.c
cfn=(684) __printf_buffer_write
calls=75608 27
* 4289889
+2 226824
+4 151216
+4 337800
-32 42225
973 42225
642 42225
973 84450
634 42225
+71 247360
1044 831688
705 123680
-13 61840
+7 61840
+6 123680
-14 61840
-4 61840
+18 61840
-10 61840
+10 61840
-7 61840
-4 61840
+11 123680
-19 61840
-1 61840
+20 61840
-12 61840
-9 61840
-1 61840
+22 61840
-15 123680
891 2
+82 2
+3 34
+20 11
+1 1
263 1
+1 1
997 1
744 1
264 2
744 1
263 2
1024 61840
fi=(356)
82 61840
fe=(205)
1018 61840
fi=(356)
82 123680
cob=(3)
cfi=(157)
cfn=(680)
calls=61840 -82
* 1298704
fe=(205)
1028 123680
+1 61840
fi=(356)
82 61840
fe=(205)
1029 61840
-1 61840
cfi=(207)
cfn=(684)
calls=61840 27
* 2631136
+3 182525
fi=(208) ./stdio-common/./stdio-common/vfprintf-process-arg.c
501 210772
cfi=(207)
cfn=(684)
calls=52693 27
* 3321888
+1 52693
-11 52693
-88 421519
+19 105376
-14 105376
-5 5
+19 10
-14 10
+47 158079
+6 252
fi=(314)
163 168
+1 876
fi=(208)
378 1752
+2 876
fi=(314)
163 876
fi=(208)
380 876
fi=(314)
163 5256
fi=(208)
388 6132
-1 876
fi=(314)
148 2628
+1 1314
+14 2628
fe=(205)
709 36
814 36
-1 36
+1 72
+26 3
+15 468
fi=(208)
422 210772
+8 105386
+3 105
cob=(3)
cfi=(157)
cfn=(954) 0x0000000004875400
calls=35 0
* 700
* 70
fe=(205)
761 38
fi=(314)
148 114
+1 152
fi=(208)
-13 16464
+19 107016
cfi=(318) ./stdio-common/./stdio-common/_itoa.c
cfn=(1354) _itoa_word
calls=8232 +14
* 348992
+11 16464
-11 16464
+11 32928
-5 65856
+25 40044
+1 558
+14 1116
-4 1674
+4 15348
-4 23022
+2 24696
+2 16464
+7 8232
-2 16464
+2 24696
+3 16464
+13 16464
fi=(314)
-61 16464
fi=(208)
+70 16464
+3 16464
136 8232
+2 18444
fe=(205)
878 17820
-1 1980
+1 13860
-2 5940
-5 17820
-1 1980
+1 15840
fi=(208)
67 8232
-18 8232
-1 16464
+1 13860
201 5940
58 3960
201 18756
58 12504
-23 8232
+22 16464
161 8232
+9 16464
+17 8232
+8 8232
-8 8232
+12 8232
-12 8232
+8 32928
-8 46044
+53 32928
cfi=(207)
cfn=(684)
calls=8232 27
* 525065
* 8232
fe=(205)
+26 1
cfi=(357) ./stdio-common/./stdio-common/printf_fp.c
cfn=(1812) __printf_fp_l_buffer
calls=1 1099
* 714
1001 1
fi=(314)
163 16464
fi=(208)
403 20
50 12504
+2 12504
+1 50016
fe=(205)
819 35
-1 35
+1 105
+15 241
+3 68
+18 34
-37 34
+19 138
+18 1
-37 1
+19 4
fi=(208)
435 105316
cob=(3)
cfi=(157)
cfn=(688)
calls=52658 0
* 850196
* 105316
fe=(205)
834 4
fi=(356)
55 1
+10 2
-10 5
fi=(314)
+96 1314
cfi=(346) ./stdio-common/./stdio-common/Xprintf_buffer_putc_1.c
cfn=(1756) __printf_buffer_putc_1
calls=438 23
* 29346
* 438
fe=(205)

fl=(246) ./libio/./libio/ioftell.c
fn=(890) ftell
34 98
+3 126
+1 70
cfi=(240)
cfn=(860)
calls=14 -5
* 963
+1 14
fi=(243)
979 28
fe=(246)
39 28
fi=(243)
980 112
fe=(246)
45 28
+12 70
fi=(243)
979 42
fe=(246)
37 42

fl=(339) ./libio/./libio/fputc.c
fn=(1590) fputc
32 2946690
+3 654820
+1 2291630
+5 1964060
-5 160
+5 320
-5 80
cfi=(225)
cfn=(1592)
calls=80 199
* 13965

fl=(268) ./termios/../sysdeps/unix/sysv/linux/tcgetattr.c
fn=(990) tcgetattr
34 6
+4 2
-4 10
+4 10
+39 12
-39 10

fl=(193) ./string/../sysdeps/x86_64/multiarch/strlen-avx2.S
fn=(956) __strnlen_avx2
52 35
+7 35
+2 35
+2 35
+2 35
+1 35
+1 35
+3 35
+2 35
+1 35
+3 35
+1 35
+3 35
+1 35
+26 35
+1 35
+5 70

fn=(628) __strlen_avx2
52 274139
+13 274139
+1 274139
+1 274139
+3 274139
+2 274139
+1 274139
+3 272773
+1 272773
+8 272773
+1 272773
+1 271951
+5 543902
+26 482
+13 482
+1 482
+1 482
+6 964
+4 250
+13 250
+1 250
+1 250
+6 500
+4 233
+13 233
+1 233
+1 233
+6 466
+4 15
+13 15
+1 15
+1 15
+6 30
+7 822
+15 822
+6 822
+1 822
+1 822
-8 195
+6 195
+1 195
+1 195
+2 535
+1 535
+1 535
+1 535
+2 285
+1 285
+1 285
+1 285
+2 52
+1 52
+1 52
+1 52
+18 37
+1 74
+14 37
+1 37
+1 37
+1 37
+2 37
+1 37
+1 37
+2 37
+1 37
+1 37
-11 59
+1 59
+1 59
+1 59
+2 59
+1 59
+1 59
+2 59
+1 59
+1 59
+3 37
+1 37
+1 37
+1 37
+1 37
+2 28
+1 28
+1 28
+1 28
+3 19
+1 19
+3 19
+1 19
+1 19
+1 19
+1 19
+5 38
+50 9
+1 9
+1 9
+5 18
+4 9
+1 9
+1 9
+5 18
511 1366
+1 1366
+1 1366
+3 1366
+15 1366
+1 1366
+1 1171
+7 2342

fl=(204)
fn=(676)
93 24170
fi=(384) ./libio/../include/printf_buffer.h
+31 4834
fe=(204)
-31 9668
fi=(384)
+31 4834
fe=(204)
-31 29004
fi=(384)
+44 4834
-13 4834
+13 4834
-10 4834
+1 4834
fe=(204)
-65 9668
+3 4834
+30 14502
cfi=(205)
cfn=(678)
calls=4834 600
* 2484353
-21 14502
+1 4834
+11 9668
cfi=(209)
cfn=(692)
calls=4834 -62
* 91846
+11 29004

fn=(994) vsnprintf
102 193242
fi=(384)
+22 64414
fe=(204)
-22 64414
fi=(384)
+22 64414
fe=(204)
-22 450898
fi=(384)
+35 64414
-13 64414
+13 64414
-10 64414
+1 64414
fe=(204)
-65 128828
+3 32208
+30 128832
cfi=(205)
cfn=(678)
calls=32208 600
* 9049627
* 128824
cfi=(205)
cfn=(678)
calls=32206 600
* 10732109
-21 193242
+1 64414
+11 128828
cfi=(209)
cfn=(692)
calls=64414 -62
* 1223866
+17 386484

fn=(1368)
35 32246
+2 128984
+2 161230
+4 96618
+7 64412
+3 32206
+2 32206
-2 40
+2 40

fl=(224) ./libio/./libio/iofopen.c
fn=(754) fopen@@GLIBC_2.2.5
85 119
-20 17
+20 34
-20 17
cob=(3)
cfi=(157)
cfn=(756)
calls=17 -65
* 1083
+2 51
+3 17
+2 34
-2 17
+2 85
cfi=(225)
cfn=(758)
calls=17 563
* 952
+1 17
+1 17
-1 17
+1 17
cfi=(226)
cfn=(762)
calls=17 +32
* 1734
+1 85
cfi=(226)
cfn=(770)
calls=17 213
* 3626
* 34
-38 28
+50 98
-9 6
cfi=(225)
cfn=(776)
calls=3 -25
* 312
+1 6
cob=(3)
cfi=(157)
cfn=(780)
calls=3 -79
* 261
-11 3
+19 21

fl=(241)
fn=(866)
78 176
+6 64
fi=(243)
1025 48
+1 32
fe=(241)
84 48
cfi=(226)
cfn=(868)
calls=16 1147
* 144
* 32
+2 64
+11 64
+4 32
cob=(3)
cfi=(157)
cfn=(756)
calls=16 0
* 3082
* 16
+1 32
+2 64
cfi=(225)
cfn=(872)
calls=16 329
* 464
+1 16
+1 144

fl=(262) ./libio/./libio/iofdopen.c
fn=(970) fdopen@@GLIBC_2.2.5
35 10
+18 5
+35 4
cfi=(263) ./io/../sysdeps/unix/sysv/linux/fcntl64.c
cfn=(972) fcntl
calls=1 -50
* 41
+1 2
+3 3
-41 1
+64 2
+7 2
cob=(3)
cfi=(157)
cfn=(756)
calls=1 0
* 47
* 1
+1 2
+3 2
+2 7
cfi=(225)
cfn=(758)
calls=1 563
* 56
+8 1
-2 1
+5 2
cfi=(226)
cfn=(762)
calls=1 -33
* 102
+9 1
-3 1
+3 2
+6 1
-6 1
+6 1
+8 9
-92 1
-17 4
+17 3
+5 4
+18 2
+35 3

fl=(92) ./debug/../sysdeps/x86_64/multiarch/mempcpy_chk.c
fn=(304) __mempcpy_chk
29 1
fi=(93)
+28 3
-1 2
+4 3
+14 2
+3 2
+8 2
+8 2
+3 5
fe=(92)

fl=(263)
fn=(972)
38 8
+4 5
+6 4
+3 1
cfi=(264) ./io/../sysdeps/unix/sysv/linux/fcntl_nocancel.c
cfn=(974) __fcntl64_nocancel_adjusted
calls=1 *
* 18
+1 5

fl=(107) ./wcsmbs/../sysdeps/x86_64/multiarch/wcscmp.c
fn=(340) wcscmp
30 1
fi=(101) ./wcsmbs/../sysdeps/x86_64/multiarch/ifunc-avx2.h
+10 3
-2 4
fe=(107)
-8 2
fi=(101)
+11 2
+1 3
+3 2
+4 3
+3 5
fe=(107)

fl=(141) ./string/../sysdeps/x86_64/multiarch/strncat.c
fn=(440) strncat
29 1
fi=(109) ./string/../sysdeps/x86_64/multiarch/ifunc-strncpy.h
+6 5
+1 3
+3 2
+4 3
+3 4
fe=(141)
-17 1

fl=(143) ./wcsmbs/../sysdeps/x86_64/multiarch/wcsncmp.c
fn=(446) wcsncmp
32 1
fi=(101)
+8 3
-2 4
fe=(143)
-6 2
fi=(101)
+9 2
+1 3
+3 2
+4 3
+3 5
fe=(143)

fl=(211) ./stdlib/./stdlib/getenv.c
fn=(700) getenv
24 18
+1 16
+3 2
cob=(3)
cfi=(157)
cfn=(688)
calls=2 -28
* 32
+1 2
-1 2
+1 332
+2 164
+6 18

fl=(285) ./string/../sysdeps/x86_64/multiarch/strncat-avx2.S
fn=(1108) __strncat_avx2
53 67
+8 67
+7 67
+1 67
+2 67
fi=(286)
-44 67
+1 67
+1 67
+1 67
+1 67
+1 67
+1 67
+66 67
+1 67
fe=(285)
-25 67
+1 67
+1 67
+1 67
+2 67
+1 67
+1 67
+2 67
+1 67
+1 67
+10 67
+2 67
+1 67
+1 67
+1 67
+8 67
+1 67
+2 57
+1 57
+1 57
+4 1
+1 1
+4 1
+1 1
+1 1
-2 56
+1 56
+1 56
+4 10
+1 10
+1 10
+1 10
+1 10

fl=(125) ./string/../sysdeps/x86_64/multiarch/strcpy.c
fn=(382) strcpy
29 2
fi=(118)
+9 4
+1 2
-1 4
+1 4
+3 4
+4 6
+3 6
fe=(125)
-20 2

fl=(227)
fn=(766)
24 37
+1 37
+2 74
+2 74
+3 74
+14 111
+2 37
+1 37

fn=(768)
54 37
+1 37
+2 74
+2 37
+1 111
+11 37

fl=(250) ./libio/./libio/iofclose.c
fn=(914) fclose@@GLIBC_2.2.5
34 112
+14 42
+9 14
fi=(243)
1025 42
+1 28
fe=(250)
57 42
cfi=(226)
cfn=(930)
calls=14 168
* 476
+1 42
+13 28
fi=(243)
951 56
+1 56
+6 28
cob=(3)
cfi=(157)
cfn=(780)
calls=14 0
* 1218
fe=(250)
76 98
-27 14
cfi=(225)
cfn=(776)
calls=14 +4
* 1456
+2 112
+1 28
+1 28
cfi=(226)
cfn=(916)
calls=14 +75
* 4703
fi=(243)
979 14
fe=(250)
53 14
fi=(243)
979 42
+1 126
fe=(250)
51 70

fl=(258)
fn=(952)
37 89040
+8 12720
+2 1
+5 2
+10 1
fi=(384)
+64 1
fe=(258)
-64 1
fi=(384)
+65 1
+1 1
-4 1
fe=(258)
-62 1
cfi=(205)
cfn=(678)
calls=1 600
* 632
+4 3
+2 6360
+2 12720
cfi=(209)
cfn=(692)
calls=6360 -45
* 120840
+1 38160
-9 6359
fi=(384)
+64 6359
fe=(258)
-64 6359
fi=(384)
+65 6359
+1 6359
-4 6359
fe=(258)
-62 6359
cfi=(205)
cfn=(678)
calls=6359 600
* 2250375
+6 12720

fl=(254) ./stdio-common/../sysdeps/unix/sysv/linux/gentempfd.c
fn=(944) __gen_tempfd
26 1
+1 6
cfi=(228)
cfn=(774)
calls=1 +3
* 47

fl=(264)
fn=(974)
51 7
+1 2
+11 4
+1 5

fl=(301) ./stdlib/../stdlib/strtol.c
fn=(1206) strtoul
116 631
+1 3155
cfi=(302)
cfn=(1208)
calls=631 238
* 74423

fl=(346)
fn=(1756)
23 438
+1 1314
-1 2628
+2 438
cfi=(320)
cfn=(1364)
calls=438 +36
* 19272
* 876
+2 1314
+1 1314
+1 1752

fl=(167)
fn=(540) __new_exitfn
80 1
+6 2
-6 4
+11 2
-10 1
+10 4
+2 4
-2 1
+10 1
-10 3
+45 1
+5 3
-4 1
+4 2
-18 1
-1 1
+12 1

fn=(538)
67 7
-26 2
+2 8
+1 2
cfn=(540)
calls=1 +36
* 33
+2 2
+8 1
-2 1
+3 1
+1 1
-4 2
+1 1
+4 4
+1 1
+11 6

fl=(86) ./string/../sysdeps/x86_64/multiarch/strcmp.c
fn=(290) strcmp
79 2
-31 4
+1 2
-2 8
+2 4
+3 4
+4 6
+3 6
+20 2

fl=(116) ./wcsmbs/../sysdeps/x86_64/multiarch/wcscpy.c
fn=(360) wcscpy
60 1
-17 2
-1 4
+2 3
+2 2
+4 3
+10 1

fl=(136) ./string/../sysdeps/x86_64/multiarch/strspn.c
fn=(422) strspn
29 1
fi=(380)
+7 5
fe=(136)
-7 1

fl=(311)
fn=(1314)
43 380
+3 76
+3 76
+7 57
cob=(3)
cfi=(157)
cfn=(960)
calls=19 -56
* 470
* 19
+1 38
+7 57
cob=(3)
cfi=(157)
cfn=(1316) 0x00000000048755e0
calls=19 -64
* 660
* 19
+1 38
-6 19
+16 133
-23 19
+7 19
+16 133
-28 38

fl=(196)
fn=(646)
262 1
fi=(197) ./malloc/../sysdeps/unix/sysv/linux/not-cancel.h
97 3
fe=(196)
262 7
+5 1
fi=(197)
97 3
fi=(195)
3143 2
fe=(196)
292 2
+4 3
fi=(195)
1946 4
+3 1
-3 1
+3 2
-3 2
+3 126
-3 126
+3 252
-3 252
+11 1
fe=(196)
300 3
fi=(195)
1958 1
+2 1
fe=(196)
300 1
cob=(3)
cfi=(157)
cfn=(488)
calls=1 0
* 25
+1 4
cob=(3)
cfi=(157)
cfn=(488)
calls=1 0
* 26
+1 4
cob=(3)
cfi=(157)
cfn=(488)
calls=1 0
* 25
+1 4
cob=(3)
cfi=(157)
cfn=(488)
calls=1 0
* 25
+1 4
cob=(3)
cfi=(157)
cfn=(488)
calls=1 0
* 26
+1 4
cob=(3)
cfi=(157)
cfn=(488)
calls=1 0
* 25
+1 4
cob=(3)
cfi=(157)
cfn=(488)
calls=1 0
* 25
+2 4
cob=(3)
cfi=(157)
cfn=(488)
calls=1 0
* 25
+1 4
cob=(3)
cfi=(157)
cfn=(488)
calls=1 0
* 25
+1 4
cob=(3)
cfi=(157)
cfn=(488)
calls=1 0
* 25
+3 4
cob=(3)
cfi=(157)
cfn=(488)
calls=1 0
* 25
+1 4
cob=(3)
cfi=(157)
cfn=(488)
calls=1 0
* 25
+2 2
+10 8

fl=(207)
fn=(684)
27 198374
+1 595122
-1 1388618
+4 686278
+2 289530
+3 144805
fi=(385) ./stdio-common/../string/bits/string_fortified.h
-7 144805
fe=(207)
+8 289610
fi=(385)
-8 144805
fe=(207)
+12 144805
fi=(385)
-12 144805
cob=(3)
cfi=(157)
cfn=(690)
calls=144805 -29
* 2593976
fe=(207)
+11 434415
-9 289610
+2 498031
cfi=(320)
cfn=(1364)
calls=31808 +28
* 1399352
* 63616
+2 127232
+9 1190244

fl=(127) ./string/../sysdeps/x86_64/multiarch/strlen.c
fn=(394) strlen
29 2
fi=(84)
+11 6
-2 8
fe=(127)
-9 4
fi=(84)
+12 4
+1 6
+3 4
+4 6
+3 10
fe=(127)

fl=(215) ./string/../sysdeps/x86_64/multiarch/strstr-sse2-unaligned.S
fn=(722) __strstr_sse2_unaligned
22 153351
+1 153351
+1 153351
+1 153351
+1 153351
+1 153351
+1 153351
+1 52382
+1 52382
+1 52382
+1 52382
+1 52382
+1 52382
+1 52382
+1 52382
+1 52382
+1 52382
+1 52382
+1 52382
+1 51629
+1 51629
+1 51629
+1 51629
+1 51629
+1 51629
+1 51629
+1 51629
+1 51629
+1 51629
+1 51629
+1 51629
+1 51629
+1 51629
+1 51629
+1 51629
+1 51629
+1 51629
+1 51629
+1 51629
+1 51629
+1 51629
+2 48092
+1 48092
+1 48092
+1 48092
+1 7467
+1 7467
+1 7467
+1 7012
+1 7012
+1 7012
+1 7012
+4 100969
+1 100969
cfi=(324)
cfn=(1390)
calls=100969 -47
* 2862961
+4 8638
+1 8638
+1 8638
+2 14327
+1 14327
+1 14327
+2 6144
+2 40625
+1 40625
+4 1323
+1 1323
+1 1330
+4 7
+1 7
+1 7
+1 7
+1 7
+1 7
+1 7
+1 7
+1 7
+1 7
+1 7
+1 7
+1 7
+1 7
+1 7
+1 7
+1 7
+1 7
+1 7
+1 7
+1 7
+1 7
+1 7
-22 4853
+1 4853
+1 4853
+1 4853
+1 4853
+1 4853
+1 4853
+1 4853
+1 4853
+1 4853
+1 4853
+1 4853
+1 4853
+1 4853
+1 4853
+1 4853
+1 4853
+1 4853
+1 4853
+1 4853
+1 4853
+1 4853
+1 4853
+2 2304
+1 2304
+1 2304
+1 2304
+1 918
+1 918
+1 918
+1 918
+1 918
+1 918
+1 918
+4 2100
+1 2100
+1 2100
+2 3018
+1 3018
+1 3018
+2 918
+2 1386
+1 1386
+11 2759
+1 2759
+2 2759
+1 5518
+4 2759
+1 2759
+1 2759
+1 2759
+1 2759
+1 2759
+1 2759
+1 2759
+1 2759
+1 2759
+1 2759
+1 2759
+1 2759
+1 2759
+1 2759
+1 2759
+1 2759
+1 2759
+1 2759
+1 2759
+1 2759
+1 2759
+1 2759
+1 2759
+1 2759
+1 2759
+1 2759
+1 2759
+1 2759
+1 2759
+1 2759
+1 2759
+1 2759
-32 782
+1 782
+1 782
+1 782
+1 782
+1 782
+1 782
+1 782
+1 782
+1 782
+1 782
+1 782
+1 782
+1 782
+1 782
+1 782
+1 782
+1 782
+1 782
+1 782
+1 782
+1 782
+1 782
+1 782
+1 782
+1 782
+1 782
+1 782
+1 782
+1 782
+1 782
+1 782
+1 782
+1 2759
+1 2759
+1 2759
+1 2759
+1 2759
+1 2759
+1 2759
+1 2759
+1 2759
+1 2759
+1 2759
+1 2759
+1 2759
+1 2759
+1 2759
+1 2759
+1 2759
+1 2759
+1 2759
+1 2759
+1 2759
+1 2759
+1 2759
+1 2759
+1 2759
+2 2759
+1 2759
+1 2759
+1 2759
+1 44
+1 44
+1 44
+1 44
+1 44
+1 44
+1 44
+4 440
+1 440
+1 440
+2 484
+1 484
+1 484
+2 44
+1 44
+22 753
+1 753
+1 753
+1 753
+1 753
+1 753
+1 753
+1 753
+1 753
+1 753
+1 753
+1 753
+1 753
+1 753
+1 753
+1 753
+1 753
+1 753
+1 753
+1 753
+1 753
+1 753
+1 753
+1 753
+1 753
+1 753
+1 753
+1 753
+1 753
+1 753
+1 753
+1 753
+1 753
+1 753
+1 753
+1 753
+1 753
+1 753
+1 753
+1 753
+1 753
+1 753
+1 753
+1 753
+1 753
+1 753
+1 753
+1 753
+1 753
+1 753
+1 753
+2 590
+1 590
+1 590
+1 590
+2 172
+1 172
+2 154
+1 154
+1 154
+1 148
+1 148
+1 148
+1 148
+4 166
+1 166
+1 166
+2 292
+1 292
+1 292
+2 132
+1 132
+4 40
+1 40
+1 40
+1 3
+9 3133
+1 3133

fl=(94) ./debug/../sysdeps/x86_64/multiarch/memcpy_chk.c
fn=(308) __memcpy_chk
29 2
fi=(93)
+28 6
-1 4
+4 6
+14 4
+3 4
+8 4
+8 4
+3 10
fe=(94)

fl=(239) ./libio/./libio/fseek.c
fn=(858) fseek
32 154
+3 126
+1 70
cfi=(240)
cfn=(860)
calls=14 -3
* 7134
* 56
fi=(243)
979 28
+1 112
fe=(239)
39 98
-4 42

fl=(171) ./setjmp/./setjmp/sigjmp.c
fn=(562) __sigjmp_save
28 6
+2 2
-1 1
+5 4

fl=(280) ./ctype/../include/ctype.h
fn=(1066) __ctype_b_loc
40 487229
+1 974458
+1 487229

fl=(360) ./stdlib/../sysdeps/x86_64/lshift.S
fn=(1820) __mpn_lshift
28 1
+1 1
+1 1
+2 1
+1 1
+1 1
+12 1
+1 1
+1 1
+1 1
+1 1
+1 1
+1 1
+6 1
+1 1
+1 1

fl=(245)
fn=(884)
25 22
+1 132
+1 22

fl=(318)
fn=(1354)
169 8232
+3 32928
+2 16464
+9 274904
+9 16464

fl=(366)
fn=(1840)
137 2
+1 3
-1 1
+1 1
cfn=(1842) __run_exit_handlers
calls=1 38
* 1758

fn=(1842)
38 12
+2 2
+3 5
+11 2
+2 2
+38 2
-30 6
+2 1
+1 1
-1 1
+3 7
+44 3
+13 1
-66 1
+66 3
+2 2
+3 2
cfi=(374) ./posix/../sysdeps/unix/sysv/linux/_exit.c
cfn=(1908) _Exit
calls=1 27
* 4
-29 1
+1 1
-2 1
+3 1
+3 1
-3 2
+3 3
+1 3
cob=(1) /usr/lib/x86_64-linux-gnu/ld-linux-x86-64.so.2
cfi=(368) ./elf/./elf/dl-fini.c
cfn=(1846) _dl_fini
calls=1 -82
* 981
+1 4
+10 3
+1 2
-79 1
cfi=(367) ./stdlib/./stdlib/cxa_thread_atexit_impl.c
cfn=(1844) __call_tls_dtors
calls=1 148
* 13
* 1
+88 1
cfi=(225)
cfn=(1898)
calls=1 842
* 681
* 1

fl=(100) ./wcsmbs/../sysdeps/x86_64/multiarch/wcscat.c
fn=(324) wcschr
31 2
fi=(101)
+9 6
-2 8
fi=(102) ./wcsmbs/../sysdeps/x86_64/multiarch/wcschr.c
-7 4
fi=(101)
+10 4
+1 6
+3 4
+4 6
+3 10
fe=(100)

fn=(390) wcscat
31 1
fi=(97)
+9 3
-1 4
+2 3
+3 2
+4 4
fe=(100)
-17 1

fl=(108) ./string/../sysdeps/x86_64/multiarch/stpncpy.c
fn=(344) stpncpy
31 1
fi=(109)
+4 5
+1 3
+3 2
+4 3
+3 4
fe=(108)
-15 1

fl=(182) ./string/../sysdeps/x86_64/multiarch/strcmp-avx2.S
fn=(1642) __strcasecmp_avx2
193 6
+1 6
+1 12
+11 6
+9 6
+2 6
+1 6
+1 6
+30 6
+21 6
+1 6
+1 6
+2 6
+1 6
+1 6
+2 6
+1 6
+4 6
+4 60
+2 6
+2 6
+3 6
+9 6
+1 6
+4 6
+10 6
+1 6
+1 6
+1 6
+1 6
+4 12
953 6
+1 6
+3 6
+1 6
+1 6
+1 6
+2 6
+3 6
+1 6
1076 6
+1 6

fn=(594) __strcmp_avx2
206 3852091
+43 3852091
+25 3852091
+1 3852091
+1 3852091
+2 3852091
+1 3852091
+4 3721398
+4 3721398
+2 3721398
+2 3721398
+3 3721398
+9 3721398
+1 3721398
+4 3721398
+10 3721398
+1 3721398
+3 3721398
+4 7442796
511 1
+1 1
+1 1
+11 1
+1 1
+1 2
+12 1
+1 1
+3 1
+1 1
+4 1
+1 1
+1 1
+1 1
+3 1
+1 1
+1 1
+1 1
+4 1
+3 1
+1 1
+1 1
+2 1
+1 1
+3 1
+3 1
+1 1
+1 1
+1 1
+3 1
+1 1
+1 1
+1 1
+69 1
+16 1
+1 1
+3 1
+1 1
+1 1
+3 2
953 861418
+1 861418
+3 666054
+1 666054
+1 666054
+1 666054
+2 666054
+3 666054
+1 666054
+4 318919
+1 318919
+9 62309
+4 62309
+1 113906
+8 51597
+1 51597
+1 51597
+1 51597
+1 51597
+1 51597
+2 51597
-7 58358
+1 58358
+1 58358
+1 58358
+1 58358
+1 58358
+2 58358
+35 130690
+1 130690
+11 130690
+1 130690
+3 130690
+1 130690
+1 130690
+3 261380
+20 347135
+1 347135
+3 68384
+1 68384
+1 68384
+1 68384
+6 68384
+2 68384
+3 68384
+1 68384
+5 20738
+1 20738
+2 20728
+1 20728
+1 20728
+1 20728
+1 20728
+1 20728
+1 20728
+1 1
+7 1
+1 1
+36 10
+1 10
+2 7
+1 7
+1 7
+1 7
+1 7
+1 7
+1 7
+1 7
+66 3
+1 3
+2 1
+1 1
+1 1
+1 1
+1 1
+1 1
+1 1
+1 1
+44 2
+3 2
+1 2
+3 2
+1 2
+22 2
+1 2
+1 2

fn=(1074) __strncmp_avx2
206 212649
+24 212649
+5 212649
+14 142004
+25 142004
+1 142004
+1 142004
+2 142004
+1 142004
+4 137900
+4 137900
+2 137900
+2 137900
+3 137900
+2 137900
+1 137900
+11 135203
+10 135203
+1 135203
+3 135203
+4 270406
+5 137900
+1 137900
+1 137900
+4 2697
+1 5394
+8 70645
+3 70645
+10 70645
+1 70645
+3 70645
+3 70645
524 5
+1 5
+1 10
+8 5
+1 5
+3 5
+1 5
+3 5
+1 5
+4 5
+1 5
+1 5
+1 5
+3 5
+1 5
+1 5
+1 5
+4 5
+3 5
+1 5
+1 5
+2 5
+1 5
+3 5
+3 5
+1 5
+1 5
+1 5
+3 5
+1 5
+1 5
+1 5
+54 5
+1 10
+16 5
+1 5
+1 5
957 30443
+1 30443
+1 30443
+1 30443
+2 30443
+3 30443
+1 30443
+4 18575
+1 18575
+9 3816
+4 3816
+1 3816
+8 3264
+1 3264
+1 3264
+1 3264
+1 3264
+1 3264
+2 3264
+47 3946
+1 3946
+3 3946
+1 3946
+1 3946
+3 7892
+7 4023
+1 4023
+1 4023
+1 4100
+3 77
+1 154
+6 11868
+1 11868
+3 288
+1 288
+1 288
+1 288
+6 288
+2 288
+3 288
+1 344
+5 56
+1 56
-1 784
+1 784
+2 570
+1 570
+1 570
+1 570
+1 570
+1 570
+1 570
+45 270
+1 270
+2 104
+1 104
+1 104
+1 104
+1 104
+1 104
+1 104
+1 104
+66 166
+1 166
+2 89
+1 89
+1 89
+1 89
+1 89
+1 89
+1 89
+1 89
+3 4
+1 4
+2 4
+2 4
+4 4
+1 4
+1 4
+1 4
+1 4
+1 4
+1 4
+1 4
+3 4
+1 4
+1 4
+1 4
+2 4
+1 4
+5 4
+11 77
+3 77
+1 77
+3 77
+1 77
-5 2
+1 2
+3 2
+1 2
+1 3
+1 3
+2 3
+1 3
+2 3
+2 3
+1 3
+1 1
+1 1
+2 1
+2 1
+6 76
+1 76
+1 76

fn=(1648) __strncasecmp_avx2
193 2
+1 2
+1 4
+11 2
+9 2
+2 2
+1 2
+1 2
+11 2
+5 2
+14 2
+21 2
+1 2
+1 2
+2 2
+1 2
+1 2
+2 2
+1 2
+4 2
+4 20
+2 2
+2 2
+3 2
+2 2
+1 2
+11 2
+10 2
+1 2
+1 2
+1 2
+1 2
+4 4
+5 2
+1 2
+1 2
957 2
+1 2
+1 2
+1 2
+2 2
+3 2
+1 2
1076 2
+1 2

fl=(231)
fn=(818)
28 86
+1 172
cfi=(232)
cfn=(820)
calls=43 146
* 353

fl=(248) ./libio/./libio/iofread.c
fn=(902) fread
31 98
+1 14
-1 14
+1 14
-1 14
+4 84
+2 140
+1 56
cfi=(225)
cfn=(904)
calls=14 409
* 3725
fi=(243)
979 28
+1 126
fe=(248)
40 31
+1 126
-1 26
-3 56

fl=(266) ./libio/./libio/fileno.c
fn=(984) fileno
32 2
+3 10
+7 2

fl=(357)
fn=(1812)
1099 12
+3 1
-3 7
+3 2
+13 2
+2 1
-2 1
cob=(3)
cfi=(157)
cfn=(688)
calls=1 0
* 16
* 2
+1 5
+31 11
-30 2
fi=(358) ./stdio-common/../include/../locale/localeinfo.h
331 2
fe=(357)
1111 1
fi=(358)
331 1
fe=(357)
1112 2
+10 7
cfn=(1816) __printf_fp_buffer_1.isra.0
calls=1 138
* 638
+4 1

fn=(1826) hack_digit
88 8
+3 2
-3 2
+3 4
+2 2
+2 4
-2 4
+2 2
+1 6
-1 2
+1 2
cfi=(363)
cfn=(1828)
calls=2 -65
* 42
+31 2
-31 2
+32 10

fn=(1816)
138 18
+21 1
+18 1
+10 1
-28 7
+62 2
1030 11
226 3
+4 7
+36 1
+5 1
-49 1
+44 4
+1 1
+1 2
+3 13
+1 1
-1 1
+1 3
-1 1
+1 2
-1 1
+1 8
+1 1
-1 2
+1 13
+6 1
-6 2
+7 2
665 1
+9 1
-9 1
+9 1
+6 1
-15 1
+9 2
+6 1
-6 2
+2 2
+10 2
+52 2
+8 2
fi=(362) ./stdio-common/../sysdeps/pthread/allocalim.h
27 1
fe=(357)
746 1
fi=(362)
27 1
cfi=(361)
cfn=(1822)
calls=1 *
* 11
+2 2
fe=(357)
759 14
fi=(362)
29 1
fe=(357)
759 3
+4 1
-3 2
+3 2
+3 3
+7 6
+2 2
-4 1
+4 1
+14 2
-2 1
+1 5
+1 1
+1 2
-1 2
+1 6
91 2
792 2
+2 2
91 4
+2 2
+2 4
-2 4
793 2
+1 4
+1 4
230 6
cfi=(359)
cfn=(1818)
calls=1 33
* 22
* 4
+4 1
796 3
95 2
+1 6
-1 4
+1 2
cfi=(363)
cfn=(1828)
calls=2 -65
* 42
* 2
+31 6
805 5
+1 3
cfn=(1826)
calls=1 88
* 47
+2 2
-2 1
+2 5
fi=(364) ./stdio-common/../sysdeps/generic/get-rounding-mode.h
94 1
+1 7
fe=(357)
935 1
-11 3
+7 2
+4 2
+45 5
+3 2
+8 2
-4 1
+4 1
+5 2
-9 4
+9 4
fi=(314)
163 3
fe=(357)
999 4
+2 3
+5 2
fi=(314)
163 3
fe=(357)
1009 3
+13 4
cfi=(207)
cfn=(684)
calls=1 27
* 55
+2 3
+4 3
483 2
655 3
+4 2
cfi=(360)
cfn=(1820)
calls=1 28
* 16
* 1
+1 5
+1 2
fi=(365) ./stdio-common/../include/rounding-mode.h
52 2
fe=(357)
766 3
-78 2
+1 2
+3 3
+2 1
+2 2
+42 2
994 4
+2 2
311 2
766 3
+3 2
cfn=(1826)
calls=1 88
* 47
* 1
-3 4
1003 2
694 8

fl=(242)
fn=(870)
30 29
+9 116
+33 29

fl=(219) ./posix/../sysdeps/unix/syscall-template.S
fn=(738) getpid
91 3
+2 1

fl=(170)
fn=(560)
31 1
+2 1
+9 1
+1 2
+1 1
+4 1
+1 1
+1 1
+1 1
+1 1
+2 2
+2 1
+1 1
+1 1
+2 2
+2 1
+5 1
+1 1
+17 1
cfi=(171)
cfn=(562)
calls=1 -57
* 13

fl=(117) ./string/../sysdeps/x86_64/multiarch/strcat.c
fn=(362) strcat
29 2
fi=(118)
+9 4
+1 2
-1 4
+1 4
+3 4
+4 6
+3 6
fe=(117)
-20 2

fl=(238)
fn=(852)
77 126
+5 14
-5 42
+5 28
+2 56
cob=(3)
cfi=(157)
cfn=(854) 0x0000000004875680
calls=14 -84
* 322
* 14
+1 28
+1 28
+75 168

fl=(292) ./stdio-common/./stdio-common/sprintf.c
fn=(1142) sprintf
25 82667
+4 6359
+1 12718
-1 6359
+1 6359
-1 6359
+1 6359
-1 19077
+1 6359
cfi=(258)
cfn=(952)
calls=6359 +7
* 2587402
+4 31795

fl=(139) ./string/../sysdeps/x86_64/multiarch/strncase.c
fn=(432) strncasecmp
31 2
fi=(114)
+6 4
-1 8
fe=(139)
-5 4
fi=(114)
+7 6
+3 4
+4 6
+3 8
fe=(139)

fl=(367)
fn=(1844)
148 4
+1 1
-1 1
+1 3
+16 4

fl=(110) ./wcsmbs/../sysdeps/x86_64/multiarch/wmemchr.c
fn=(348) wmemchr
31 2
fi=(111) ./wcsmbs/../sysdeps/x86_64/multiarch/ifunc-evex.h
+7 6
-1 8
+2 6
+6 4
-3 4
+9 6
+3 8
fe=(110)
-23 2

fl=(354)
fn=(1802)
27 1
+3 1
-3 1
+3 5
+79 1

fl=(374)
fn=(1908)
27 2
+3 2

fl=(95) ./string/../sysdeps/x86_64/multiarch/memrchr.c
fn=(312) memrchr
29 1
fi=(84)
+11 3
-2 4
fe=(95)
-9 2
fi=(84)
+12 2
+1 3
+3 2
+4 3
+3 5
fe=(95)

fl=(247) ./libio/./libio/rewind.c
fn=(896) rewind
32 84
+2 126
+1 70
cfi=(240)
cfn=(860)
calls=14 -2
* 2403
+1 56
fi=(243)
979 28
+1 112
fe=(247)
38 56
-4 42

fl=(253) ./stdio-common/./stdio-common/tmpfile.c
fn=(942) tmpfile@@GLIBC_2.2.5
36 8
+9 1
-9 3
+9 1
cfi=(254)
cfn=(944)
calls=1 -19
* 54
+2 3
+16 3
cfi=(262)
cfn=(970)
calls=1 -28
* 324
* 3
+4 9
-16 7
cfi=(255)
cfn=(946)
calls=1 +63
* 832
* 2
+3 5
cfi=(255)
cfn=(958)
calls=1 334
* 336
* 1
+1 2
+5 2
cfi=(261)
cfn=(968)
calls=1 -34
* 6
* 1

fl=(267) ./io/../sysdeps/posix/isatty.c
fn=(988) isatty
24 14
+3 4
cfi=(268)
cfn=(990)
calls=2 +7
* 50
* 4
+1 12

fl=(180) ./string/../sysdeps/x86_64/multiarch/strncpy-avx2.S
fn=(588) __strncpy_avx2
54 10661
+18 10661
+3 10661
+3 10652
+1 10652
+1 10652
+1 10652
+1 10652
+3 10587
+1 10587
+1 10587
+4 10587
+7 10587
+2 10587
+4 327
+2 327
+1 327
+3 7
+1 7
+1 7
+1 7
+2 7
+2 7
+3 7
+1 7
+1 7
+2 7
+1 7
-10 1
+2 1
+3 1
+1 1
+1 1
+2 1
+1 1
+2 6
+1 6
+10 6
+1 6
+1 6
+10 6
+1 6
+12 12
+20 2
+1 2
+2 2
+2 2
+1 2
+1 2
+1 2
+1 2
+2 2
+2 2
+1 2
+1 2
+4 2
+1 2
+2 1
+1 1
+31 1
+1 1
+1 1
+1 1
+11 1
+1 1
+11 2
+19 1
+1 1
+1 1
+2 1
+1 1
+1 1
+1 1
+1 1
+1 1
+2 1
+1 1
+1 1
+1 1
+2 1
+1 1
+83 320
+1 320
+1 320
+5 320
+1 320
-1 1
+1 1
+3 321
+1 321
+1 321
+1 321
+23 321
+1 321
+1 321
+1 321
+2 321
+1 321
+1 321
+3 321
+1 321
+2 321
+1 321
+1 321
+2 482
+3 241
+1 241
+1 241
+1 241
+1 241
+1 241
+1 241
-6 2567
+1 2567
+1 2567
+1 2567
+1 2567
+1 2567
+1 2567
+2 642
+5 3
+1 3
+1 3
+28 55
+1 55
+1 55
+1 55
+1 55
+13 116
+5 400
+1 400
+1 400
+1 400
+1 400
+16 400
+7 10260
+2 10257
+1 10257
+1 10257
+2 10202
+1 10202
+1 10202
+28 9802
+1 9802
+2 3834
+1 3834
+1 3834
+1 3834
+1 3834
+23 3834
+13 5968
+1 5968
+1 5968
+1 3074
+1 3074
+1 3074
+1 3074
+17 3074
+2 3074
-2 2894
+2 2894
+5 9
+1 9
+14 70
+1 70
+2 70
+2 70
+1 70
+2 70
+1 70
+1 70
+1 70
+5 6
+1 6
+1 1
+2 1
+4 1
+3 13
+4 1
+2 1
+3 64
+1 64
+1 64
+1 64
+13 64
+11 64
+2 314
+1 64

fl=(350)
fn=(1790)
114 10
+3 2
+9 1
fi=(373) ./posix/../malloc/dynarray-skeleton.c
243 1
fe=(350)
126 1
+3 2
+35 9

fn=(1796)
169 13
fi=(373)
+74 1
fe=(350)
-74 2
+2 3
+44 2
+2 8

fn=(1864)
82 4
+1 4
-1 8
+1 4
fi=(373)
243 2
fe=(350)
71 4
+38 8
+1 6

fl=(128) ./string/../sysdeps/x86_64/multiarch/strncpy.c
fn=(398) strncpy
29 2
fi=(109)
+6 10
+1 6
+3 4
+4 6
+3 8
fe=(128)
-17 2

fl=(220) ./stdlib/./stdlib/random.c
fn=(742) srand
209 2
+1 2
-1 4
+1 2
+1 3
cfi=(221)
cfn=(744)
calls=1 -49
* 6212
+1 4
+1 3

fl=(115) ./string/../sysdeps/x86_64/multiarch/strcspn.c
fn=(358) strcspn
29 2
fi=(380)
+7 10
fe=(115)
-7 2

fl=(134) ./string/../sysdeps/x86_64/multiarch/memchr.c
fn=(418) memchr
29 2
fi=(135) ./string/../sysdeps/x86_64/multiarch/ifunc-evex.h
+9 6
-1 8
+2 6
+6 4
-3 4
+9 6
+3 8
fe=(134)
-25 2

fl=(156)
fn=(486)
55 2
+1 2
-1 2
+1 2
-1 4
+1 1
cob=(3)
cfi=(157)
cfn=(488)
calls=1 -56
* 26
+2 4
cob=(3)
cfi=(157)
cfn=(488)
calls=1 -58
* 25
+2 4
cob=(3)
cfi=(157)
cfn=(488)
calls=1 -60
* 26
+2 6

fl=(176)
fn=(574)
26 3
+1 9
fi=(174)
+26 3
fe=(176)
-26 6
+6 3
cfi=(177)
cfn=(578)
calls=3 +10
* 228

fl=(228)
fn=(774)
30 38
+3 19
-3 190
+3 106
+8 165
+2 152
-7 3
+5 3
-5 9
+1 3
-1 3
+5 23

ob=(3)
fl=(157)
fn=(586) 0x00000000001109d0
0 21322
cob=(2)
cfi=(180)
cfn=(588)
calls=10661 54
0 338076

fn=(622) 0x0000000000110c00
0 294
cob=(2)
cfi=(163)
cfn=(528)
calls=147 53
0 3230

fn=(640) 0x00000000001108f0
0 26
cob=(2)
cfi=(195)
cfn=(642)
calls=13 3294
0 4899

fn=(680)
0 274896
cob=(2)
cfi=(206)
cfn=(682)
calls=137448 53
0 2615073

fn=(1012) 0x0000000000110f20
0 2
cob=(2)
cfi=(270)
cfn=(1014)
calls=1 32
0 180

fn=(1106) 0x0000000000110ca0
0 134
cob=(2)
cfi=(285)
cfn=(1108)
calls=67 53
0 2471

fn=(1140) 0x0000000000111100
0 12718
cob=(2)
cfi=(292)
cfn=(1142)
calls=6359 25
0 2771813

fn=(1310) 0x0000000000111050
0 76
cob=(2)
cfi=(310)
cfn=(1312)
calls=38 32
0 2365

fn=(1886) 0x000000000483d030
0 2
cob=(2)
cfi=(372)
cfn=(1862)
calls=1 30
0 78

fn=(512) 0x000000000483d000
0 7

fn=(592) 0x0000000000110de0
0 7704182
cob=(2)
cfi=(182)
cfn=(594)
calls=3852091 206
0 85978347

fn=(694) 0x0000000000111010
0 4
cob=(2)
cfi=(210)
cfn=(696)
calls=2 25
0 12

fn=(720) 0x0000000000111190
0 306702
cob=(2)
cfi=(215)
cfn=(722)
calls=153351 22
0 6716341

fn=(756)
0 150
cob=(2)
cfi=(195)
cfn=(642)
calls=75 3294
0 6871

fn=(824) 0x0000000000110e90
0 82
cob=(2)
cfi=(233)
cfn=(826)
calls=41 426
0 31358

fn=(840)
0 82
cob=(2)
cfi=(202)
cfn=(842)
calls=41 249
0 743

fn=(940) 0x0000000000110dd0
0 2
cob=(2)
cfi=(253)
cfn=(942)
calls=1 36
0 1603

fn=(582) 0x0000000000110c60
0 47768
cob=(2)
cfi=(179)
cfn=(584)
calls=23884 158
0 1281445

fn=(618) 0x0000000000110ab0
0 2
cob=(2)
cfi=(191)
cfn=(620)
calls=1 28
0 6

fn=(740) 0x0000000000110d40
0 2
cob=(2)
cfi=(220)
cfn=(742)
calls=1 209
0 6232

fn=(854)
0 28
cob=(2)
cfi=(206)
cfn=(712)
calls=14 53
0 294

fn=(954)
0 70
cob=(2)
cfi=(193)
cfn=(956)
calls=35 52
0 630

fn=(1064) 0x00000000001111b0
0 974458
cob=(2)
cfi=(280)
cfn=(1066)
calls=487229 40
0 1948916

fn=(1146) 0x00000000001110f0
0 9012
cob=(2)
cfi=(293)
cfn=(1148)
calls=4506 64
0 153400

fn=(1640) 0x0000000000110960
0 12
cob=(2)
cfi=(182)
cfn=(1642)
calls=6 193
0 318

fn=(1798) 0x0000000000110fc0
0 2
cob=(2)
cfi=(353)
cfn=(1800)
calls=1 37
0 12

fn=(1806) 0x00000000001109e0
0 2
cob=(2)
cfi=(355)
cfn=(1808)
calls=1 31
0 18

fn=(1876) 0x000000000022ff04
0 4

fn=(566) 0x0000000000110df0
0 6
cob=(2)
cfi=(173)
cfn=(568)
calls=3 30
0 360

fn=(752) 0x0000000000111030
0 34
cob=(2)
cfi=(224)
cfn=(754)
calls=17 85
0 8708

fn=(780)
0 118
cob=(2)
cfi=(195)
cfn=(782)
calls=59 3359
0 4478

fn=(894) 0x0000000000110bc0
0 28
cob=(2)
cfi=(247)
cfn=(896)
calls=14 32
0 2977

fn=(992) 0x0000000000110a90
0 128828
cob=(2)
cfi=(204)
cfn=(994)
calls=64414 102
0 23356714

fn=(998) 0x0000000000111120
0 4
cob=(2)
cfi=(269)
cfn=(1000)
calls=2 31
0 684

fn=(668) 0x0000000000110ea0
0 81696
cob=(2)
cfi=(202)
cfn=(670)
calls=40848 255
0 602580

fn=(690)
0 289636
cob=(2)
cfi=(202)
cfn=(670)
calls=144818 255
0 2306394

fn=(706) 0x0000000000110900
0 28
cob=(2)
cfi=(195)
cfn=(708)
calls=14 3407
0 1813

fn=(900) 0x0000000000110a70
0 28
cob=(2)
cfi=(248)
cfn=(902)
calls=14 31
0 4552

fn=(1280) 0x0000000000110a10
0 5296
cob=(2)
cfi=(293)
cfn=(1282)
calls=2648 64
0 64375

fn=(1588) 0x0000000000110cf0
0 654820
cob=(2)
cfi=(339)
cfn=(1590)
calls=327410 32
0 7871725

fn=(1786) 0x0000000000111180
0 2
cob=(2)
cfi=(349)
cfn=(1788)
calls=1 41
0 116

fn=(542)
0 7

fn=(688)
0 105418
cob=(2)
cfi=(193)
cfn=(628)
calls=52709 52
0 745594

fn=(816) 0x0000000000110e70
0 84
cob=(2)
cfi=(231)
cfn=(818)
calls=42 28
0 597

fn=(830)
0 282
cob=(2)
cfi=(202)
cfn=(832)
calls=141 242
0 2597

fn=(848) 0x00000000001108e0
0 78
cob=(2)
cfi=(195)
cfn=(782)
calls=39 3359
0 3315

fn=(912) 0x0000000000110b20
0 28
cob=(2)
cfi=(250)
cfn=(914)
calls=14 34
0 8889

fn=(986) 0x0000000000110a50
0 4
cob=(2)
cfi=(267)
cfn=(988)
calls=2 24
0 84

fn=(710) 0x0000000000110ba0
0 82602
cob=(2)
cfi=(206)
cfn=(712)
calls=41301 53
0 867597

ob=(4) /usr/libexec/valgrind/vgpreload_core-amd64-linux.so
fl=(160) ???
fn=(1890) 0x0000000000001060
0 5

fn=(516) 0x0000000000001110
0 12

fn=(1880) 0x00000000000010d0
0 7

ob=(3)
fl=(157)
fn=(856) 0x0000000000110f40
0 28
cob=(2)
cfi=(239)
cfn=(858)
calls=14 32
0 7820

fn=(888) 0x0000000000110e50
0 28
cob=(2)
cfi=(246)
cfn=(890)
calls=14 34
0 1621

fn=(960)
0 40
cob=(2)
cfi=(259)
cfn=(962)
calls=20 63
0 471

fn=(1204) 0x0000000000110da0
0 1262
cob=(2)
cfi=(301)
cfn=(1206)
calls=631 116
0 78209

fn=(1646) 0x0000000000110f10
0 4
cob=(2)
cfi=(182)
cfn=(1648)
calls=2 193
0 112

fn=(1896) 0x000000000483d294
0 4

fn=(552)
0 2
cob=(1)
cfi=(48) ./elf/./elf/dl-audit.c
cfn=(554) _dl_audit_preinit
calls=1 118
0 5

fn=(488)
0 42
cob=(1)
cfi=(11) ./elf/./elf/dl-tunables.c
cfn=(28) __tunable_get_val
calls=21 387
0 493

fn=(526)
0 2
cob=(2)
cfi=(163)
cfn=(528)
calls=1 53
0 22

fn=(672) 0x0000000000110bf0
0 9668
cob=(2)
cfi=(203)
cfn=(674)
calls=4834 26
0 2885575

fn=(698) 0x0000000000110920
0 4
cob=(2)
cfi=(211)
cfn=(700)
calls=2 24
0 586

fn=(730) 0x0000000000110ac0
0 6
cob=(2)
cfi=(218)
cfn=(732)
calls=3 30
0 33

fn=(1072) 0x00000000001109f0
0 425298
cob=(2)
cfi=(182)
cfn=(1074)
calls=212649 206
0 4475818

fn=(626) 0x0000000000110b50
0 442860
cob=(2)
cfi=(193)
cfn=(628)
calls=221430 52
0 3107920

fn=(736) 0x0000000000110ae0
0 2
cob=(2)
cfi=(219)
cfn=(738)
calls=1 91
0 4

fn=(982) 0x0000000000110ec0
0 4
cob=(2)
cfi=(266)
cfn=(984)
calls=2 32
0 14

fn=(1316)
0 38
cob=(2)
cfi=(312)
cfn=(1318)
calls=19 87
0 622

fn=(1860) 0x0000000000110910
0 2
cob=(2)
cfi=(372)
cfn=(1862)
calls=1 30
0 78

ob=(4)
fl=(160)
fn=(1880)
0 2
cob=(3)
cfi=(157)
cfn=(1886)
calls=1 0
0 80
0 1
cfn=(1890)
calls=1 0
0 5
0 3

ob=(1)
fl=(2) ./elf/./elf/rtld.c
fn=(154) handle_preload_list
869 11
+5 1
-5 2
+5 2
-4 3
+7 3
cfi=(49) ./string/../string/strcspn.c
cfn=(156) strcspn
calls=1 32
* 254
* 1
+1 3
+9 1
183 1
889 2
183 2
891 2
-80 1
+5 1
-6 1
-4 1
+10 2
-6 1
+4 1
+2 2
-5 1
+1 1
+4 1
cfi=(50) ./elf/./elf/dl-catch.c
cfn=(158) _dl_catch_error
calls=1 254
* 2754
+1 3
+8 3
+67 1
-18 2
+21 9
-15 4
cfi=(29) ./string/../sysdeps/x86_64/multiarch/memmove-vec-unaligned-erms.S
cfn=(82) memcpy
calls=1 210
* 19
+1 2

fn=(238) version_check_doit
674 2
+2 1
-2 4
+2 3
cfi=(73) ./elf/./elf/dl-version.c
cfn=(240) _dl_check_all_versions
calls=1 392
* 5493
* 2
+4 3

fn=(66) dl_main
1346 2
197 1
1346 11
199 1
302 1
+1 1
197 1
+99 3
1357 1
cfi=(24) ./elf/../sysdeps/nptl/dl-tls_init_tp.c
cfn=(68) __tls_pre_init_tp
calls=1 53
* 17
2749 1
2538 1
2749 2
2598 1
+2 2
+15 1
-13 2
cfi=(25) ./elf/./elf/dl-environ.c
cfn=(70) _dl_next_ld_env_entry
calls=1 28
* 59
* 4
cfi=(25)
cfn=(70)
calls=2 28
* 221
* 9
+4 6
-2 2
+2 6
+1 2
-1 6
+1 17
-1 89
+9 12
2727 3
1373 1
+1 2
-1 2
+1 2
2687 3
-47 2
+10 2
1637 9
cfi=(26) ./elf/./elf/dl-object.c
cfn=(72) _dl_new_object
calls=1 59
* 210
* 1
+2 2
+1 3
+6 1
-5 2
+1 3
+4 1
cfi=(26)
cfn=(84) _dl_add_to_namespace_list
calls=1 31
* 42
+1 2
1116 1
-1 1
1351 1
1143 1
-21 2
+21 2
-19 1
+1 1
-3 1
+21 2
+57 1
-82 1
+25 1
-3 1
+4 1
+19 1
+37 4
-56 102
+56 4
-1 4
+1 8
-1 4
+2 8
+1 1
+2 12
+1 14
+4 8
+1 8
+1 4
+4 12
-72 27
1253 2
+1 22
+6 4
cfi=(30) ./elf/./elf/dl-load.c
cfn=(88) _dl_process_pt_gnu_property
calls=1 868
* 90
-7 26
+1 13
+6 13
-6 26
fi=(31) ./elf/../sysdeps/x86/dl-prop.h
235 4
+1 2
-87 4
fe=(2)
1148 1
-5 1
+5 2
-5 2
+30 1
-9 2
+2 1
-3 1
+10 2
+18 2
-38 2
-10 1
+10 1
+1 9
-11 2
+1 14
1247 1
1143 1
1247 2
1143 3
1266 4
+3 3
+2 3
1672 3
+2 2
-1 1
+1 1
+1 3
-2 2
cfi=(32) ./string/../sysdeps/x86_64/multiarch/../multiarch/strcmp-sse2.S
cfn=(94) strcmp
calls=1 98
* 25
* 2
+7 1
+3 1
-5 1
+3 1
+2 1
+1 2
+4 2
+2 2
fi=(3) ./elf/./get-dynamic-info.h
39 4
+4 1
+2 1
+9 1
+1 1
-10 2
+23 26
-23 104
+4 52
+3 6
-1 12
+3 24
+1 20
fe=(2)
1243 1
1143 1
1243 1
1143 2
fi=(3)
72 4
+43 2
+7 3
+1 4
+6 3
+18 4
+5 2
+2 2
+2 2
+2 2
+1 2
+3 4
+2 3
+1 2
+9 2
+6 2
+1 3
+3 3
fe=(2)
1698 4
+7 2
cfi=(8) ./elf/./elf/dl-setup_hash.c
cfn=(14) _dl_setup_hash
calls=1 25
* 27
+3 2
fi=(33) ./elf/./setup-vdso.h
24 2
fi=(36) ./elf/./dl-main.h
+85 2
fi=(35) ./elf/../sysdeps/unix/sysv/linux/dl-vdso-setup.h
-64 1
fi=(36)
+64 3
cfi=(30)
cfn=(106) _dl_init_paths
calls=1 706
* 2322
fe=(2)
1733 3
cfi=(45) ./elf/./elf/dl-debug.c
cfn=(144) _dl_debug_initialize
calls=1 56
* 34
+7 1
-5 1
-2 1
+7 1
+4 1
+1 1
+2 1
-3 3
+1 2
+3 1
+11 1
-13 1
+13 1
+1 2
+5 1
-3 2
+2 1
+1 2
+5 3
+1 5
-1 2
224 1
+1 1
-1 1
+1 3
+1 2
1788 2
+5 1
-1 1
1352 1
1793 1
+24 1
cfi=(46) ./elf/../elf/dl-tls.c
cfn=(146) _dl_count_modids
calls=1 192
* 6
* 1
fi=(47) ./elf/../sysdeps/generic/dl-debug.h
29 4
+1 1
fe=(2)
1823 1
+1 1
cfi=(45)
cfn=(150) _dl_debug_state
calls=1 116
* 2
+1 1
+4 3
cfi=(48)
cfn=(152) _dl_audit_activity_map
calls=1 29
* 17
+5 3
+2 1
+2 2
+9 2
+16 4
cfi=(63) ./io/../sysdeps/unix/sysv/linux/access.c
cfn=(200) access
calls=1 25
* 9
* 2
+76 4
+16 3
85 1
1965 1
85 2
1965 1
85 1
1965 5
85 1
1965 2
cfi=(64) ./elf/./elf/dl-deps.c
cfn=(202) _dl_map_object_deps
calls=1 143
* 7190
92 1
+9 1
1971 1
92 2
+9 2
1971 2
+1 6
-1 4
+1 6
-1 12
+4 3
+1 2
+1 1
+2 14
+1 6
+46 1
-42 2
+8 3
+1 2
+2 1
+2 3
+2 1
-4 1
+5 1
-1 2
+14 2
+1 2
+1 3
-25 1
+36 2
+2 1
-2 1
+2 2
-2 1
+1 2
+1 1
-1 2
+1 1
cfi=(50)
cfn=(236) _dl_receive_error
calls=1 186
* 5530
+10 1
+1 1
-1 1
+1 1
+3 2
837 1
fi=(386) ./elf/../sysdeps/unix/sysv/linux/dl-osinfo.h
39 2
fe=(2)
839 1
fi=(386)
52 1
fe=(2)
848 1
+7 1
-5 1
2047 3
2246 2
+4 1
-4 1
+10 1
-6 1
+6 1
-6 1
+9 2
+8 2
fi=(31)
36 2
+1 3
+3 3
+13 6
-13 3
+9 6
-9 1
+9 16
+4 12
-16 12
+34 1
fe=(2)
2279 1
fi=(31)
71 1
cfi=(76) ./elf/../sysdeps/x86_64/dl-cet.c
cfn=(260) _dl_cet_check
calls=1 361
* 55
fe=(2)
2282 1
-3 2
+5 1
-2 2
+2 2
+1 6
cfi=(77) ./elf/./elf/dl-reloc.c
cfn=(262) _dl_relocate_object
calls=1 207
* 68352
85 2
2292 1
85 2
2292 1
+1 17
+2 8
+5 8
+2 8
+6 4
+2 8
+1 24
cfi=(77)
cfn=(262)
calls=3 207
* 115549
+4 10
+1 2
-23 1
+23 1
cfi=(46)
cfn=(438) _dl_add_to_slotinfo
calls=1 1017
* 28
-23 3
92 3
+1 1
2325 1
93 1
2325 1
+4 4
+2 1
+7 4
cfi=(46)
cfn=(452) _dl_allocate_tls_init
calls=1 523
* 149
+3 2
+4 3
+2 2
+33 3
cfi=(151) ./elf/./elf/dl-call-libc-early-init.c
cfn=(476) _dl_call_libc_early_init
calls=1 27
* 603
+7 1
cfi=(9) ./elf/../sysdeps/unix/sysv/linux/dl-sysdep.c
cfn=(492) _dl_sysdep_start_cleanup
calls=1 147
* 2
+3 3
cfi=(48)
cfn=(494) _dl_audit_activity_nsid
calls=1 41
* 11
+4 2
cfi=(45)
cfn=(196) _dl_debug_update
calls=1 38
* 7
+1 1
-1 1
+2 1
cfi=(45)
cfn=(150)
calls=1 116
* 2
+1 1
+4 1
cfi=(67) ./elf/./elf/dl-cache.c
cfn=(496) _dl_unload_cache
calls=1 525
* 19
+5 8
2304 1
+1 1
-3 2
226 2
-2 1
+1 1
1773 1
+6 1
-6 2
+6 1
fi=(3)
56 5
+3 4
fi=(34) ./elf/../sysdeps/unix/sysv/linux/dl-vdso.h
-19 2
+1 5
fi=(35)
-11 1
+3 1
+3 1
+3 1
fi=(34)
+16 2
fi=(3)
+17 3
+12 3
+1 5
+1 5
+1 5
+1 4
+1 5
+1 5
+1 5
+12 2
+7 1
-7 7
+7 2
fe=(2)
1743 4
2357 1
cfi=(145) ./elf/./elf/dl-find_object.c
cfn=(454) _dl_find_object_init
calls=1 561
* 581
+5 3
cfi=(7) ./elf/./elf/dl-minimal.c
cfn=(462) __rtld_malloc_init_real
calls=1 76
* 2846
+3 1
cfi=(149) ./elf/../sysdeps/nptl/dl-mutex.c
cfn=(470) __rtld_mutex_init
calls=1 30
* 503
85 1
2371 1
+1 3
85 3
2372 2
cfi=(77)
cfn=(262)
calls=1 207
* 1613
92 3
+9 3
2687 2
+2 1
+1 1
-1 1
+1 1
+1 1
2040 2
cfn=(246) init_tls
calls=1 734
* 831
* 2
2650 2
+2 2
+1 1
fi=(3)
62 4
+2 4
fe=(2)
1943 10
85 1
1842 2
85 3
1842 2
cfn=(154)
calls=1 869
* 3098
* 1
92 3
+9 3
1943 6
+1 1
-1 1
+4 3
+1 1
+1 2
+1 2
-7 2

fn=(246)
734 1
+6 1
-6 3
+2 2
+4 2
+11 1
fi=(28) ./elf/../include/rtld-malloc.h
44 1
fe=(2)
746 1
+4 1
fi=(28)
44 1
cfi=(27) ./elf/./elf/dl-minimal-malloc.c
cfn=(74) __minimal_calloc
calls=1 +36
* 41
fe=(2)
761 1
-12 1
+6 1
-9 1
+11 1
+4 1
+2 3
-1 2
+3 8
+4 1
+2 1
-2 2
-5 1
-1 2
+10 3
+3 2
cfi=(46)
cfn=(248) _dl_tls_static_surplus_init
calls=1 97
* 86
+3 1
cfi=(46)
cfn=(250) _dl_determine_tlsoffset
calls=1 216
* 79
+7 1
cfi=(46)
cfn=(252) _dl_allocate_tls_storage
calls=1 417
* 469
* 1
+1 2
+6 1
fi=(74) ./elf/../sysdeps/generic/dl-call_tls_init_tp.h
31 2
fe=(2)
793 1
fi=(74)
31 6
+2 1
cfi=(24)
cfn=(256) __tls_init_tp
calls=1 +35
* 79
fe=(2)
800 1
-3 1
+3 4
-36 3
-1 7

fn=(164) map_doit
641 2
+2 1
-2 4
+2 1
+1 2
-1 2
+1 3
cfi=(30)
cfn=(166) _dl_map_object
calls=1 1967
* 2643
* 1
+2 3

fn=(2) _dl_start
517 16
85 1
547 4
85 1
543 1
fi=(6) ./elf/../sysdeps/x86_64/dl-machine.h
55 1
fe=(2)
+30 1
546 1
85 1
fi=(3)
-40 1
fe=(2)
546 1
fi=(3)
45 2
+23 18
-23 72
+4 36
+3 5
-1 10
+3 20
+1 16
+1 5
fi=(4) ./elf/../sysdeps/generic/ldsodefs.h
+23 1
fi=(3)
+31 1
-38 3
+12 4
+1 3
+1 4
+1 4
+1 5
+1 3
+1 4
+1 4
+12 7
+7 2
-51 4
+64 3
+6 3
+1 3
+3 2
+1 3
+5 5
+3 5
fe=(2)
563 154
fi=(4)
79 1
fe=(2)
563 1
fi=(4)
79 2
fe=(2)
563 27
fi=(6)
287 3
fi=(5) ./elf/./elf/do-rel.h
49 1
fe=(2)
563 1
fi=(5)
50 1
-1 2
+4 1
-3 1
+3 4
+3 2
-7 1
fe=(2)
563 1
fi=(5)
50 1
-1 2
+4 1
-3 1
+3 4
+3 2
+7 3
+2 3
-2 6
fi=(6)
278 3
fi=(5)
64 6
fi=(6)
278 6
+9 24
+3 6
+1 6
+26 8
+6 2
fi=(5)
61 13
fe=(2)
563 6
fi=(5)
51 1
fi=(4)
+28 2
fi=(3)
-17 4
+2 4
fe=(2)
565 1
+13 1
cfi=(7)
cfn=(12) __rtld_malloc_init_stubs
calls=1 42
* 10
458 2
85 1
476 2
85 3
476 1
cfi=(8)
cfn=(14)
calls=1 25
* 27
+2 1
+16 2
-17 1
+11 1
-10 1
+16 1
cfi=(9)
cfn=(16) _dl_sysdep_start
calls=1 102
* 244125
* 1
+2 2
+89 9
fi=(3)
103 3
fe=(2)

fl=(71) ./malloc/./malloc/scratch_buffer_set_array_size.c
fn=(228) __libc_scratch_buffer_set_array_size
30 26
+4 2
+1 4
+10 4
+18 2
-17 2
+17 10

fl=(62) ./io/../sysdeps/unix/sysv/linux/close_nocancel.c
fn=(194) __GI___close_nocancel
25 3
+1 12
+1 3

fl=(151)
fn=(476)
27 1
+2 2
-2 1
+6 3
-6 3
+6 1
-6 2
+6 1
cfi=(150) ./elf/./elf/dl-lookup-direct.c
cfn=(472) _dl_lookup_direct
calls=1 +41
* 225
+4 2
+2 3
+2 1
-1 1
-1 1
+2 2
-1 1
cob=(2)
cfi=(152)
cfn=(478)
calls=1 -7
* 353

fl=(159) ./elf/./elf/dl-init.c
fn=(510) call_init.part.0
26 48
+17 4
+3 4
-3 8
+3 8
+5 6
+8 9
+1 6
cob=(3)
cfi=(157)
cfn=(512)
calls=1 -60
* 7
+3 3
+1 6
+6 4
+2 4
-2 2
+3 13
+1 4
cob=(2)
cfi=(164)
cfn=(530)
calls=1 545
* 12
* 8
cob=(2)
cfi=(161)
cfn=(522)
calls=1 -28
* 72
cob=(4)
cfi=(160)
cfn=(516)
calls=1 -74
* 12
-1 9
+3 32
-29 2

fn=(508) _dl_init
81 13
+1 1
+1 1
+3 3
+8 2
+25 1
+1 8
+1 8
-92 8
+6 12
+2 17
+83 6
cfn=(510)
calls=3 -94
* 206
* 6
+7 8
-98 2
+60 2
-54 3
+2 7
cfn=(510)
calls=1 -11
* 77
* 2

fl=(66) ./io/../sysdeps/unix/sysv/linux/fstatat64.c
fn=(212) fstatat
146 6
-55 6
+70 7
+1 1
-2 4
+1 4

fl=(67)
fn=(222) _dl_cache_libcmp
357 10
+1 10
+32 10
-33 10
+1 22
+2 48
+2 48
-2 96
+20 94
+2 94
-12 38
+2 38
+14 38
+1 38
-29 76
+32 3
-28 2
+6 1
+2 1
-2 1
+1 1
-1 1
+1 1
-1 1
+2 3
+2 1
-3 1
+3 3
+2 2
+9 27

fn=(214) _dl_load_cache_lookup
403 10
+2 2
+3 3
+74 1
205 1
482 2
+3 3
fi=(69) ./elf/../sysdeps/x86/dl-procinfo.h
39 2
+3 3
cfi=(32)
cfn=(94)
calls=1 +56
* 25
* 4
fe=(67)
208 6
cfi=(11)
cfn=(28)
calls=1 387
* 23
* 1
+12 1
-10 1
-2 1
+12 2
-7 5
+9 5
+1 1
-32 2
+36 1
-4 1
+4 2
-5 40
+1 8
-32 16
+36 8
-4 8
+4 16
+4 27
cfn=(222)
calls=9 357
* 646
+1 18
346 8
+3 5
220 10
347 3
220 8
+2 10
+20 2
+3 2
+2 4
cfn=(222)
calls=1 357
* 73
* 2
-7 2
-30 3
+1 1
fi=(387) ./elf/../sysdeps/x86/dl-isa-level.h
28 2
fe=(67)
210 2
fi=(387)
28 1
fe=(67)
210 1
+1 1
-1 3
+76 3
fi=(387)
28 3
fe=(67)
259 2
+10 3
+1 4
+16 1
fi=(68) ./elf/../sysdeps/generic/dl-cache.h
125 1
fe=(67)
286 3
+9 2
+3 2
+3 1
+1 3
+28 2
500 2
+12 2
cfi=(22) ./string/../sysdeps/x86_64/multiarch/../multiarch/strlen-sse2.S
cfn=(62) strlen
calls=1 57
* 35
+1 1
-1 1
+1 12
+1 1
-1 1
+1 1
-1 1
+1 1
cfi=(29)
cfn=(82)
calls=1 210
* 11
* 1
+1 1
cfi=(44) ./string/./string/strdup.c
cfn=(138) strdup
calls=1 40
* 95
+1 8
411 4
cfi=(52) ./elf/./elf/dl-misc.c
cfn=(216) _dl_sysdep_read_whole_file
calls=1 36
* 103
* 1
+8 5
+1 8
+3 3
+1 1
-1 3
fi=(68)
194 1
+1 5
fe=(67)
431 1
+1 2

fn=(496)
525 1
+1 4
-1 1
+3 1
-3 1
+3 1
cfi=(140) ./misc/../sysdeps/unix/syscall-template.S
cfn=(498) munmap
calls=1 117
* 6
+7 1
-6 1
+4 1
+2 1

fl=(20) ./elf/../sysdeps/x86/dl-cacheinfo.h
fn=(52) intel_check_word.constprop.0
123 48
-4 72
+10 24
-10 96
+10 48
-10 24
+10 24
-10 24
+10 24
+2 48
+71 48
fi=(21) ./elf/../bits/stdlib-bsearch.h
32 24
fe=(20)
202 120
-71 96
+2 60
+2 120
+8 120
+51 96
+22 48
fi=(21)
28 48
-1 96
+2 216
+2 168
+1 84
fe=(20)
+78 168
+3 324
fi=(21)
-78 264
-6 528
+2 480
+1 240
fe=(20)
+78 480
+15 12
246 144
fi=(21)
37 120
fe=(20)
155 36
+3 36
-6 12
+3 39
+9 18
+23 21
-32 63
+3 63
+4 58
+2 116
+3 84
+1 48
+1 48
+1 30
+2 11
+2 22
+6 14
+3 8
+1 12
-20 15
+12 4
+2 4
+1 4
-2 4
-1 4
+2 8
-2 4
+3 4
-2 12
+2 12
+11 2
-9 12

fn=(50) handle_intel.constprop.0
255 24
-5 12
+17 12
-17 96
+11 12
+1 12
+5 36
+4 24
+34 96
-29 12
+3 24
-3 12
+3 36
cfn=(52)
calls=12 123
* 4092
+2 24
+3 60
cfn=(52)
calls=12 123
* 1272
+2 24

fn=(56) get_common_cache_info.constprop.0
571 11
+17 1
+1 1
+9 1
-12 1
+2 1
+2 1
+8 1
-11 1
+3 1
+11 2
-5 3
+17 1
+5 3
+4 2
770 5
+1 5
+4 2
+8 1
-1 1
+1 1
+1 1
+1 7
627 5
+3 6
-32 5
+75 4
+8 5
+2 2
-2 1
+6 3
+3 1
+1 5
-4 4
+21 2
-21 4
+2 1
+2 4
-4 1
+6 4
+3 2
+5 1
+2 2
+1 1
+1 1
-2 2
+1 1
-19 4
+46 2
+1 1
+1 2
+1 1
+25 3
630 3
+10 6
+14 2
+4 1
+3 1
+1 1
-4 2
+3 3
+6 4
-37 12
+7 6
-7 3
+7 2
+3 20
+5 2
+4 1
+1 1
-1 2
+1 1
+61 2
+7 1
+2 2
-16 1
+22 1
-6 2
+1 1
+5 1
-30 5

fl=(8)
fn=(14)
25 4
+3 4
-3 4
+3 8
+3 12
+1 8
+2 4
-1 4
+3 12
+1 4
+1 8
+7 4
-5 4
-2 4
+3 8
+2 4
+2 8
+5 4

fl=(149)
fn=(470)
30 2
+10 3
-10 3
+10 1
-10 1
+10 1
-10 1
+7 1
+3 2
cfi=(150)
cfn=(472)
calls=1 +34
* 233
+4 2
+1 8
+2 3
-2 1
+2 3
cfi=(150)
cfn=(472)
calls=1 +27
* 223
+4 2
+1 7
+1 6

fl=(73)
fn=(240)
392 7
+4 5
-2 1
+4 24
cfn=(242) _dl_check_map_versions
calls=4 155
* 5421
-2 4
+2 12
-1 4
-1 8
+5 7

fn=(242)
155 40
+15 12
+2 20
+2 4
+1 4
+2 8
+3 4
-16 4
+20 2
-4 2
-24 2
+28 14
+16 4
36 2
200 2
36 14
+1 5
-1 10
+2 21
cfi=(52)
cfn=(168) _dl_name_match_p
calls=7 +30
* 664
* 16
208 6
+5 2
fi=(388) ./elf/../sysdeps/generic/_itoa.h
76 6
fe=(73)
213 4
+4 4
+1 4
-1 4
+4 2
-3 2
+3 2
-3 6
-1 22
+1 22
-1 22
+4 11
-3 11
+3 11
-3 83
56 52
+8 39
+6 39
+16 13
+1 26
+2 13
+5 91
+14 334
+12 462
+4 154
-30 308
231 52
+3 39
+5 11
-24 11
110 13
+3 65
cfi=(32)
cfn=(94)
calls=13 -15
* 516
* 39
224 39
+4 4
+15 6
+14 10
+3 4
+3 14
+3 8
+4 2
-7 8
+3 6
+4 44
-7 176
+3 134
+8 6
+6 6
fi=(28)
44 3
fe=(73)
280 6
fi=(28)
44 3
cfi=(27)
cfn=(74)
calls=3 +36
* 123
fe=(73)
281 6
-2 3
fi=(28)
44 3
fe=(73)
281 3
+13 3
-3 3
+3 12
+2 6
+3 8
+4 6
+7 13
+1 13
-1 39
+1 13
+1 13
-2 13
+2 26
+1 39
+3 39
+5 11
-15 11
+2 11
-2 11
+2 11
-2 11
+2 22
-2 2
+2 2
-2 2
+2 2
-2 2
+2 4
+16 6
+10 4
+3 4
+4 46
+6 46
+1 46
+1 46
-1 138
+1 46
-1 46
+1 46
+1 46
+3 138
+4 46
-14 96
+10 6
+12 4
+1 4
+1 4
+1 2
+19 36
164 2
-8 2
257 5
+17 3
+60 2
-40 2
+76 4
+2 4
+4 2
-4 120
+1 60
+2 1
+1 2
-1 1
+1 1
cfi=(32)
cfn=(244) strncmp
calls=1 98
* 32
* 2

fl=(16) ./elf/../sysdeps/x86/cpu-features.c
fn=(36) init_cpu_features.constprop.0
682 1
+17 1
-17 7
+3 1
+1 1
+1 1
+3 1
+9 2
+3 6
1001 3
+1 2
+3 2
+1 2
+6 1
+1 1
+1 1
+1 1
fi=(20)
792 1
+1 1
+2 1
+14 2
+85 1
+1 1
+15 1
-5 1
+5 1
-10 1
-6 1
+2 1
+14 1
-15 1
+2 1
-1 1
+2 1
-1 1
+2 1
-1 1
+1 1
+2 1
+1 1
+1 1
+1 1
+35 2
-15 3
+8 2
+27 6
+9 2
+19 2
+8 6
cfi=(11)
cfn=(28)
calls=1 387
* 23
* 1
+2 2
+3 4
cfi=(11)
cfn=(28)
calls=1 387
* 23
* 1
+2 2
+3 4
cfi=(11)
cfn=(28)
calls=1 387
* 23
* 1
+1 5
+16 2
-12 5
cfi=(11)
cfn=(28)
calls=1 387
* 23
* 1
+1 3
+6 3
+3 1
-3 2
cfi=(11)
cfn=(28)
calls=1 387
* 23
* 1
+3 5
-3 1
+3 5
cfi=(11)
cfn=(58) __GI___tunable_set_val
calls=1 153
* 62
+1 10
cfi=(11)
cfn=(58)
calls=1 153
* 62
+1 11
cfi=(11)
cfn=(58)
calls=1 153
* 62
+3 10
cfi=(11)
cfn=(58)
calls=1 153
* 62
+2 10
cfi=(11)
cfn=(58)
calls=1 153
* 62
+13 1
+2 1
fe=(16)
-23 1
fi=(20)
+21 1
+3 1
fe=(16)
-24 1
fi=(20)
+26 1
-5 1
+2 1
-2 1
+3 1
fe=(16)
-24 1
fi=(20)
+25 1
+3 1
-1 1
fe=(16)
-27 1
cfi=(11)
cfn=(28)
calls=1 387
* 22
+3 4
cfi=(11)
cfn=(28)
calls=1 387
* 24
+6 3
+54 1
-1 1
+1 1
+45 4
cfi=(11)
cfn=(28)
calls=1 387
* 22
+2 4
cfi=(11)
cfn=(28)
calls=1 387
* 22
+6 4
cfi=(11)
cfn=(28)
calls=1 387
* 24
+7 8
fi=(20)
974 12
fe=(16)
+68 1
-1 2
+1 3
+44 3
+27 2
-10 2
+1 2
+2 3
+1 2
+2 3
+1 2
fi=(20)
811 2
cfn=(50)
calls=1 255
* 455
+1 1
-1 1
+1 1
cfn=(50)
calls=1 255
* 503
+1 1
-1 1
+1 1
cfn=(50)
calls=1 255
* 530
+4 1
-4 1
+1 2
+3 1
cfn=(50)
calls=1 255
* 476
+2 1
-2 1
+2 1
cfn=(50)
calls=1 255
* 468
+3 1
-3 1
+1 2
+2 1
cfn=(50)
calls=1 255
* 446
+2 1
-2 1
+2 1
cfn=(50)
calls=1 255
* 447
+3 1
-2 1
-1 1
+3 1
cfn=(50)
calls=1 255
* 494
+2 1
-2 1
+2 1
cfn=(50)
calls=1 255
* 495
+1 1
+2 1
-3 1
+1 1
+2 1
cfn=(50)
calls=1 255
* 521
+2 1
-2 1
+2 1
cfn=(50)
calls=1 255
* 522
+2 1
-2 1
+2 1
cfn=(50)
calls=1 255
* 523
+2 4
-2 1
+2 1
cfn=(56)
calls=1 571
* 223
+93 1
-6 3
+6 1
-6 2
+6 2
-6 2
+6 2
-1 2
fe=(16)
708 6
cfn=(38) get_common_indices.constprop.0
calls=1 398
* 74
376 3
+1 2
+1 6
+5 2
713 1
cfn=(42) update_active.constprop.0
calls=1 72
* 222
+2 1
+2 1
1015 1
715 2
878 2
+7 2
+2 2
+4 2
+6 2
+2 1
706 2
-3 1
384 6
+5 2
+1 7
717 1
fi=(20)
987 1
-48 1
fe=(16)
717 1
fi=(20)
987 2
fe=(16)
717 6
+4 7
+78 1
-25 3
+92 2
+3 2
fi=(20)
+38 1
fe=(16)
-37 1
-89 2
+51 2

fn=(38)
398 3
+4 4
+3 3
+5 2
-5 1
+5 1
-5 1
+4 1
+1 1
+1 4
+1 4
+1 3
+1 2
+7 2
+2 5
+5 1
-5 1
+5 1
-5 1
+5 1
-5 2
+5 1
+7 1
-7 4
+7 1
+1 3
+6 1
-6 4
+6 1
fi=(17) ./elf/../sysdeps/unix/sysv/linux/x86/dl-minsigstacksize.h
24 2
+3 2
+1 2
+37 3
+7 1
+2 1
fe=(16)
457 3

fn=(42)
72 8
+4 1
+10 1
+9 1
+9 1
-19 1
-1 1
+29 1
-4 1
-24 1
+9 1
+9 1
+9 1
-28 2
+25 1
-15 1
-9 1
+9 1
+9 1
+9 1
-3 1
+7 1
-13 1
+9 1
+4 2
-22 1
+22 2
-13 1
+6 1
+3 1
+5 1
+12 1
-8 1
-4 1
+7 1
-3 4
+1 1
+2 1
-2 2
+1 3
+5 1
+2 1
-2 4
+1 1
+1 1
-1 2
+1 1
-1 1
+3 2
+1 4
+14 2
356 2
+4 3
fi=(18) ./elf/../sysdeps/unix/sysv/linux/x86/dl-hwcap2.h
25 2
fi=(19) ./elf/../sysdeps/x86/get-isa-level.h
+5 1
-2 1
+2 3
fe=(16)
369 1
+1 8
151 2
+1 2
-1 5
+1 2
+2 3
+90 1
+1 1
-1 2
+17 4
+16 2
+5 1
-1 2
+4 4
+4 2
+4 3
+1 2
+3 1
-1 1
+9 1
-5 1
+2 1
-2 1
+5 1
+51 1
fi=(19)
31 1
fe=(16)
356 2
fi=(19)
32 3
+4 3
fe=(16)
158 4
+3 1
+3 2
+14 1
+2 1
+10 3
-12 1
+12 1
-12 1
+2 2
-2 1
+2 1
+8 1
-8 1
+6 3
+2 1
-2 1
+2 3
+7 5
fi=(19)
39 2
+1 4
-2 1
+7 4
+2 1
+1 2
+3 5
+2 4
+1 2
+1 2
+3 1
-1 1
+1 3
fe=(16)
171 1
-5 2
+4 1

fl=(14) ./elf/../sysdeps/unix/sysv/linux/brk.c
fn=(30) brk
36 1
fi=(389) ./elf/../sysdeps/unix/sysv/linux/brk_call.h
-12 2
fe=(14)
+13 1
+1 2
+6 1
+1 1

fl=(368)
fn=(1846)
26 5
+17 1
-17 6
+20 13
+3 2
cob=(2)
cfi=(369)
cfn=(1848)
calls=1 +28
* 44
+2 1
+3 2
+2 5
+7 3
-2 1
+2 1
cfi=(48)
cfn=(494)
calls=1 -22
* 11
+5 15
+5 1
-5 1
+5 3
+2 8
+2 8
+2 8
+1 4
+1 4
+4 4
-12 12
+14 6
+1 4
+6 6
cfi=(13) ./elf/./elf/dl-sort-maps.c
cfn=(232) _dl_sort_maps
calls=1 298
* 317
+9 2
cob=(2)
cfi=(370)
cfn=(1850)
calls=1 367
* 34
+5 6
+2 1
+2 2
-2 3
+2 6
+2 16
cfi=(371) ./elf/./elf/dl-call_fini.c
cfn=(1852) _dl_call_fini
calls=4 -90
* 328
+3 8
cfi=(48)
cfn=(1878) _dl_audit_objclose
calls=4 -20
* 20
-9 8
+14 4
-14 12
+18 3
cfi=(48)
cfn=(494)
calls=1 -85
* 11
* 2
+6 4
+2 1
-2 2
+6 2
+7 8
-77 2

fl=(13)
fn=(234) dfs_traversal.part.0
135 72
+10 8
-2 8
+2 16
+2 20
-7 20
+7 40
+9 16
+15 24
+1 8
+1 48
-17 12

fn=(232)
298 24
+8 2
-8 2
+8 4
+4 16
-99 2
-28 2
-2 2
+1 4
+29 2
-28 8
+1 2
-1 2
+1 2
-1 4
+1 6
-1 6
+1 6
-1 12
+28 30
+8 6
-3 2
+2 2
+1 4
-3 2
+5 26
+2 8
-83 40
cfn=(234)
calls=8 -5
* 292
+86 24
+18 8
+32 8
+7 2
+27 2
-47 6
cfi=(29)
cfn=(82)
calls=2 -53
* 22
* 2

fn=(26) _dl_sort_maps_init
289 2
+1 2
-1 2
+1 2
cfi=(11)
cfn=(28)
calls=1 +97
* 24
+2 3
-1 1
+2 2

fl=(25)
fn=(70)
28 3
+1 3
+3 49
+13 39
-13 78
+2 82
+1 18
+5 2
-3 2
+3 2
+2 2

fl=(24)
fn=(68)
53 3
+3 8
+5 1
-5 1
+5 1
+1 1
-6 1
+8 1

fn=(86) rtld_mutex_dummy
42 8
+2 16

fn=(256)
68 2
fi=(390) ./elf/../include/list.h
-24 1
fe=(24)
+24 3
fi=(390)
-25 1
fe=(24)
+26 1
+3 1
fi=(390)
-29 1
+1 1
+1 1
+2 1
fe=(24)
+28 4
+1 2
+1 1
+5 2
+5 1
+6 1
-3 1
+3 1
-6 3
+6 1
+12 4
cfi=(11)
cfn=(28)
calls=1 387
* 24
fi=(75) ./elf/../sysdeps/unix/sysv/linux/rseq-internal.h
-73 3
+8 1
fe=(24)
+81 3
+7 2
+1 3
fi=(75)
-95 7
+3 2
fe=(24)

fl=(65) ./io/../sysdeps/unix/sysv/linux/stat64.c
fn=(210) stat
28 6
+1 12
cfi=(66)
cfn=(212)
calls=3 146
* 28

fl=(22)
fn=(62)
57 15
+44 15
+1 15
+1 15
+1 15
+1 15
+1 15
+1 15
+2 15
+2 15
+31 15
+1 15
+1 15
+1 15
+1 15
+1 9
+2 9
+4 6
+1 6
+1 6
+1 6
+1 6
+1 6
+1 6
+1 6
+1 6
+1 6
+1 6
+1 6
+5 48

fl=(70) ./io/../sysdeps/unix/sysv/linux/pread64_nocancel.c
fn=(224) __pread64_nocancel
25 4
+1 8
+1 2

fl=(23) ./elf/../misc/sbrk.c
fn=(64) sbrk
37 4
+3 1
-3 2
+21 2
+4 2
+16 5

fl=(27)
fn=(78) __minimal_malloc
36 192
+1 72
+11 69
+3 23
-3 23
+3 46
-3 2
+3 1
-3 1
+3 90
+19 24
+1 24
+2 144
-17 8
+1 4
+2 2
+1 14
cfi=(57) ./misc/../sysdeps/unix/sysv/linux/mmap64.c
cfn=(182) mmap
calls=2 -13
* 52
* 2
+2 4
+2 8
cfi=(58) ./misc/../sysdeps/unix/sysv/linux/setvmaname.c
cfn=(184) __set_vma_name
calls=2 -31
* 56
+1 6
+2 2
+4 2
-4 4
-24 1
-1 1
+1 1
+1 2
-2 2

fn=(142) __minimal_free
97 1
+2 4

fn=(74)
80 8
+4 8
-4 32
+7 8
+1 24
fi=(28)
-32 8
cfi=(27)
cfn=(78)
calls=8 -20
* 347
fe=(27)

fl=(30)
fn=(132) fillin_rpath.isra.0
468 9
+4 1
-4 8
+6 3
cfi=(7)
cfn=(134) strsep
calls=1 239
* 240
* 3
cfi=(7)
cfn=(134)
calls=1 239
* 8
* 6
+7 2
+2 3
cfn=(136) expand_dynamic_string_token
calls=1 -98
* 125
* 1
+4 2
+5 2
cfi=(22)
cfn=(62)
calls=1 57
* 17
* 1
+1 2
+7 5
+9 15
+1 8
fi=(28)
50 2
cfi=(27)
cfn=(142)
calls=1 +47
* 5
+1 1
fe=(30)
528 4
+4 4
fi=(28)
56 1
cfi=(27)
cfn=(78)
calls=1 -20
* 30
* 1
fe=(30)
534 2
+5 1
+1 2
-1 1
-1 1
+2 1
cfi=(29)
cfn=(126) mempcpy
calls=1 197
* 13
+3 1
-3 1
+1 1
+2 1
+6 1
+1 1
-1 3
+1 5
+1 1
-1 1
+1 1
-1 3
+1 1
-1 2
+1 1
+2 2
+1 3
+1 1
+6 2
+1 1
+3 3
-60 2
-22 2
+88 1
+3 8
-24 2

fn=(88)
868 3
+8 3
-8 6
+8 3
-6 3
+12 6
-13 3
+13 3
-13 3
+13 6
+3 9
+1 6
+1 6
+3 9
+1 9
+4 3
+1 6
+22 3
+2 3
-2 6
+2 9
-20 10
+1 5
+3 10
+3 5
+1 20
fi=(31)
95 20
+7 10
+16 5
-3 10
254 6
+1 3
+2 12
+3 3
-8 4
+5 2
-4 2
+4 6
+3 2
-2 1
fe=(30)

fn=(176) _dl_map_object_from_fd
944 20
+15 2
-15 4
+15 2
-15 4
+15 4
+77 8
+10 4
+7 14
cfi=(26)
cfn=(72)
calls=2 59
* 861
* 2
+1 4
+11 2
+5 2
-4 2
-1 2
+2 2
+2 2
-2 2
+2 4
+1 6
+1 2
+19 2
-2 1
+2 12
-2 1
+2 28
+10 2
-10 2
+10 6
+27 2
-33 2
-3 2
+2 2
-1 2
+35 2
+9 2
-50 2
+41 2
+9 2
-36 2
+63 10
-62 86
+26 56
+8 16
+1 8
-1 8
+1 32
+1 8
-1 8
+1 8
+2 8
-2 8
+2 8
+2 8
-4 8
+1 8
+3 8
-4 8
+4 40
+2 16
+13 16
+1 30
+5 6
+1 54
-28 12
-35 18
+62 2
+1 18
-28 4
-35 51
+1 127
1213 2
1100 2
1213 4
1100 6
1218 14
+10 6
+1 2
-1 2
+1 2
-1 6
+1 6
-1 6
+1 6
-1 18
1066 4
1235 4
+10 8
+7 8
fi=(59) ./elf/./dl-map-segments.h
28 2
fe=(30)
1252 6
fi=(59)
28 4
+1 16
cfi=(57)
cfn=(182)
calls=2 +18
* 56
+73 4
-1 2
-72 2
+73 2
+3 4
+1 2
+2 2
-3 2
+1 2
+2 2
+17 2
-44 2
fi=(60) ./elf/./dl-load.h
+10 16
fi=(59)
+58 32
+6 2
+2 2
-2 2
+1 2
+2 4
-1 4
+3 4
+5 4
+3 6
+8 12
cfi=(43) ./string/../sysdeps/x86_64/multiarch/../multiarch/memset-vec-unaligned-erms.S
cfn=(130) memset
calls=2 -44
* 287
* 2
+6 4
+12 8
-59 48
+2 24
+2 48
cfi=(57)
cfn=(182)
calls=6 -92
* 126
* 12
fe=(30)
1264 2
fi=(56) ./elf/../sysdeps/posix/dl-fileid.h
37 4
cfi=(55) ./io/../sysdeps/unix/sysv/linux/fstat64.c
cfn=(178) fstat
calls=2 -7
* 12
* 4
fe=(30)
989 4
fi=(56)
40 6
fe=(30)
989 2
fi=(56)
40 2
fe=(30)
989 23
+1 10
fi=(56)
49 12
fe=(30)
1519 18
1074 13
+1 2
-1 1
+1 1
-1 1
+1 1
cfi=(70)
cfn=(224)
calls=1 25
* 7
* 2
+46 2
+1 1
-15 4
+7 2
+2 2
-2 2
+1 2
+1 2
-1 4
+1 16
+60 3
+5 1
-1 2
+5 1
-5 2
-66 1
+71 4
+1 1
+3 1
-3 1
+8 4
+15 4
+1 2
1008 4
1268 8
+1 6
fi=(61) ./elf/./elf/get-dynamic-info.h
39 4
+6 2
-2 2
+11 2
+1 2
-10 4
+8 3
+15 3
-23 12
+23 44
-23 176
+4 94
+3 13
-1 26
+3 40
+1 32
+1 10
+16 8
+12 7
+1 8
+1 8
+1 8
+1 7
+1 7
+1 7
+1 8
+12 2
+7 2
-7 14
+7 5
+5 2
+7 2
+1 6
+6 6
+1 3
+17 6
+5 2
+2 2
+2 2
+2 2
+4 6
+2 6
+1 4
+9 4
+6 4
+4 4
fe=(30)
1275 4
+1 4
+2 4
+10 6
+19 6
+2 12
+52 6
+1 2
+6 18
+1 42
+6 8
cfn=(88)
calls=2 868
* 154
-7 52
+1 25
+6 25
-6 50
fi=(31)
149 8
fe=(30)
1380 4
cfi=(62)
cfn=(194)
calls=2 25
* 12
* 4
+13 4
+2 8
+2 4
+16 4
cfi=(8)
cfn=(14)
calls=2 25
* 54
+4 4
+1 4
+17 4
+1 1
+3 1
+5 1
-5 1
+5 1
-5 1
+5 1
-5 1
+5 1
+5 4
+12 16
+10 4
+1 4
+5 2
cfi=(46)
cfn=(226) _dl_assign_tls_modid
calls=1 125
* 12
+7 6
cfi=(26)
cfn=(84)
calls=2 31
* 106
+3 4
+4 4
cfi=(45)
cfn=(196)
calls=2 38
* 14
* 2
+1 6
+22 14
+1 6
cfi=(48)
cfn=(198) _dl_audit_objopen
calls=2 77
* 10
* 2
fi=(60)
92 4
+2 1
-1 1
+1 1
-1 1
+1 1
-1 1
+1 1
-1 2
+3 4
fi=(61)
-37 8
+3 8
+2 8
181 3
-22 2
fe=(30)
1510 4
1074 2
fi=(59)
186 8
cfi=(57)
cfn=(182)
calls=1 47
* 21
+3 2
fe=(30)
1462 6
+2 1
-1 5
+1 1
-1 1
+1 1
-1 1
cfi=(32)
cfn=(94)
calls=1 98
* 25
* 2
+2 5

fn=(166)
1967 36
+8 6
+1 12
+3 51
+5 49
+2 21
cfi=(52)
cfn=(168)
calls=7 68
* 769
* 14
+4 12
+1 18
+4 2
-1 10
+1 2
+1 2
-1 2
+1 4
cfi=(32)
cfn=(94)
calls=2 98
* 50
* 4
2270 29
2011 6
-1 4
+9 2
-50 2
+50 4
+17 4
-2 2
+2 2
cfi=(41) ./string/../sysdeps/x86_64/multiarch/../multiarch/strchr-sse2.S
cfn=(118) index
calls=2 32
* 48
* 4
2202 2
-1 3
cfn=(136)
calls=1 385
* 175
+6 1
-7 1
+1 1
+2 2
+4 7
cfn=(170) open_verify.constprop.0
calls=1 1572
* 106
+3 2
-3 1
+3 1
+12 4
+45 1
+1 5
-1 1
+1 8
cfn=(176)
calls=1 944
* 1940
-1 1
+1 5
-1 1
+1 8
cfn=(176)
calls=1 944
* 2374
* 6
2040 2
cfi=(22)
cfn=(62)
calls=1 57
* 17
* 2
+2 2
+7 4
+51 13
cfn=(208) open_path
calls=1 1812
* 580
+6 1
-6 1
+6 2
2222 4
+46 2
682 1
2107 1
682 2
2135 2
cfi=(67)
cfn=(214)
calls=1 403
* 1379
* 1
+2 2
+4 2
+31 1
-23 2
+23 7
cfn=(170)
calls=1 1572
* 137
+4 2
-4 1
+4 1
+1 1
+17 2
2074 5
682 1
2075 1
682 3
2099 2
+1 2
-47 1
+1 1
696 5
2058 3
682 1
2059 1
682 2
2073 5
+1 2
+41 1
+14 2
+2 3
-47 2

fn=(170)
1572 50
+32 5
-32 10
+32 10
+19 20
cfi=(53) ./io/../sysdeps/unix/sysv/linux/open64_nocancel.c
cfn=(172) __open_nocancel
calls=5 28
* 109
* 5
+2 10
+8 2
+1 4
+5 2
-5 2
+5 10
cfi=(54) ./io/../sysdeps/unix/sysv/linux/read_nocancel.c
cfn=(174) __read_nocancel
calls=2 25
* 12
+2 4
+2 4
+2 4
+6 4
+17 26
+81 4
+5 4
+6 8
+6 4
+6 2
+1 2
-1 6
+1 6
+26 45
-22 13
+1 2
-1 1
+1 1
cfi=(70)
cfn=(224)
calls=1 25
* 7
* 2
1668 3
-59 6
1777 2

fn=(106)
706 11
+14 1
-14 2
+14 2
cfi=(37) ./elf/./elf/dl-hwcaps.c
cfn=(108) _dl_important_hwcaps
calls=1 172
* 1244
fi=(28)
56 1
fe=(30)
720 1
fi=(28)
56 1
cfi=(27)
cfn=(78)
calls=1 -20
* 30
fe=(30)
725 1
+2 3
+8 2
-1 3
+5 3
fi=(28)
56 1
cfi=(27)
cfn=(78)
calls=1 -20
* 30
fe=(30)
739 1
+2 4
+7 1
+8 1
+2 1
+12 2
-23 1
+9 1
+11 1
-4 1
-5 1
+3 2
+7 2
+2 2
-11 1
+11 3
-8 1
+4 1
+1 3
+1 16
cfi=(43)
cfn=(130)
calls=4 132
* 56
+2 15
-14 3
+10 3
+4 9
-12 3
-2 3
+2 3
+4 3
-3 3
+3 3
+1 3
-2 3
+5 9
+1 6
+3 1
+15 1
-8 1
+5 1
-6 1
+9 2
+2 4
+2 3
+36 5
+2 2
cfi=(22)
cfn=(62)
calls=1 57
* 17
* 9
-19 1
-2 1
+2 2
+19 9
cfi=(29)
cfn=(82)
calls=1 210
* 11
* 1
+5 4
-1 2
+2 1
+1 2
-2 4
+1 13
+1 26
-2 52
+5 1
fi=(28)
56 1
cfi=(27)
cfn=(78)
calls=1 -20
* 30
fe=(30)
836 1
fi=(28)
56 1
fe=(30)
838 2
+6 6
cfn=(132)
calls=1 468
* 581
+3 3
+6 1
+4 8
-35 2
+5 2

fn=(204) _dl_dst_count
238 4
+3 2
-3 10
+7 2
-7 4
+3 2
cfi=(41)
cfn=(118)
calls=2 32
* 72
+3 4
+20 18

fn=(208)
1812 8
+1 1
-1 3
+1 1
+6 2
+5 17
+67 2
-74 1
+7 3
+57 1
-65 1
+65 1
+10 2
-64 2
+8 6
+7 2
-11 1
+12 1
-1 4
cfi=(29)
cfn=(126)
calls=1 197
* 13
+1 21
+3 6
+5 21
cfi=(29)
cfn=(126)
calls=3 197
* 39
* 12
cfi=(29)
cfn=(126)
calls=3 197
* 39
+3 6
+6 9
+3 21
cfn=(170)
calls=3 1572
* 168
* 3
+2 9
+2 6
+93 9
-88 6
+1 21
+6 3
+2 6
-2 6
+2 3
cfi=(65)
cfn=(210)
calls=3 28
* 46
* 3
+3 3
-3 6
+1 2
+9 8
+2 1
-2 2
+2 3
+44 8
+6 2
-2 1
+2 2
+3 3
1822 2
+2 2

fn=(136)
385 18
241 4
385 2
241 2
cfi=(41)
cfn=(118)
calls=2 32
* 72
+3 4
410 2
-11 2
+11 12
-11 2
cfi=(44)
cfn=(138)
calls=2 40
* 180

fl=(78) ./elf/./elf/dl-lookup.c
fn=(270) _dl_lookup_symbol_x
772 1452
+3 242
-3 726
+3 242
-3 968
fi=(79) ./elf/../sysdeps/generic/dl-new-hash.h
74 242
+3 484
-8 242
+1 484
+10 242
+1 484
-1 1058
+1 2116
+20 1192
-2 1192
+6 1192
-3 2384
+2 1192
-30 1192
+3 2384
fe=(78)
774 242
+1 242
+3 242
-4 242
+1 242
+7 950
+5 242
-2 242
+2 242
-2 242
+6 3423
+1 3388
cfn=(274) do_lookup_x
calls=242 347
* 92619
* 726
+28 242
-23 726
+23 242
-23 484
+24 1394
+7 235
-7 235
+35 940
+34 940
-20 705
+3 470
-57 242
+76 2178
fi=(79)
87 108
+1 108
+1 216
+1 108
fe=(78)
871 2
-72 42
+18 21
+11 28

fn=(276) check_match
70 3750
+3 1478
+13 239
-13 239
+13 239
-13 239
+13 717
+3 1202
cfi=(32)
cfn=(94)
calls=181 +9
* 7712
* 362
+4 239
+1 478
+2 474
+19 474
+1 1896
+2 8
+43 235
+1 2000
-18 4
+2 4
+1 2
-1 4
+1 6
-1 4
-68 8
+39 699
cfi=(32)
cfn=(94)
calls=233 -19
* 6473
* 466
-44 44
+5 22

fn=(274)
347 2178
+1 242
-1 968
+6 242
-6 242
+65 242
-58 242
+11 242
+50 242
-3 484
+3 484
-50 242
+50 968
-19 2226
+8 742
-4 742
+1 742
+3 2968
+1 1484
+3 742
-3 742
+4 1484
+4 1484
-2 742
+5 2968
+3 5194
+99 1533
358 1492
+3 1492
+4 1516
+21 1484
+4 1484
+71 1880
fi=(4)
139 470
+1 705
fe=(78)
476 470
fi=(80) ./elf/../sysdeps/generic/dl-protected.h
29 940
fe=(78)
483 1620
+16 470
+1 235
+22 235
-21 235
+21 1645
-99 789
-1 526
+2 526
+2 258
+6 1032
-6 258
+6 1806
+7 1266
-10 3285
+2 250
+1 750
-1 250
+1 500
-1 250
+1 250
+1 250
-1 250
+1 250
-1 1750
cfn=(276)
calls=250 70
* 29717
+4 750
+3 30
+31 184
+52 7
-1 7
+1 49
-35 195

fl=(38) ./elf/../sysdeps/x86_64/dl-hwcaps-subdirs.c
fn=(110) _dl_hwcaps_subdirs_active
29 1
fi=(19)
+2 1
fe=(38)
+7 1
fi=(19)
-8 4
fe=(38)
+22 1
fi=(19)
-20 3
+4 1
fe=(38)
+2 1
fi=(19)
-2 2
+3 4
+1 4
+5 1
fe=(38)
-7 1
fi=(19)
+7 3
fe=(38)
-2 1
fi=(19)
+5 2
+3 5
+2 4
+1 2
+1 2
+3 1
fe=(38)
-10 1
fi=(19)
+10 3
fe=(38)

fl=(53)
fn=(172)
28 12
+3 6
-3 12
+3 36
+8 42
+2 6
-2 9
+2 6

fl=(51) ./setjmp/../sysdeps/x86_64/setjmp.S
fn=(162) __sigsetjmp
31 3
+2 3
+9 3
+1 6
+1 3
+4 3
+1 3
+1 3
+1 3
+1 3
+2 6
+2 3
+1 3
+1 3
+2 6
+2 3
+8 3
+3 3
+1 3
+7 3
+1 3

fl=(46)
fn=(146)
192 1
+2 2
+1 1
+15 2

fn=(248)
97 2
+3 1
-3 3
+3 1
-3 1
+3 1
-3 1
+3 1
-3 1
+3 1
cfi=(11)
cfn=(28)
calls=1 387
* 23
* 1
+1 4
cfi=(11)
cfn=(28)
calls=1 387
* 23
+1 1
+2 1
-3 1
+1 2
+2 3
+3 1
+2 1
-26 3
+28 3
+1 6

fn=(250)
216 9
+6 4
+3 2
+36 3
+2 1
-2 1
-2 1
-40 1
-1 1
-1 1
+46 2
+23 3
+3 1
-3 5
+2 2
+6 1
-33 2
+20 1
-20 5
+2 2
+3 1
-1 1
+5 2
-5 1
+1 1
-1 1
+3 2
+2 3
+32 2
-1 1
+53 1
-52 5
+2 2
+51 8

fn=(452)
523 11
+1 2
+4 1
+6 1
-6 1
+6 1
cfi=(24)
cfn=(86)
calls=1 42
* 3
+3 3
+12 1
-18 1
+42 3
-19 12
+9 3
+1 2
+6 3
+3 1
-2 1
+2 1
-2 1
+2 4
+4 1
-4 1
+4 1
-1 2
+4 2
+1 4
+2 2
+1 2
+17 1
-8 1
+8 1
+2 4
cfi=(29)
cfn=(126)
calls=1 197
* 13
* 6
cfi=(43)
cfn=(130)
calls=1 132
* 25
-49 1
+55 1
-55 4
+6 5
+55 2
cfi=(24)
cfn=(86)
calls=1 42
* 3
+3 2
+3 9

fn=(226)
125 1
+16 1
-13 1
-3 3
+3 1
+55 1
-2 1
+5 1
+1 2

fn=(252)
417 7
+2 1
+11 1
+1 1
fi=(28)
56 1
cfi=(27)
cfn=(78)
calls=1 -20
* 85
fe=(46)
432 2
+8 3
fi=(28)
44 1
fe=(46)
440 2
+5 1
-5 1
+1 1
+4 304
+19 1
-99 1
+4 1
+1 1
fi=(28)
44 1
cfi=(27)
cfn=(74)
calls=1 +36
* 41
fe=(46)
371 2
+3 1
+6 2
+90 7

fn=(438)
1017 8
+9 1
-9 1
+6 1
+4 1
+4 3
+34 2
+3 2
+1 3
+3 6

fl=(39) ./elf/./elf/dl-hwcaps_split.c
fn=(120) _dl_hwcaps_split
25 5
+1 3
+21 1
-20 1
+20 3

fn=(114) _dl_hwcaps_split_masked
51 110
-25 44
+36 5
-7 5
+7 35
-26 24
+5 27
cfi=(41)
cfn=(118)
calls=9 -9
* 216
* 9
+1 18
+3 6
+11 12
+1 18
+1 12
-2 6
+1 9
+1 6
-28 24
+4 48
+1 12
-1 30
+24 6
+9 12
-5 6
-2 6
+2 42
-19 6
cfi=(22)
cfn=(62)
calls=3 +14
* 51
* 6

fl=(42) ./string/../sysdeps/x86_64/multiarch/../multiarch/memcmp-sse2.S
fn=(122) bcmp
59 1
+12 1
+1 1
+22 1
+1 1
+45 1
+1 1
+2 1
+1 1
+2 1
+1 1
+2 1
+1 1
+47 1
+1 1
+1 1
+1 1
+1 1
+1 1

fl=(140)
fn=(498)
117 5
+5 1

fn=(436) mprotect
117 20
+5 4

fl=(41)
fn=(118)
32 15
+1 15
+1 15
+1 15
+1 15
+1 15
+1 15
+1 15
+1 15
+1 15
+1 15
+1 15
+1 15
+1 15
+1 15
+1 15
+1 15
+1 15
+1 13
+4 13
+1 13
+1 13
+1 13
+2 13
+4 2
+1 2
+1 2
+1 2
+1 2
+1 2
+1 2
+1 2
+1 2
+1 2
+1 2
+1 2
+1 2
+1 2
+1 2
+1 2
+1 2
+1 2
+1 2
+1 2
+1 2
+1 2
+1 2
+1 2
+52 2
+4 2
+1 2
+1 2
+1 2
+2 2

fl=(76)
fn=(504) _dl_cet_setup_features
331 1
+3 2
+16 1

fn=(260)
361 8
-76 1
-10 2
+2 2
-1 1
+6 1
+3 1
+8 1
-11 1
+1 1
-1 1
+1 1
-1 1
+1 1
+10 4
+3 1
+4 2
+2 2
-1 1
+2 2
+2 2
-1 2
+4 1
+2 1
+3 2
145 2
+12 2
+16 1
+6 1
363 6

fl=(371)
fn=(1852)
24 32
+4 8
+6 4
-2 4
+3 8
+3 2
+1 2
-1 2
+1 4
+3 8
+1 2
cob=(4)
cfi=(160)
cfn=(1880)
calls=1 -43
* 98
cob=(5)
cfi=(165)
cfn=(1854) 0x0000000000009290
calls=1 -43
* 98
-1 8
+5 4
+1 8
+1 4
+1 10
-1 2
cob=(3)
cfi=(157)
cfn=(1896)
calls=1 -49
* 4
cob=(3)
cfi=(157)
cfn=(1876)
calls=1 -49
* 4
+1 12

fl=(57)
fn=(182)
47 12
+3 24
-3 72
+6 24
+5 72
+2 48
-7 29

fl=(15) ./elf/../sysdeps/x86/dl-get-cpu-features.c
fn=(474) __x86_cpu_features
71 1
-32 3
+32 2

fn=(34) _dl_x86_init_cpu_features
37 1
+2 3
+2 1
cfi=(16)
cfn=(36)
calls=1 682
* 7344

fl=(55)
fn=(178)
30 3
+9 12
+33 3

fl=(1) ???
fn=(0) 0x000000000001f540
0 2
cfi=(2)
cfn=(2)
calls=1 517
0 244798
0 8
cfi=(76)
cfn=(504)
calls=1 331
0 4
0 10
cfi=(159)
cfn=(508)
calls=1 81
0 393
0 3
cob=(5)
cfi=(165)
cfn=(534) (below main)
calls=1 0
0 455221661

fl=(77)
fn=(262)
207 55
+1 10
+12 4
+4 16
-4 4
+6 12
+3 4
-1 4
+1 8
+22 20
+4 4
+7 6
fi=(6)
81 8
fi=(4)
-2 4
fe=(77)
301 8
fi=(4)
79 8
fe=(77)
301 9833
fi=(4)
79 1
fe=(77)
301 1
fi=(4)
79 2
fe=(77)
301 154
-80 8
fi=(6)
393 8
fe=(77)
190 4
+31 4
-31 4
fi=(6)
393 12
fi=(5)
49 4
fe=(77)
301 4
fi=(5)
50 4
+30 4
-31 8
+4 4
-3 4
+3 4
-3 4
+3 12
+27 8
-31 4
fe=(77)
301 4
fi=(5)
50 4
+30 4
-31 8
+4 4
-3 4
+3 4
-3 4
+3 12
+27 8
fe=(77)
301 24
fi=(5)
51 4
fi=(4)
+28 20
fi=(6)
730 8
+4 6
fe=(77)
304 20
+24 4
+3 8
+17 12
+2 40
-98 8
+3 4
+7 2
-9 2
+9 4
fi=(6)
81 4
fi=(5)
+33 24
+9 14
+1 2
fi=(6)
498 2
fi=(5)
124 2
fi=(6)
498 4
fi=(5)
124 921
fi=(6)
498 921
fi=(5)
124 921
fi=(6)
498 1842
+5 1846
+1 923
fi=(5)
123 923
fi=(6)
504 923
-5 923
fi=(5)
123 1846
+3 24
+3 24
+2 21
fe=(77)
+59 6
fi=(5)
73 3
fe=(77)
190 3
fi=(5)
72 3
fe=(77)
190 27
fi=(5)
-57 6
+1 3
+1 3
-2 3
+2 3
+3 3
-5 3
+2 3
-2 3
+1 6
+2 3
-2 3
+2 9
+2 6
-5 596
+1 298
+1 298
-2 298
+2 298
+3 298
-5 298
+2 298
-2 298
+1 596
+2 298
-2 298
+2 894
+2 596
+9 254
fi=(6)
267 508
+7 508
+4 508
fe=(77)
170 1016
fi=(4)
-30 717
fe=(77)
+31 478
+3 478
+8 464
-8 2070
+12 454
-3 227
+1 227
+2 918
-3 5
+1 5
+2 252
+1 232
-1 232
+2 464
-1 928
+3 1392
cfi=(78)
cfn=(270)
calls=232 772
* 127090
+3 232
+1 464
-4 232
+4 1160
fi=(6)
+93 953
+3 236
-3 723
+3 251
-3 251
+5 552
+25 1524
423 24
fi=(5)
150 24
fi=(6)
423 452
fi=(5)
150 722
-19 1213
+33 12
+1 64
+1 189
+3 94
+4 47
-1 47
-3 47
+2 94
+2 47
-2 94
fe=(77)
-1 188
fi=(6)
287 47
+3 47
-3 47
+4 94
476 94
+2 47
cfi=(15)
cfn=(474)
calls=1 71
* 6
cob=(2)
cfi=(139)
cfn=(432)
calls=1 31
* 21
cob=(2)
cfi=(138)
cfn=(428)
calls=1 33
* 22
cob=(2)
cfi=(137)
cfn=(424)
calls=1 31
* 18
cob=(2)
cfi=(136)
cfn=(422)
calls=1 29
* 7
cob=(2)
cfi=(134)
cfn=(418)
calls=1 29
* 23
cob=(2)
cfi=(133)
cfn=(414)
calls=1 29
* 22
cob=(2)
cfi=(132)
cfn=(410)
calls=1 33
* 17
cob=(2)
cfi=(131)
cfn=(406)
calls=1 29
* 22
cob=(2)
cfi=(129)
cfn=(402)
calls=1 29
* 24
cob=(2)
cfi=(128)
cfn=(398)
calls=1 29
* 19
cob=(2)
cfi=(127)
cfn=(394)
calls=1 29
* 25
cob=(2)
cfi=(100)
cfn=(390)
calls=1 31
* 18
cob=(2)
cfi=(126)
cfn=(386)
calls=1 31
* 21
cob=(2)
cfi=(125)
cfn=(382)
calls=1 29
* 17
cob=(2)
cfi=(123)
cfn=(378)
calls=2 31
* 20
cob=(2)
cfi=(121)
cfn=(374)
calls=1 29
* 24
cob=(2)
cfi=(120)
cfn=(370)
calls=1 31
* 25
cob=(2)
cfi=(119)
cfn=(366)
calls=1 31
* 21
cob=(2)
cfi=(117)
cfn=(362)
calls=1 29
* 17
cob=(2)
cfi=(116)
cfn=(360)
calls=1 60
* 16
cob=(2)
cfi=(115)
cfn=(358)
calls=1 29
* 7
cob=(2)
cfi=(113)
cfn=(354)
calls=1 31
* 21
cob=(2)
cfi=(112)
cfn=(352)
calls=1 67
* 21
cob=(2)
cfi=(110)
cfn=(348)
calls=2 31
* 46
cob=(2)
cfi=(108)
cfn=(344)
calls=1 31
* 19
cob=(2)
cfi=(107)
cfn=(340)
calls=1 30
* 25
cob=(2)
cfi=(106)
cfn=(336)
calls=1 28
* 25
cob=(2)
cfi=(104)
cfn=(332)
calls=1 29
* 24
cob=(2)
cfi=(103)
cfn=(330)
calls=1 65
* 19
cob=(2)
cfi=(100)
cfn=(324)
calls=2 31
* 50
cob=(2)
cfi=(98)
cfn=(320)
calls=1 29
* 22
cob=(2)
cfi=(96)
cfn=(316)
calls=1 31
* 18
cob=(2)
cfi=(95)
cfn=(312)
calls=1 29
* 25
cob=(2)
cfi=(94)
cfn=(308)
calls=1 29
* 22
cob=(2)
cfi=(92)
cfn=(304)
calls=1 29
* 22
cob=(2)
cfi=(91)
cfn=(300)
calls=1 29
* 19
cob=(2)
cfi=(89)
cfn=(296)
calls=1 29
* 24
cob=(2)
cfi=(87)
cfn=(292)
calls=1 30
* 19
cob=(2)
cfi=(86)
cfn=(290)
calls=1 79
* 19
cob=(2)
cfi=(85)
cfn=(288)
calls=1 29
* 7
cob=(2)
cfi=(83)
cfn=(284)
calls=2 31
* 50
cob=(2)
cfi=(81)
cfn=(280)
calls=1 86
* 28
fi=(5)
165 47
fi=(6)
479 47
fi=(5)
165 100
-14 465
fi=(6)
460 12
+5 8
-1 12
+1 8
-1 4
cfi=(29)
cfn=(82)
calls=4 210
* 44
+2 20
+1 8
-67 48
+2 64
+4 16
+9 16
-9 32
+9 16
fi=(5)
150 32
fi=(6)
320 155
+3 155
-36 75
fi=(5)
141 47
+1 47
-1 141
+2 47
fi=(6)
287 235
fe=(77)
175 63
+3 7
-1 7
+19 7
-18 14
fi=(6)
295 50
+1 75
+11 50
+7 25
cob=(2)
cfi=(144)
cfn=(450)
calls=1 64
* 10
cob=(2)
cfi=(129)
cfn=(402)
calls=1 29
* 24
cob=(2)
cfi=(143)
cfn=(446)
calls=1 32
* 25
cob=(2)
cfi=(117)
cfn=(362)
calls=1 29
* 17
cob=(2)
cfi=(133)
cfn=(414)
calls=1 29
* 22
cob=(2)
cfi=(139)
cfn=(432)
calls=1 31
* 21
cob=(2)
cfi=(142)
cfn=(444)
calls=1 38
* 7
cob=(2)
cfi=(98)
cfn=(320)
calls=1 29
* 22
cob=(2)
cfi=(94)
cfn=(308)
calls=1 29
* 22
cob=(2)
cfi=(131)
cfn=(406)
calls=1 29
* 22
cob=(2)
cfi=(86)
cfn=(290)
calls=1 79
* 19
cob=(2)
cfi=(96)
cfn=(316)
calls=1 31
* 18
cob=(2)
cfi=(121)
cfn=(374)
calls=1 29
* 24
cob=(2)
cfi=(134)
cfn=(418)
calls=1 29
* 23
cob=(2)
cfi=(115)
cfn=(358)
calls=1 29
* 7
cob=(2)
cfi=(141)
cfn=(440)
calls=1 29
* 19
cob=(2)
cfi=(89)
cfn=(296)
calls=1 29
* 24
cob=(2)
cfi=(106)
cfn=(336)
calls=1 28
* 25
cob=(2)
cfi=(91)
cfn=(300)
calls=1 29
* 19
cob=(2)
cfi=(103)
cfn=(330)
calls=1 65
* 19
cob=(2)
cfi=(127)
cfn=(394)
calls=1 29
* 25
cob=(2)
cfi=(125)
cfn=(382)
calls=1 29
* 17
cob=(2)
cfi=(112)
cfn=(352)
calls=1 67
* 21
cob=(2)
cfi=(128)
cfn=(398)
calls=1 29
* 19
cob=(2)
cfi=(113)
cfn=(354)
calls=1 31
* 21
* 100
fe=(77)
+42 20
+3 4
-3 4
+3 4
+4 8
+1 16
cfi=(140)
cfn=(436)
calls=4 117
* 24
* 8
-63 6
fi=(5)
180 7
fe=(77)
+10 2
fi=(5)
73 1
fe=(77)
190 3
fi=(6)
436 7
fi=(5)
182 2
+1 2
-1 1
+3 1
-3 4
+3 2
-3 10
+1 10
-1 5
+3 5
-3 20
+3 10
+8 6
fi=(6)
+74 12
+7 12
+4 12
fe=(77)
170 24
fi=(4)
-30 18
fe=(77)
+31 12
+3 12
+8 12
-8 54
+12 12
-3 6
+1 6
+2 36
+4 24
-4 6
+4 18
cfi=(78)
cfn=(270)
calls=6 772
* 3007
+3 6
+1 12
-4 6
+4 30
fi=(6)
+93 20
+3 2
-3 6
+3 2
-3 2
+5 4
+25 36
423 6
fi=(5)
196 18
-16 24
+31 7
fe=(77)
-33 7
-3 21

fl=(49)
fn=(156)
32 6
+1 3
+1 2
+5 6
+1 4
+1 4
+1 4
+2 1
+3 3
+1 2
-1 6
+1 4
+3 4
+1 4
+1 4
+1 4
+2 3
+6 1
-1 1
+1 1
+2 2
-1 2
+2 1
+2 6
-5 12
-1 12
+1 12
+2 24
-1 24
+2 12
+2 72
+2 1
+1 4
+1 3

fl=(52)
fn=(168)
68 98
+1 28
cfi=(32)
cfn=(94)
calls=14 +29
* 440
* 28
+3 14
+2 28
+6 15
-6 30
+1 54
cfi=(32)
cfn=(94)
calls=18 +23
* 592
* 36
+8 3
-13 3
+13 20
-1 11
+1 33

fn=(216)
36 2
+3 1
-3 7
+3 1
-3 2
+3 1
cfi=(53)
cfn=(172)
calls=1 -11
* 20
+1 2
+23 8
-21 4
cfi=(55)
cfn=(178)
calls=1 -12
* 6
* 2
+2 2
+3 2
+13 2
cfi=(62)
cfn=(194)
calls=1 -35
* 6
* 1
-11 6
cfi=(57)
cfn=(182)
calls=1 -2
* 26
* 2

fl=(37)
fn=(108)
172 6
+3 1
-3 3
+3 1
-3 5
+2 1
cfi=(38)
cfn=(110)
calls=1 29
* 49
+1 1
fi=(40) ./elf/./dl-hwcaps.h
43 1
fe=(37)
174 1
fi=(40)
45 2
+32 1
+1 1
+1 1
fe=(37)
-27 2
cfi=(39)
cfn=(114)
calls=1 -1
* 23
* 2
fi=(40)
-9 1
+2 1
-2 1
+34 2
+1 2
+1 1
fe=(37)
-24 2
-1 2
+1 2
+1 2
+1 2
-5 4
cfi=(39)
cfn=(114)
calls=2 -1
* 130
* 2
cfi=(39)
cfn=(114)
calls=1 -1
* 125
* 6
+48 4
fi=(28)
-44 2
cfi=(27)
cfn=(78)
calls=1 -20
* 30
fe=(37)
+46 2
-2 1
+2 1
+3 1
+3 1
fi=(40)
-65 1
+2 1
fe=(37)
+67 1
fi=(40)
-66 1
fe=(37)
+66 2
cfi=(39)
cfn=(120)
calls=1 -87
* 13
* 2
fi=(40)
-69 1
+2 1
-2 1
+34 2
+1 2
+1 1
fe=(37)
+48 10
+1 4
+1 2
+1 2
-1 2
-4 4
cfi=(39)
cfn=(114)
calls=2 -74
* 130
* 2
cfi=(39)
cfn=(114)
calls=1 -74
* 125
* 6
+8 3
+9 5
+3 8
-2 6
+14 1
+4 1
+1 1
+1 1
-20 3
+19 1
+1 1
-20 2
+8 2
+4 2
-4 3
+4 2
cfi=(42)
cfn=(122)
calls=1 -96
* 19
+1 3
-14 8
+47 1
-4 2
+4 2
-3 1
+7 1
-7 2
+7 1
fi=(28)
56 1
cfi=(27)
cfn=(78)
calls=1 -20
* 30
* 1
fe=(37)
194 2
+8 1
fi=(40)
43 1
fe=(37)
201 1
80 1
fi=(40)
-35 1
fe=(37)
+35 1
202 1
fi=(40)
77 1
+1 1
fe=(37)
202 3
fi=(40)
79 1
fe=(37)
-2 2
cfi=(39)
cfn=(114)
calls=1 -26
* 23
* 2
fi=(40)
-34 1
+2 1
fe=(37)
+35 2
fi=(40)
-37 1
+34 2
+1 2
+1 3
fe=(37)
+1 4
+7 2
-7 8
cfi=(29)
cfn=(126)
calls=2 197
* 26
+4 2
+2 2
+2 2
-2 4
-9 4
cfi=(39)
cfn=(114)
calls=2 -26
* 130
* 2
cfi=(39)
cfn=(114)
calls=1 -26
* 125
* 6
213 2
-5 1
+1 1
-1 1
+5 1
+3 9

fl=(64)
fn=(206) openaux
61 12
+7 2
-4 6
+1 2
-1 14
cfi=(30)
cfn=(166)
calls=2 1967
* 5401
* 2
+5 6

fn=(202)
143 4
+1 2
-1 1
+1 1
-1 2
+1 1
-1 1
+1 1
-1 4
+1 3
-1 1
+1 7
-8 1
+8 2
-8 1
-6 1
-2 1
+16 1
-8 1
-7 1
+1 1
+6 1
+24 4
-28 3
-2 1
+31 1
-33 2
+2 2
+30 2
-30 1
-1 4
+7 4
+24 3
+28 3
-6 1
+46 1
fi=(72) ./elf/../include/scratch_buffer.h
77 1
fe=(64)
+87 1
fi=(72)
-87 1
+1 1
fe=(64)
184 1
+44 4
-31 1
-4 1
+4 5
-4 3
+4 6
+11 12
-18 2
+18 4
417 8
+2 2
+3 2
-3 6
+3 2
-3 2
fi=(28)
56 2
cfi=(27)
cfn=(78)
calls=2 -20
* 60
fe=(64)
423 6
fi=(28)
56 2
fe=(64)
423 2
+6 2
+1 10
cfi=(29)
cfn=(82)
calls=2 210
* 22
+1 10
cfi=(29)
cfn=(82)
calls=2 210
* 22
+3 2
+1 4
+4 12
188 6
442 9
-1 4
+1 8
183 6
+27 8
+7 2
+4 2
-6 2
+1 2
+1 2
+1 4
+3 6
-2 2
-29 10
+32 112
+6 8
cfi=(30)
cfn=(204)
calls=2 +10
* 118
* 6
+4 4
-2 2
+2 4
cfi=(50)
cfn=(160) _dl_catch_exception
calls=2 -28
* 5577
+1 4
+9 2
+2 4
+5 10
+6 2
+2 2
-8 4
+3 2
+1 2
+1 2
+1 2
+4 2
-3 2
+3 6
+4 6
+1 3
-43 230
+7 4
+38 162
fi=(72)
85 3
fe=(64)
448 5
+1 1
+3 4
+11 5
fi=(28)
56 1
cfi=(27)
cfn=(78)
calls=1 -20
* 30
fe=(64)
465 3
fi=(28)
56 1
fe=(64)
465 1
+5 2
+1 1
-1 3
+4 3
-2 2
+13 3
+5 3
-16 9
+11 3
-7 3
+7 3
-2 6
-5 1
+7 1
-2 2
+2 1
-11 1
+11 1
+5 1
-16 3
+21 3
+37 2
+15 2
-14 2
+20 1
-1 4
+1 4
-1 5
cfi=(13)
cfn=(232)
calls=1 298
* 277
+5 1
+2 1
+1 1
+1 2
-2 1
+2 1
+7 3
+3 2
+3 8
198 25
+3 2
fi=(72)
-70 8
cfi=(71)
cfn=(228)
calls=2 30
* 50
fe=(64)
+70 6
+4 4
547 4
cfi=(29)
cfn=(82)
calls=1 210
* 11
* 3
-53 2
144 2

fl=(54)
fn=(174)
25 2
+1 8
+1 2

fl=(45)
fn=(144)
56 3
+3 2
+4 1
+22 1
+10 1
-32 2
+1 1
+21 2
+5 2
+1 1
+4 1
-4 1
-1 1
+2 1
+3 1
+4 2
+8 2
-50 1
+4 2
+35 6

fn=(196)
38 3
+3 3
-1 6
+4 6
+4 3

fn=(150)
116 2
+1 2

fl=(26)
fn=(72)
59 45
+3 6
+18 4
+3 2
cfi=(22)
cfn=(62)
calls=2 -26
* 52
+4 2
-4 2
+4 2
+5 2
-9 6
fi=(28)
-39 4
cfi=(27)
cfn=(74)
calls=2 +36
* 183
fe=(26)
+39 1
fi=(28)
-39 2
cfi=(27)
cfn=(74)
calls=1 +36
* 47
* 3
fe=(26)
+51 6
+5 3
+4 3
-6 3
+2 3
+4 3
-5 3
+4 3
+1 3
-1 3
+1 6
cfi=(29)
cfn=(82)
calls=3 210
* 44
* 3
+15 3
-15 3
+2 3
+13 6
+6 1
+2 7
+3 2
-3 14
+3 4
+2 3
+4 3
+3 10
+2 12
-2 8
+2 8
-2 16
+16 6
-5 3
+5 3
-6 3
+6 3
-6 3
+6 6
+2 4
+3 4
-3 4
+7 8
+4 6
+8 1
+13 1
-10 2
+10 5
-10 4
+10 6
+2 2
cfi=(22)
cfn=(62)
calls=2 57
* 70
+21 2
-21 6
+17 2
-13 6
+50 6
cfi=(29)
cfn=(126)
calls=2 -48
* 34
* 2
+5 4
+1 4
-1 80
+1 80
+4 4
+1 2
+3 2
+4 27
131 6
-8 2
-4 4
+34 1
+7 4
+8 8
fi=(28)
56 4
cfi=(27)
cfn=(78)
calls=2 -20
* 60
* 2
fe=(26)
200 4
-1 4
64 2
+2 3
+1 2
+4 6
+6 2

fn=(84)
31 12
+2 3
-2 6
+2 3
-2 9
+2 3
cfi=(24)
cfn=(86)
calls=3 +9
* 9
+2 26
+3 20
+2 2
+2 2
+4 2
+4 2
-4 4
+1 4
+1 4
+3 10
-1 2
cfi=(24)
cfn=(86)
calls=2 -8
* 6
-4 1
+4 1
-4 2
+1 2
+1 2
+3 5
-1 1
cfi=(24)
cfn=(86)
calls=1 -8
* 3
-5 2

fl=(58)
fn=(184)
33 2
+2 7
-2 4
+7 1
-7 2
+7 1
-7 2
+7 1
-7 1
+7 1
cfi=(11)
cfn=(28)
calls=1 387
* 24
* 3
+7 1
+2 6

fl=(7)
fn=(12)
42 1
+1 2
+1 2
+1 2
+1 2
+1 1

fn=(134)
239 2
+3 4
+2 2
+1 4
+4 3
-2 2
+4 28
+5 84
-2 56
+13 1
+4 4
-22 14
+15 14
-15 30

fn=(466) lookup_malloc_symbol
61 8
+3 4
-3 12
+3 4
-3 12
+3 4
-3 4
+2 4
+1 16
cfi=(78)
cfn=(270)
calls=4 772
* 2563
+4 28
+1 28
+2 4
fi=(148) ./elf/./dl-sym-post.h
-30 8
+12 12
fe=(7)
+19 24

fn=(462)
76 2
+10 1
fi=(147) ./elf/../sysdeps/generic/dl-hash.h
-41 1
-1 1
fe=(7)
+32 8
+11 1
-1 1
fi=(147)
-43 1
+5 3
+14 4
-17 3
+3 15
+14 20
-17 15
fe=(7)
+46 2
fi=(147)
-24 1
fe=(7)
+22 1
+2 2
fi=(147)
-19 1
fe=(7)
+19 1
cfn=(466)
calls=1 -30
* 574
+1 3
-1 1
+1 1
cfn=(466)
calls=1 -31
* 688
+1 3
-1 1
+1 1
cfn=(466)
calls=1 -32
* 773
+1 3
-1 1
+1 1
cfn=(466)
calls=1 -33
* 700
+5 1
+1 1
+1 1
+1 1
+1 8

fl=(44)
fn=(138)
40 18
+1 3
cfi=(22)
cfn=(62)
calls=3 +16
* 87
* 3
fi=(391) ./string/../include/rtld-malloc.h
+15 6
cfi=(27)
cfn=(78)
calls=3 -20
* 90
fe=(44)
-12 6
+3 9
+1 9
-1 3
cfi=(29)
cfn=(82)
calls=3 210
* 41

fl=(145)
fn=(458) _dlfo_process_initial
474 2
+3 2
-3 6
+1 2
+3 4
+26 14
+1 6
+1 8
-1 16
+3 28
+3 24
-7 10
+27 2
-2 2
+2 6
-18 18
+3 6
-1 6
cfi=(146) ./elf/./dl-find_object.h
cfn=(456) _dl_find_object_from_map
calls=3 95
* 189
+2 12

fn=(460) _dlfo_sort_mappings
536 1
+1 2
+3 4
+4 1
+1 1
-1 1
+1 2
-1 1
+1 1
-1 1
+1 6
+1 15
+3 2
-1 2
-3 9
+8 6
+1 4
-1 2
-13 4
+14 6
+1 4
-15 4
+17 1

fn=(454)
561 2
+3 1
-3 3
+5 2
+13 1
cfn=(458)
calls=1 474
* 81
+1 1
-1 1
+1 1
fi=(28)
56 1
cfi=(27)
cfn=(78)
calls=1 -20
* 30
fe=(145)
580 1
fi=(28)
56 1
fe=(145)
582 2
+3 2
+5 1
+1 1
cfn=(458)
calls=1 474
* 282
+3 3
+10 4
-37 2
cfi=(146)
cfn=(456)
calls=1 95
* 68
* 1
+29 2
cfn=(460)
calls=1 -60
* 80
+3 6
+2 1

fl=(50)
fn=(236)
186 2
58 1
186 4
+2 1
-2 1
58 1
+1 1
+11 1
192 1
+2 1
cfi=(2)
cfn=(238)
calls=1 674
* 5508
69 2
+1 1
198 1
-1 1
+1 3

fn=(160)
204 18
58 3
204 6
+3 6
+22 3
-1 3
+1 3
58 6
235 9
cfi=(51)
cfn=(162)
calls=3 31
* 72
* 9
+2 9
cfi=(64)
cfn=(206)
calls=2 61
* 5445
cfi=(2)
cfn=(164)
calls=1 641
* 2662
69 3
+1 3
-1 3
+1 3
239 12
-25 3
+34 9
59 6
+11 9

fn=(158)
254 6
+2 1
-2 6
+2 1
cfn=(160)
calls=1 -52
* 2728
+1 2
+1 1
+1 1
-1 1
+1 1
+2 6

fl=(11)
fn=(58)
153 15
-81 40
+81 15
-81 10
+10 5
fi=(392) ./elf/./dl-tunable-types.h
+2 5
fe=(11)
+9 40
+1 25
fi=(12) ./elf/./elf/dl-tunables.h
+47 10
fe=(11)
-26 25
+1 5
+1 5
+1 5
+39 15
fi=(12)
-15 10
fe=(11)
-45 10
+3 5
fi=(12)
+51 5
fe=(11)
-51 5
+4 10
+7 10
+1 10
-12 25

fn=(22) __GI___tunables_init
261 8
+22 1
-22 1
128 1
283 1
-22 1
+6 4
42 210
+6 41
-3 41
+3 3067
+4 82
+4 82
fi=(12)
160 41
fe=(11)
56 82
fi=(12)
161 22
-1 107
+1 145
-1 82
fe=(11)
281 6724
+6 12177
fi=(12)
160 410
+1 820
-1 41
+1 164
-1 205
fe=(11)
304 8

fn=(28)
387 37
+3 74
-3 37
+3 296
+9 34
-9 68
+19 22
+7 222
+2 37
-19 15
+1 15
+9 6

fl=(63)
fn=(200)
25 1
+2 7
+4 1

fl=(43)
fn=(130)
132 7
+1 35
+5 7
+1 7
+3 2
+1 2
244 2
+1 2
+12 2
+3 2
+1 2
+12 2
+1 2
+13 2
+1 2
+2 2
+3 1
+3 2
+3 1
+1 1
+1 1
+1 1
+1 1
+1 1
+1 1
-6 34
+1 34
+1 34
+1 34
+1 34
+1 34
+1 34
+3 2
+1 2
+1 2
+1 2
+5 2
+34 5
+2 5
+1 5
+39 5
+1 5
+2 5

fl=(146)
fn=(456)
95 8
+1 8
+1 4
+6 20
+1 119
+1 82
+2 12
+5 4

fl=(29)
fn=(82)
210 20
+1 20
+6 20
+1 20
+2 10
+1 10
+1 10
+2 7
+1 7
+1 7
+2 7
+80 10
+1 10
+2 1
+4 1
+1 1
+1 1
+1 1
+1 1
+4 1
+2 1
+39 9
+1 9
+1 9
+1 9
+1 9
+7 3
+1 3
+1 3
+1 3
+1 3
+1 3
+1 3
+11 3
+1 3
+2 3
+1 3
+1 3

fn=(126)
197 13
+1 13
+1 13
+1 13
+17 13
+1 13
+2 5
+1 5
+1 5
+2 4
+1 4
+1 4
+2 4
+80 8
+1 8
+2 1
+4 1
+1 1
+1 1
+8 1
+39 7
+1 7
+1 7
+1 7
+1 7
+7 1
+1 1
+1 1
+1 1
+1 1
+1 1
+1 1
+11 1
+1 1
+2 1
+1 1
+1 1

fl=(48)
fn=(198)
77 2
+1 8

fn=(554)
118 1
+1 4

fn=(152)
29 2
+2 1
-2 5
+1 1
+1 2
+6 6

fn=(494)
41 3
+4 12
+1 3
+1 15

fn=(1878)
97 4
+1 16

fl=(150)
fn=(472)
74 30
+2 3
-2 6
+4 3
-4 3
+2 3
+2 9
+37 3
-37 9
+1 6
+2 12
+3 25
+2 6
-54 3
+54 3
-54 3
+54 3
-54 9
+1 9
+2 6
+1 6
+12 9
+3 3
+2 6
-2 3
+2 9
cfi=(32)
cfn=(94)
calls=3 +45
* 209
* 6
+4 6
+1 3
-1 3
+1 18
+1 9
cfi=(32)
cfn=(94)
calls=3 +39
* 198
* 6
+57 27
-23 6

fl=(9)
fn=(18) _dl_sysdep_parse_arguments
78 1
+2 1
-2 6
+1 1
+1 1
-1 1
+2 2
+2 1
-2 1
+2 2
-1 1
+1 2
-1 40
+1 80
+7 56
fi=(10) ./elf/../sysdeps/unix/sysv/linux/dl-parse_auxv.h
-49 1
fe=(9)
+45 1
fi=(10)
-54 1
fe=(9)
+54 1
fi=(10)
-54 1
+1 1
+1 1
+7 3
+1 44
+1 22
-2 22
+2 22
-2 67
fe=(9)
+52 3
+1 1
+1 2
fi=(10)
-49 1
+1 1
fe=(9)
+46 1
fi=(10)
-45 1
+3 1
+1 1
+1 1
+1 1
+2 1
-5 1
-4 1
+1 1
+4 1
+1 1
+3 1
-7 1
-4 1
+1 1
+8 1
fe=(9)
+40 1
-1 1
+2 1
+1 6

fn=(16)
102 5
+4 1
-4 1
+1 1
+3 1
cfn=(18)
calls=1 -28
* 417
+4 2
cfi=(11)
cfn=(22)
calls=1 261
* 24568
+3 1
cfi=(13)
cfn=(26)
calls=1 289
* 38
+2 2
cfi=(14)
cfn=(30)
calls=1 -79
* 8
fi=(6)
220 1
cfi=(15)
cfn=(34)
calls=1 37
* 7349
fe=(9)
-98 3
+1 1
cfi=(22)
cfn=(62)
calls=1 -66
* 17
* 1
+2 2
cfi=(23)
cfn=(64)
calls=1 -88
* 16
* 3
+12 3
+3 5
cfi=(2)
cfn=(66)
calls=1 1346
* 211675
+3 4

fn=(492)
147 1
+1 1

fl=(32)
fn=(244)
98 1
+27 1
+1 1
+1 1
+1 1
+1 1
+2 1
+1 1
+2 1
+1 1
+21 1
+1 1
+1 1
+1 1
+1 1
+1 1
+1 1
+1 1
+17 1
+1 1
+1 1
+1 1
+1 1
+1 1
+1 1
2104 1
+3 1
+1 1
+2 1
+1 1
+8 1
+1 1

fn=(94)
98 470
+33 470
+1 470
+2 470
+1 470
+21 470
+1 470
+1 397
+1 397
+1 362
+1 362
+1 362
+1 362
+17 362
+1 362
+1 362
+1 362
+1 362
+1 362
+1 362
+5 13
+1 39
+9 13
+1 13
+1 13
+1 13
+1 13
+1 13
+1 13
+1 13
-7 108
+1 108
+1 108
+1 108
+1 108
+1 108
+1 108
+1 108
+1 113
+1 56
+1 56
+1 56
+2 56
+1 56
+1 56
+1 56
+1 56
+1 56
-5 57
+1 57
+1 57
+1 57
+1 57
+1 57
+10 8
+1 8
+1 8
+2 8
+6 8
+1 8
+1 8
+1 8
+1 8
+5 8
+2 2
+1 2
+1 4
+8 2
+1 2
+3 2
+1 2
+1 2
+1 2
+1 2
+1 2
+31 6
+1 6
+1 6
+1 6
+1 6
+2 6
+1 6
+1 6
+1 6
+1 6
+1 6
+1 6
+1 6
+3 6
+1 6
+1 6
+6 6
+1 6
+1 12
+4 6
+1 6
+3 6
+1 6
+1 6
+2 6
+1 6
+1 6
+4 6
+1 6
+1 6
+1 6
+1 6
+1 6
+75 1
+1 1
+1 1
+1 1
+1 1
+2 1
+1 1
+1 1
+1 1
+1 1
+1 1
+1 1
+1 1
+3 1
+1 1
+1 1
+6 1
+1 1
+1 2
+4 1
+1 1
+3 1
+1 1
+1 1
+2 1
+1 1
+1 1
+4 1
+1 1
+1 1
+1 1
+1 1
+1 1
+69 1
+1 1
+1 1
+1 1
+1 1
+2 1
+1 1
+1 1
+1 1
+1 1
+1 1
+1 1
+1 1
+4 1
+1 1
+1 1
+6 1
+1 1
+1 2
+4 1
+1 1
+3 1
+1 1
+1 1
+2 1
+1 1
+1 1
+4 1
+1 1
+1 1
+1 1
+1 1
+1 1
+69 2
+1 2
+1 2
+1 2
+1 2
+2 2
+1 2
+1 2
+1 2
+1 2
+1 2
+1 2
+1 1
+4 1
+1 1
+1 1
+6 1
+1 1
+1 2
+4 1
+1 1
+3 1
+1 1
+1 1
+2 1
+1 1
+1 1
+4 1
+1 1
+1 1
+1 1
+1 1
+1 1
+7 1
+1 1
+2 1
+1 1
+2 1
+1 1
+1 1
+2 1
+1 1
+1 1
+4 1
+1 1
+1 1
+1 1
+1 1
+1 1
+41 2
+1 2
+1 2
+1 2
+1 2
+2 2
+1 2
+1 2
+1 2
+1 2
+1 2
+1 2
+1 1
+4 1
+1 1
+1 1
+6 1
+1 1
+1 2
+4 1
+1 1
+3 1
+1 1
+1 1
+2 1
+1 1
+1 1
+4 1
+1 1
+1 1
+1 1
+1 1
+1 1
+69 4
+1 4
+1 4
+1 4
+1 4
+2 4
+1 4
+1 4
+1 4
+1 4
+1 4
+1 4
+1 3
+4 3
+1 3
+1 3
+6 3
+1 3
+1 6
+4 3
+1 3
+3 3
+1 3
+1 3
+2 3
+1 3
+1 3
+4 3
+1 3
+1 3
+1 3
+1 3
+1 3
+7 1
+1 1
+2 1
+1 1
+2 1
+1 1
+1 1
+2 1
+1 1
+1 1
+4 1
+1 1
+1 1
+1 1
+1 1
+1 1
+41 3
+1 3
+1 3
+1 3
+1 3
+2 3
+1 3
+1 3
+1 3
+1 3
+1 3
+1 3
+1 3
+4 3
+1 3
+1 3
+6 3
+1 3
+1 6
+4 3
+1 3
+3 3
+1 3
+1 3
+2 3
+1 3
+1 3
+4 3
+1 3
+1 3
+1 3
+1 3
+1 3
+69 12
+1 12
+1 12
+1 12
+1 12
+2 12
+1 12
+1 12
+1 12
+1 12
+1 12
+1 12
+1 7
+4 7
+1 7
+1 7
+6 7
+1 7
+1 14
+4 7
+1 7
+3 7
+1 7
+1 7
+2 7
+1 7
+1 7
+4 7
+1 7
+1 7
+1 7
+1 7
+1 7
+69 9
+1 9
+1 9
+1 9
+1 9
+2 9
+1 9
+1 9
+1 9
+1 9
+1 9
+1 9
+1 5
+4 5
+1 5
+1 5
+6 5
+1 5
+1 10
+4 5
+1 5
+3 5
+1 5
+1 5
+2 5
+1 5
+1 5
+4 5
+1 5
+1 5
+1 5
+1 5
+1 5
+69 11
+1 11
+1 11
+1 11
+1 11
+2 11
+1 11
+1 11
+1 11
+1 11
+1 11
+1 11
+1 5
+4 5
+1 5
+1 5
+6 5
+1 5
+1 10
+4 5
+1 5
+3 5
+1 5
+1 5
+2 5
+1 5
+1 5
+4 5
+1 5
+1 5
+1 5
+1 5
+1 5
+69 11
+1 11
+1 11
+1 11
+1 11
+2 11
+1 11
+1 11
+1 11
+1 11
+1 11
+1 11
+1 7
+4 7
+1 7
+1 7
+6 7
+1 7
+1 14
+4 7
+1 7
+3 7
+1 7
+1 7
+2 7
+1 7
+1 7
+4 7
+1 7
+1 7
+1 7
+1 7
+1 7
+69 7
+1 7
+1 7
+1 7
+1 7
+2 7
+1 7
+1 7
+1 7
+1 7
+1 7
+1 7
+1 5
+4 5
+1 5
+1 5
+6 5
+1 5
+1 10
+4 5
+1 5
+3 5
+1 5
+1 5
+2 5
+1 5
+1 5
+4 5
+1 5
+1 5
+1 5
+1 5
+1 5
+7 1
+1 1
+2 1
+1 1
+2 1
+1 1
+1 1
+2 1
+1 1
+1 1
+4 1
+1 1
+1 1
+1 1
+1 1
+1 1
+41 21
+1 21
+1 21
+1 21
+1 21
+2 21
+1 21
+1 21
+1 21
+1 21
+1 21
+1 21
+1 18
+4 18
+1 18
+1 18
+6 18
+1 18
+1 36
+4 18
+1 18
+3 18
+1 18
+1 18
+2 18
+1 18
+1 18
+4 18
+1 18
+1 18
+1 18
+1 18
+1 18
+7 1
+1 1
+2 1
+1 1
+2 1
+1 1
+1 1
+2 1
+1 1
+1 1
+4 1
+1 1
+1 1
+1 1
+1 1
+1 1
+41 14
+1 14
+1 14
+1 14
+1 14
+2 14
+1 14
+1 14
+1 14
+1 14
+1 14
+1 14
+1 8
+4 8
+1 8
+1 8
+6 8
+1 8
+1 16
+4 8
+1 8
+3 8
+1 8
+1 8
+2 8
+1 8
+1 8
+4 8
+1 8
+1 8
+1 8
+1 8
+1 8
+69 9
+1 9
+1 9
+1 9
+1 9
+2 9
+1 9
+1 9
+1 9
+1 9
+1 9
+1 9
+2 5
+4 5
+1 5
+1 5
+6 5
+1 5
+2 10
+4 5
+1 5
+3 5
+1 5
+1 5
+2 5
+1 5
+1 5
+4 5
+1 5
+1 5
+1 5
+1 5
+1 5
+71 78
+2 78
+1 78
+1 78
+1 78
-3 43
+1 43
+1 43
+1 43
+1 112
+5 56
+6 56
+1 56
+8 56
+1 56
-16 414
+6 414
+1 414
+8 414
+1 414

ob=(5)
fl=(347) /app/src/codegen/codegen_stmt_match.c
fn=(1764) is_int_type
182 52
+12 26
+2 52
+3 26

fl=(216) /app/src/parser/utils/utils_symbol.c
fn=(1036) add_symbol_with_token
19 9640
+1 3856
+9 4820
cob=(3)
cfi=(157)
cfn=(592)
calls=964 -29
* 23503
* 6748
cob=(3)
cfi=(157)
cfn=(592)
calls=964 -29
* 23503
* 1928
+2 15827
cfi=(276) /app/src/parser/utils/utils_audit.c
cfn=(1038) audit_section_5
calls=833 +79
* 8325118
* 833
+3 9640
+12 6748
cfi=(273) /app/src/ast/symbols.c
cfn=(1040) symbol_add
calls=964 +32
* 381876
* 964
+1 8676
+1 4727
cfi=(192) /app/src/utils/utils.c
cfn=(624) xstrdup
calls=933 +43
* 182711
* 1026
+1 93
+1 341
+1 93
+2 155
cfi=(277) /app/src/parser/utils/utils_scope.c
cfn=(1042) register_symbol_to_lsp
calls=31 -15
* 112020
-5 1866
+1 2799
+1 10263
+1 2799
+2 4665
cfi=(277)
cfn=(1042)
calls=933 -15
* 5477522
+1 2892

fn=(1034) add_symbol
13 7110
+1 17064
cfn=(1036)
calls=711 +5
* 9754571
* 711
+1 2844

fn=(1174) find_symbol_entry
93 23694
+1 23694
cfi=(273)
cfn=(1176) symbol_lookup
calls=3949 +21
* 2598547
+1 7898

fn=(1398) add_instantiated_func
328 360
+1 288
+1 216
+1 216

fn=(724) init_builtins
112 3
+2 3
+4 2
+1 2

fn=(1334) is_extern_symbol
429 1224
+1 1224
+7 204
+1 408

fn=(1412) is_generic_dependent_str
270 534
+1 356
+4 178
+2 258
+1 215
cob=(3)
cfi=(157)
cfn=(720)
calls=43 0
* 1534
* 43
+1 43
+2 43
+1 129
+4 86
+2 129
cob=(3)
cfi=(157)
cfn=(626)
calls=43 0
* 688
* 129
+1 172
+8 86
+2 86
-20 86
-4 356
+29 46
+1 178

fn=(1338) register_func_template
199 136
+1 51
cfi=(192)
cfn=(1098) xcalloc
calls=17 56
* 2737
* 17
+1 51
cfi=(192)
cfn=(624)
calls=17 91
* 3302
* 34
+1 51
cfi=(192)
cfn=(624)
calls=17 91
* 3349
* 34
+1 51
+1 68
+1 51
+1 51

fn=(1178) find_symbol_type_info
57 13194
+1 13194
cfi=(273)
cfn=(1176)
calls=2199 +57
* 760238
* 2199
+1 4398
+2 6498
+3 165
cfn=(1330) find_enum_variant
calls=33 356
* 4356
* 33
+1 66
+7 33
+1 4398

fn=(1180) find_symbol_type
76 11766
+1 11766
cfi=(273)
cfn=(1176)
calls=1961 +38
* 660872
* 1961
+1 3922
+2 15208
cfi=(192)
cfn=(624)
calls=1868 +11
* 365670
* 2000
+3 135
cfn=(1330)
calls=27 356
* 3564
* 27
+1 54
+5 27
+1 3922

fn=(1152) register_func
124 5137
+1 4670
+16 467
+1 4670
+5 934
+2 934
cfi=(192)
cfn=(630) xmalloc
calls=467 -98
* 62578
* 467
+1 1401
cfi=(192)
cfn=(624)
calls=467 -59
* 89921
* 934
+1 1868
+1 1401
+3 5137
+1 1401
+1 1401
+1 1401
+1 1401
+1 1401
+1 1401
+1 1401
+1 934
+2 1868
+1 9807
cfi=(276)
cfn=(1038)
calls=467 -56
* 1860626
* 467
+3 2335
cfi=(273)
cfn=(1054) symbol_lookup_local
calls=467 -73
* 3493665
* 467
+1 934
+2 3704
cfi=(273)
cfn=(1040)
calls=463 -94
* 181290
* 926
+4 8
+2 12
+1 44
+1 12
+1 8
-3 1389
+1 5093
+1 1389
+1 926
+6 2335
cfi=(277)
cfn=(1042)
calls=467 38
* 3365300
+2 934
cfi=(275) /app/src/ast/ast.c
cfn=(1032) type_new
calls=467 -80
* 91532
* 467
+1 1401
+1 1401
+1 1401
+1 934
+1 934
+1 1401
+1 1868

fn=(1332) should_suppress_undef_warning
441 162
+1 135
cob=(3)
cfi=(157)
cfn=(592)
calls=27 0
* 682
* 189
cob=(3)
cfi=(157)
cfn=(592)
calls=27 0
* 682
* 54
+5 135
cfn=(1334)
calls=27 -18
* 405
* 54
+5 27
+1 81
+2 108
cob=(3)
cfi=(157)
cfn=(1064)
calls=108 0
* 648
* 1188
-2 648
+8 162
+2 54
+9 54

fn=(1324) register_generic
246 231
+1 198
+7 264
cfi=(192)
cfn=(624)
calls=33 91
* 6501
* 165
+1 99

fn=(1330)
356 702
+1 117
+1 234
+1 585
cob=(3)
cfi=(157)
cfn=(720)
calls=117 0
* 5849
* 117
+1 234
+2 585
cob=(3)
cfi=(157)
cfn=(720)
calls=117 0
* 5857
* 117
+3 234
+2 12
+1 20
cfi=(192)
cfn=(630)
calls=4 51
* 536
* 4
+1 28
cob=(3)
cfi=(157)
cfn=(586)
calls=4 0
* 124
+1 20
+1 12
+3 12
+1 4
-1 339
+1 347
+19 117
+1 234

fn=(1378) find_func_template
232 522
+1 261
+1 87
+2 4548
cob=(3)
cfi=(157)
cfn=(592)
calls=758 0
* 18169
* 1516
+2 128
+2 2082
-6 1562
+8 23
+1 174

fn=(1254) is_known_generic
258 2256
+1 752
+2 1962
cob=(3)
cfi=(157)
cfn=(592)
calls=218 0
* 5274
* 436
+2 350
-4 1719
+7 201
+1 752

fn=(1410) register_impl_template
308 72
+1 18
cfi=(192)
cfn=(630)
calls=9 51
* 1206
* 9
+1 27
cfi=(192)
cfn=(624)
calls=9 91
* 1772
* 18
+1 27
cfi=(192)
cfn=(624)
calls=9 91
* 1773
* 18
+1 27
+1 36
+1 27
+2 27
+1 9
+2 200
cob=(3)
cfi=(157)
cfn=(592)
calls=20 0
* 453
* 40
+4 60
-6 58
+8 36

fn=(1428) find_symbol_in_all
98 24786
+1 12393
+1 4131
+2 12631464
cob=(3)
cfi=(157)
cfn=(592)
calls=2105244 0
* 51337920
* 4210488
+2 8068
+2 6303630
-6 4210682
+8 97
+1 8262

fl=(335) /app/src/analysis/typecheck_expr.c
fn=(1514) check_expr_literal
1087 60
+2 90
+2 10
+19 20

fn=(1520) resolve_alias
53 132
+1 231
+4 33
+1 66

fn=(1558) check_expr_binary
215 55
+1 15
+1 15
+2 25
cob=(3)
cfi=(157)
cfn=(592)
calls=5 0
* 110
* 10
+1 9
cob=(3)
cfi=(157)
cfn=(626)
calls=3 0
* 48
-1 6
+4 8
+5 6
+1 6
+1 4
+1 4
+1 16
cfi=(331) /app/src/analysis/typecheck.c
cfn=(1493) check_node'2
calls=2 31
* 1056
+1 6
+2 20
+4 16
cfi=(331)
cfn=(1493)
calls=2 31
* 3456
+1 6
+3 12
+58 9
+1 6
+1 24
cfi=(331)
cfn=(1493)
calls=3 31
* 2884
+1 24
cfi=(331)
cfn=(1493)
calls=3 31
* 3177
+1 9
+3 15
cob=(3)
cfi=(157)
cfn=(592)
calls=3 0
* 66
* 21
cob=(3)
cfi=(157)
cfn=(592)
calls=3 0
* 66
* 21
cob=(3)
cfi=(157)
cfn=(592)
calls=3 0
* 66
* 6
+2 63
cfi=(334) /app/src/analysis/typecheck_utils.c
cfn=(1560) check_side_effect_collision
calls=3 197
* 78
* 6
-88 2
326 30
+7 40
+4 20
+1 20
+3 25
cob=(3)
cfi=(157)
cfn=(592)
calls=5 0
* 110
* 10
+3 8
+2 14
cfn=(1516) apply_implicit_struct_pointer_conversions
calls=2 766
* 142
+1 8
+1 48
cfn=(1518) check_type_compatibility
calls=2 820
* 372
* 2
+4 10
+2 14
cfi=(334)
cfn=(1526) tc_lookup
calls=2 +68
* 214
* 2
+1 4
+2 6
+50 12
cfn=(1522) check_move_for_rvalue
calls=2 12
* 164
+3 10
+2 14
cfi=(334)
cfn=(1526)
calls=2 +10
* 214
* 2
+1 4
+2 12
+6 8
+5 12
+4 16
cfi=(299) /app/src/analysis/move_check.c
cfn=(1528) mark_symbol_valid
calls=2 -2
* 806
+5 6
+1 2
+4 15
cob=(3)
cfi=(157)
cfn=(592)
calls=3 0
* 66
* 21
cob=(3)
cfi=(157)
cfn=(592)
calls=3 0
* 66
* 16
cob=(3)
cfi=(157)
cfn=(592)
calls=2 0
* 44
* 4
+1 10
cob=(3)
cfi=(157)
cfn=(592)
calls=2 0
* 44
-1 4
+1 10
cob=(3)
cfi=(157)
cfn=(592)
calls=2 0
* 44
* 4
+3 5
cob=(3)
cfi=(157)
cfn=(592)
calls=1 0
* 22
* 7
cob=(3)
cfi=(157)
cfn=(592)
calls=1 0
* 22
* 2
+18 4
+2 3
cfn=(1520)
calls=1 53
* 14
* 1
+1 3
cfn=(1520)
calls=1 53
* 14
* 1
+3 8
+20 5
cob=(3)
cfi=(157)
cfn=(592)
calls=1 0
* 22
* 2
+8 3
cfi=(275)
cfn=(1200) is_integer_type
calls=1 194
* 61
* 5
+2 3
cfi=(275)
cfn=(1200)
calls=1 194
* 61
* 5
+3 4
+15 8
+14 2
-1 20
cfi=(332) /app/src/platform/misra.c
cfn=(1562) misra_check_binary_op_essential_types
calls=1 413
* 18
* 1
+6 5
+2 6
+29 22
cfi=(332)
cfn=(1568) misra_check_char_arithmetic
calls=1 225
* 19
* 1
+3 4
+17 10
cob=(3)
cfi=(157)
cfn=(592)
calls=2 0
* 44
* 14
cob=(3)
cfi=(157)
cfn=(592)
calls=2 0
* 44
* 14
cob=(3)
cfi=(157)
cfn=(592)
calls=2 0
* 44
* 4
+4 4
cfi=(275)
cfn=(1032)
calls=2 109
* 388
* 4
+3 8
+3 44
cfi=(332)
cfn=(1562)
calls=2 413
* 36
* 2
+4 12
+13 40
cfi=(332)
cfn=(1564) misra_check_string_compare
calls=2 1659
* 36
* 2
+2 10
cfi=(275)
cfn=(1294) type_eq
calls=2 340
* 154
* 4
-33 2
+55 4
+86 30

fn=(1559) check_expr_binary'2
215 22
+1 6
+1 6
+2 10
cob=(3)
cfi=(157)
cfn=(592)
calls=2 0
* 44
* 4
+1 6
cob=(3)
cfi=(157)
cfn=(626)
calls=2 0
* 32
-1 4
+82 6
+1 4
+1 16
cfi=(331)
cfn=(1493)
calls=2 31
* 1892
+1 16
cfi=(331)
cfn=(1493)
calls=2 31
* 146
+1 6
+3 10
cob=(3)
cfi=(157)
cfn=(592)
calls=2 0
* 44
* 14
cob=(3)
cfi=(157)
cfn=(592)
calls=2 0
* 44
* 14
cob=(3)
cfi=(157)
cfn=(592)
calls=2 0
* 44
* 4
+2 42
cfi=(334)
cfn=(1560)
calls=2 197
* 52
* 4
+16 12
+7 16
+4 8
+1 8
+3 10
cob=(3)
cfi=(157)
cfn=(592)
calls=2 0
* 44
* 4
+99 10
cob=(3)
cfi=(157)
cfn=(592)
calls=2 0
* 44
* 4
+4 10
cob=(3)
cfi=(157)
cfn=(592)
calls=2 0
* 44
* 14
cob=(3)
cfi=(157)
cfn=(592)
calls=2 0
* 44
* 4
+18 8
+2 6
cfn=(1520)
calls=2 53
* 28
* 2
+1 6
cfn=(1520)
calls=2 53
* 28
* 2
+3 16
+20 10
cob=(3)
cfi=(157)
cfn=(592)
calls=2 0
* 44
* 10
cfi=(275)
cfn=(1200)
calls=2 194
* 42
* 4
+1 4
-1 4
+1 8
+7 6
cfi=(275)
cfn=(1200)
calls=2 194
* 42
* 10
+2 6
cfi=(275)
cfn=(1200)
calls=2 194
* 42
* 10
+3 8
+15 16
+14 4
-1 40
cfi=(332)
cfn=(1562)
calls=2 413
* 36
* 2
+6 10
+2 12
+29 44
cfi=(332)
cfn=(1568)
calls=2 225
* 38
* 2
+3 8
+13 4
723 12

fn=(1516)
766 88
+1 88
+4 33
+1 33
+1 22
+5 33
cfi=(275)
cfn=(1144) get_inner_type
calls=11 1050
* 154
* 11
+1 33
cfi=(275)
cfn=(1144)
calls=11 1050
* 154
* 11
+6 44
+16 44
+15 33

fn=(1518)
820 169
+1 52
+5 39
cfn=(1520)
calls=13 53
* 182
* 13
+1 39
cfn=(1520)
calls=13 53
* 182
* 13
+3 78
+9 39
cfi=(275)
cfn=(1200)
calls=13 194
* 1736
* 50
cfi=(275)
cfn=(1200)
calls=8 194
* 288
* 16
+2 24
cfi=(334)
cfn=(1548) integer_type_width
calls=8 515
* 184
* 8
+1 24
cfi=(334)
cfn=(1548)
calls=8 515
* 184
* 8
+2 48
+7 56
+17 16
+3 22
+19 25
cfi=(275)
cfn=(1294)
calls=5 340
* 531
* 10
+3 30
+5 10
1007 78

fn=(1536) check_expr_var
1010 230
+3 161
cfi=(216)
cfn=(1330)
calls=23 356
* 4032
* 23
+1 46
+14 138
cfi=(334)
cfn=(1526)
calls=23 422
* 39644
* 23
+1 69
+2 138
+3 92
cfi=(275)
cfn=(1538) type_clone
calls=23 153
* 4071
* 46
+3 147
+43 92
+2 105
cfi=(299)
cfn=(1540) check_use_validity
calls=21 345
* 10037
+2 138

fn=(1522)
12 190
+1 114
+5 133
cfi=(299)
cfn=(1190) is_type_copy
calls=19 209
* 8520
* 38
+5 8
+8 8
+8 8
+5 8
-24 17
+30 114

fl=(275)
fn=(1144)
1050 3376
+1 3968
+4 844
+1 1688

fn=(1238) type_to_c_string_impl
764 37908
+1 12636
+5 75816
+3 873
cfi=(192)
cfn=(624)
calls=291 91
* 57036
* 291
+3 3032
+6 3032
+9 6064
cfi=(192)
cfn=(624)
calls=758 91
* 147436
* 758
+4 531
cfi=(192)
cfn=(624)
calls=177 91
* 34692
* 177
+2 15
cfi=(192)
cfn=(624)
calls=5 91
* 980
* 5
+2 369
cfi=(192)
cfn=(624)
calls=123 91
* 24108
* 123
+4 9
cfi=(192)
cfn=(624)
calls=3 91
* 588
* 3
+6 1050
cfi=(192)
cfn=(624)
calls=350 91
* 68600
* 350
+2 462
cfi=(192)
cfn=(624)
calls=154 91
* 29876
* 154
+2 63
cfi=(192)
cfn=(624)
calls=21 91
* 4116
* 21
+2 99
cfi=(192)
cfn=(624)
calls=33 91
* 6402
* 33
+4 51
cfi=(192)
cfn=(624)
calls=17 91
* 3332
* 17
+2 4026
cfi=(192)
cfn=(624)
calls=1342 91
* 263032
* 1342
+4 51
cfi=(192)
cfn=(624)
calls=17 91
* 3332
* 17
+6 51
cfi=(192)
cfn=(624)
calls=17 91
* 3332
* 17
+6 48
cfi=(192)
cfn=(624)
calls=6 91
* 1194
* 6
+23 93
cfi=(192)
cfn=(624)
calls=31 91
* 6076
* 31
+2 51
cfi=(192)
cfn=(624)
calls=17 91
* 3332
* 17
+29 11364
cfn=(1237) type_to_c_string'2
calls=2841 747
* 747747
* 2841
+1 14205
cob=(3)
cfi=(157)
cfn=(720)
calls=2841 0
* 140282
* 2841
+1 5682
+12 11364
+8 8523
cob=(3)
cfi=(157)
cfn=(626)
calls=2841 0
* 45468
* 8523
cfi=(192)
cfn=(630)
calls=2841 51
* 380694
* 2841
+1 19887
cob=(3)
cfi=(157)
cfn=(1140)
calls=2841 0
* 1155443
+1 5682
+6 460
+9 230
+1 115
+1 115
+1 115
+2 115
+2 345
+2 460
+1 805
cfi=(192)
cfn=(1192) xrealloc
calls=115 67
* 17020
* 115
+2 1150
+1 345
-8 1380
+11 345
cfn=(1237)
calls=115 747
* 27617
* 115
+1 345
cob=(3)
cfi=(157)
cfn=(626)
calls=115 0
* 1840
* 230
+1 230
+2 115
-2 805
+5 460
cfi=(192)
cfn=(630)
calls=115 51
* 15410
* 115
+1 575
cob=(3)
cfi=(157)
cfn=(1280)
calls=115 0
* 3007
+3 345
cob=(3)
cfi=(157)
cfn=(626)
calls=115 0
* 1840
* 345
+1 230
+2 1380
cob=(3)
cfi=(157)
cfn=(1140)
calls=115 0
* 62974
+1 345
cob=(3)
cfi=(157)
cfn=(626)
calls=115 0
* 1840
* 115
-3 805
+10 230
+79 18954

fn=(1239) type_to_c_string_impl'2
764 18060
+1 6020
+5 36120
+3 141
cfi=(192)
cfn=(624)
calls=47 91
* 9212
* 47
+3 9172
+6 9172
+9 18344
cfi=(192)
cfn=(624)
calls=2293 91
* 445853
* 2293
+8 654
cfi=(192)
cfn=(624)
calls=218 91
* 42728
* 218
+4 135
cfi=(192)
cfn=(624)
calls=45 91
* 8820
* 45
+6 435
cfi=(192)
cfn=(624)
calls=145 91
* 28420
* 145
+2 147
cfi=(192)
cfn=(624)
calls=49 91
* 9506
* 49
+2 153
cfi=(192)
cfn=(624)
calls=51 91
* 9996
* 51
+4 9
cfi=(192)
cfn=(624)
calls=3 91
* 588
* 3
+2 153
cfi=(192)
cfn=(624)
calls=51 91
* 9996
* 51
+6 9
cfi=(192)
cfn=(624)
calls=3 91
* 588
* 3
+6 9
cfi=(192)
cfn=(624)
calls=3 91
* 588
* 3
+31 144
cfi=(192)
cfn=(624)
calls=48 91
* 9408
* 48
+29 216
cfn=(1237)
calls=54 747
* 13718
* 54
+1 270
cob=(3)
cfi=(157)
cfn=(720)
calls=54 0
* 2704
* 54
+1 108
+12 216
+8 162
cob=(3)
cfi=(157)
cfn=(626)
calls=54 0
* 864
* 162
cfi=(192)
cfn=(630)
calls=54 51
* 7236
* 54
+1 378
cob=(3)
cfi=(157)
cfn=(1140)
calls=54 0
* 22032
+1 108
1047 9030

fn=(1414) infer_type
1062 33471
+1 14876
+5 32201
+2 13860
cfn=(1236) type_to_c_string
calls=3465 747
* 2190103
* 3465
+1 6930
+3 2468
cob=(3)
cfi=(157)
cfn=(592)
calls=242 0
* 5844
* 484
+46 1016
+9 1016
+2 936
cfi=(216)
cfn=(1174)
calls=156 93
* 695760
* 156
+1 312
+2 384
+2 288
+9 632
+2 310
+2 385
cfi=(278) /app/src/parser/utils/utils_registry.c
cfn=(1170) find_func
calls=55 800
* 843764
* 55
+1 110
+2 76
+8 76
+2 76
cfn=(1236)
calls=19 747
* 9462
* 19
+5 252
cob=(3)
cfi=(157)
cfn=(592)
calls=36 0
* 931
* 72
+1 245
cob=(3)
cfi=(157)
cfn=(592)
calls=35 0
* 788
-1 70
+2 245
cob=(3)
cfi=(157)
cfn=(592)
calls=35 0
* 788
-1 70
+2 238
cob=(3)
cfi=(157)
cfn=(592)
calls=34 0
* 766
-1 68
+2 238
cob=(3)
cfi=(157)
cfn=(592)
calls=34 0
* 766
-1 68
+2 238
cob=(3)
cfi=(157)
cfn=(592)
calls=34 0
* 766
-1 68
+3 4
+2 238
cfi=(278)
cfn=(1268) find_struct_def
calls=34 437
* 1094159
* 34
+1 68
+6 238
cfi=(216)
cfn=(1330)
calls=34 356
* 4488
* 34
+1 68
+6 205
+2 49
cfn=(1415) infer_type'2
calls=7 1062
* 6759
* 7
+1 14
+3 56
cob=(3)
cfi=(157)
cfn=(672)
calls=7 0
* 2590
+3 28
cob=(3)
cfi=(157)
cfn=(710)
calls=7 0
* 161
* 7
+1 14
+2 14
+3 14
+1 42
cob=(3)
cfi=(157)
cfn=(1072)
calls=7 0
* 189
* 14
+7 14
-1 70
cob=(3)
cfi=(157)
cfn=(672)
calls=7 0
* 4165
+2 21
cfi=(192)
cfn=(1274) merge_underscores
calls=7 104
* 3528
* 7
+2 35
cfi=(278)
cfn=(1170)
calls=7 800
* 57847
* 7
+2 42
+2 28
cfn=(1236)
calls=7 747
* 1764
* 7
+2 14
+6 170
+2 238
cfi=(216)
cfn=(1174)
calls=34 93
* 437228
* 34
+1 257
+8 520
+82 520
+2 144
cfn=(1415)
calls=24 1062
* 6864
* 24
+1 48
+6 192
cob=(3)
cfi=(157)
cfn=(672)
calls=24 0
* 8880
+1 96
cob=(3)
cfi=(157)
cfn=(710)
calls=24 0
* 552
* 24
+1 48
+5 168
cfn=(1748) get_field_type_str
calls=24 1553
* 11279
* 24
+3 424
+2 48
cob=(3)
cfi=(157)
cfn=(592)
calls=8 0
* 176
* 16
+5 24
+1 48
cfn=(1415)
calls=8 1062
* 31439
* 8
+1 48
cfn=(1415)
calls=8 1062
* 8200
* 8
+2 40
cob=(3)
cfi=(157)
cfn=(592)
calls=8 0
* 176
+2 16
-2 40
cob=(3)
cfi=(157)
cfn=(592)
calls=8 0
* 176
* 56
cob=(3)
cfi=(157)
cfn=(592)
calls=8 0
* 176
* 16
+1 40
cob=(3)
cfi=(157)
cfn=(592)
calls=8 0
* 176
-1 16
+1 40
cob=(3)
cfi=(157)
cfn=(592)
calls=8 0
* 176
* 56
cob=(3)
cfi=(157)
cfn=(592)
calls=8 0
* 176
* 16
+1 40
cob=(3)
cfi=(157)
cfn=(592)
calls=8 0
* 176
-1 16
+1 40
cob=(3)
cfi=(157)
cfn=(592)
calls=8 0
* 176
* 24
-2 8
+4 16
+5 56
cob=(3)
cfi=(157)
cfn=(592)
calls=8 0
* 187
* 16
+4 56
cob=(3)
cfi=(157)
cfn=(592)
calls=8 0
* 187
* 16
+4 56
cob=(3)
cfi=(157)
cfn=(592)
calls=8 0
* 176
* 16
+5 32
+3 392
+15 392
+37 392
+36 392
+38 392
+5 392
+5 392
+9 392
+17 98
+1 18595

fn=(1415)
1062 513
+1 228
+5 463
+2 188
cfn=(1236)
calls=47 747
* 16491
* 47
+1 94
+3 88
cob=(3)
cfi=(157)
cfn=(592)
calls=8 0
* 198
* 16
+46 40
+9 40
+2 12
cfi=(216)
cfn=(1174)
calls=2 93
* 27910
* 2
+1 4
+13 40
+94 40
+82 40
+2 36
cfn=(1415)
calls=6 1062
* 1716
* 6
+1 12
+6 48
cob=(3)
cfi=(157)
cfn=(672)
calls=6 0
* 2220
+1 24
cob=(3)
cfi=(157)
cfn=(710)
calls=6 0
* 138
* 6
+1 12
+5 42
cfn=(1748)
calls=6 1553
* 2917
* 6
+3 16
+2 12
cob=(3)
cfi=(157)
cfn=(592)
calls=2 0
* 73
* 4
+5 6
+1 12
cfn=(1415)
calls=2 1062
* 550
* 2
+1 12
cfn=(1415)
calls=2 1062
* 28165
* 2
+2 10
cob=(3)
cfi=(157)
cfn=(592)
calls=2 0
* 73
+2 4
-2 10
cob=(3)
cfi=(157)
cfn=(592)
calls=2 0
* 73
* 14
cob=(3)
cfi=(157)
cfn=(592)
calls=2 0
* 73
* 4
+1 10
cob=(3)
cfi=(157)
cfn=(592)
calls=2 0
* 73
-1 4
+1 10
cob=(3)
cfi=(157)
cfn=(592)
calls=2 0
* 73
* 14
cob=(3)
cfi=(157)
cfn=(592)
calls=2 0
* 73
* 4
+1 10
cob=(3)
cfi=(157)
cfn=(592)
calls=2 0
* 73
-1 4
+1 10
cob=(3)
cfi=(157)
cfn=(592)
calls=2 0
* 73
* 6
-2 2
+4 4
+5 14
cob=(3)
cfi=(157)
cfn=(592)
calls=2 0
* 55
* 4
+4 4
+4 14
cob=(3)
cfi=(157)
cfn=(592)
calls=2 0
* 44
* 4
+5 8
+3 8
+15 8
+37 8
+36 8
+38 8
+5 8
+5 8
+9 8
+17 2
+1 285

fn=(1306) is_float_type
290 555
+1 222
+5 444
+5 1554
+1 111
+1 222

fn=(1538)
153 115
+1 46
+4 46
cfi=(192)
cfn=(630)
calls=23 51
* 3082
* 23
+1 138
cob=(3)
cfi=(157)
cfn=(668)
calls=23 0
* 552
+12 23
+1 46

fn=(1748)
1553 300
+2 180
cob=(3)
cfi=(157)
cfn=(586)
calls=30 0
* 2580
+1 30
+2 120
cob=(3)
cfi=(157)
cfn=(710)
calls=30 0
* 690
* 30
+1 60
+5 150
cfi=(278)
cfn=(1268)
calls=30 437
* 7940
* 30
+1 60
+5 90
+1 30
+2 288
cob=(3)
cfi=(157)
cfn=(592)
calls=48 0
* 1132
* 96
+2 90
+2 54
-6 96
+9 150

fn=(1200)
194 10900
+1 4360
+5 8720
+6 4360
+9 4360
-9 12124
+1 2864
-1 2864
+1 16840
+1 2778
-1 2778
+1 12492
+1 1850
-1 1850
+1 1840
+1 412
-1 412
+1 1432
+1 358
-1 358
+1 1432
+1 358
-1 358
+1 1392
+1 348
-1 348
+1 1392
+1 348
-1 348
+1 1392
+1 348
-1 348
+2 348
-1 348
+1 496
+1 744
cob=(3)
cfi=(157)
cfn=(592)
calls=124 0
* 2764
-1 248
+1 744
cob=(3)
cfi=(157)
cfn=(592)
calls=124 0
* 2797
* 248
+1 744
cob=(3)
cfi=(157)
cfn=(592)
calls=124 0
* 2797
-1 248
+1 744
cob=(3)
cfi=(157)
cfn=(592)
calls=124 0
* 2797
* 248
+1 744
cob=(3)
cfi=(157)
cfn=(592)
calls=124 0
* 2797
-1 248
+1 744
cob=(3)
cfi=(157)
cfn=(592)
calls=124 0
* 2797
* 248
+1 396
cob=(3)
cfi=(157)
cfn=(592)
calls=66 0
* 1521
-1 132
+1 396
cob=(3)
cfi=(157)
cfn=(592)
calls=66 0
* 1521
* 132
+1 396
cob=(3)
cfi=(157)
cfn=(592)
calls=66 0
* 1521
-1 132
+1 396
cob=(3)
cfi=(157)
cfn=(592)
calls=66 0
* 1521
* 132
+1 396
cob=(3)
cfi=(157)
cfn=(592)
calls=66 0
* 1521
-1 132
-6 4244
-10 116
+18 116
+1 232
-19 2064
+18 2064
+1 4128

fn=(1406) register_trait
11 25
+1 15
+4 10
cfi=(192)
cfn=(630)
calls=5 +35
* 670
* 5
+1 15
cfi=(192)
cfn=(624)
calls=5 +74
* 976
* 10
+1 20
+1 20
+1 10

fn=(1136) type_to_string
446 12125
+1 4850
+4 7275
cfn=(1138) type_to_string_impl
calls=2425 +12
* 1022904
* 2425
+1 9700
+2 36
cob=(3)
cfi=(157)
cfn=(626)
calls=12 0
* 192
* 36
cfi=(192)
cfn=(630)
calls=12 51
* 1608
* 12
+1 84
cob=(3)
cfi=(157)
cfn=(1140)
calls=12 0
* 4884
+2 24
+2 2413
+1 4850

fn=(1137) type_to_string'2
446 2735
+1 1094
+4 1641
cfn=(1139) type_to_string_impl'2
calls=547 +12
* 137592
* 547
+1 2188
+7 547
+1 1094

fn=(1138)
463 14550
+1 4850
+5 28988
+3 246
cfi=(192)
cfn=(624)
calls=82 91
* 16072
* 82
+2 132
cfi=(192)
cfn=(624)
calls=44 91
* 8624
* 44
+2 6
cfi=(192)
cfn=(624)
calls=2 91
* 392
* 2
+2 549
cfi=(192)
cfn=(624)
calls=183 91
* 35868
* 183
+4 168
cfi=(192)
cfn=(624)
calls=56 91
* 10976
* 56
+6 372
cfi=(192)
cfn=(624)
calls=124 91
* 24304
* 124
+2 285
cfi=(192)
cfn=(624)
calls=95 91
* 18430
* 95
+2 15
cfi=(192)
cfn=(624)
calls=5 91
* 980
* 5
+2 99
cfi=(192)
cfn=(624)
calls=33 91
* 6402
* 33
+2 3
cfi=(192)
cfn=(624)
calls=1 91
* 196
* 1
+2 3
cfi=(192)
cfn=(624)
calls=1 91
* 196
* 1
+2 1581
cfi=(192)
cfn=(624)
calls=527 91
* 103292
* 527
+4 108
cfi=(192)
cfn=(624)
calls=36 91
* 7056
* 36
+6 132
cfi=(192)
cfn=(624)
calls=44 91
* 8624
* 44
+6 12
cfi=(192)
cfn=(624)
calls=4 91
* 784
* 4
+21 354
cfi=(192)
cfn=(624)
calls=118 91
* 23482
* 118
+31 1120
cfn=(1137)
calls=280 446
* 68133
* 280
+1 1120
+8 840
cob=(3)
cfi=(157)
cfn=(626)
calls=280 0
* 4484
* 840
cfi=(192)
cfn=(630)
calls=280 51
* 37520
* 280
+1 1960
cob=(3)
cfi=(157)
cfn=(1140)
calls=280 0
* 114327
+1 560
+6 252
+8 126
+1 63
+1 63
+1 63
+2 63
+2 189
+2 252
+1 441
cfi=(192)
cfn=(1192)
calls=63 67
* 9324
* 63
+2 630
+1 189
-8 756
+11 189
cfn=(1137)
calls=63 446
* 15101
* 63
+1 189
cob=(3)
cfi=(157)
cfn=(626)
calls=63 0
* 1008
* 126
+1 126
+2 63
-2 441
+5 252
cfi=(192)
cfn=(630)
calls=63 51
* 8442
* 63
+1 315
cob=(3)
cfi=(157)
cfn=(1280)
calls=63 0
* 1619
+3 189
cob=(3)
cfi=(157)
cfn=(626)
calls=63 0
* 1008
* 189
+1 126
+2 756
cob=(3)
cfi=(157)
cfn=(1140)
calls=63 0
* 34285
+1 189
cob=(3)
cfi=(157)
cfn=(626)
calls=63 0
* 1008
* 63
-3 441
+10 126
+5 720
+39 720
cfn=(1137)
calls=180 446
* 58414
* 180
+1 540
cob=(3)
cfi=(157)
cfn=(626)
calls=180 0
* 2882
* 540
cfi=(192)
cfn=(630)
calls=180 51
* 24120
* 180
+1 540
cob=(3)
cfi=(157)
cfn=(626)
calls=180 0
* 2882
* 1260
cob=(3)
cfi=(157)
cfn=(672)
calls=180 0
* 38520
+2 1080
+16 540
cob=(3)
cfi=(157)
cfn=(626)
calls=180 0
* 2880
* 720
cob=(3)
cfi=(157)
cfn=(626)
calls=180 0
* 2882
* 720
cfi=(192)
cfn=(630)
calls=180 51
* 24120
* 180
+1 1260
cob=(3)
cfi=(157)
cfn=(1140)
calls=180 0
* 107286
+2 360
+2 360
+6 2132
+23 2132
cfi=(192)
cfn=(624)
calls=533 91
* 104359
* 533
+8 42
cfi=(192)
cfn=(624)
calls=14 91
* 2744
+2 7275

fn=(1139)
463 3282
+1 1094
+5 6564
+3 366
cfi=(192)
cfn=(624)
calls=122 91
* 23912
* 122
+2 6
cfi=(192)
cfn=(624)
calls=2 91
* 392
* 2
+4 480
cfi=(192)
cfn=(624)
calls=160 91
* 31360
* 160
+4 72
cfi=(192)
cfn=(624)
calls=24 91
* 4704
* 24
+6 27
cfi=(192)
cfn=(624)
calls=9 91
* 1764
* 9
+2 123
cfi=(192)
cfn=(624)
calls=41 91
* 7954
* 41
+2 3
cfi=(192)
cfn=(624)
calls=1 91
* 196
* 1
+4 3
cfi=(192)
cfn=(624)
calls=1 91
* 196
* 1
+2 3
cfi=(192)
cfn=(624)
calls=1 91
* 196
* 1
+2 72
cfi=(192)
cfn=(624)
calls=24 91
* 4704
* 24
+4 36
cfi=(192)
cfn=(624)
calls=12 91
* 2352
* 12
+6 3
cfi=(192)
cfn=(624)
calls=1 91
* 196
* 1
+58 96
cfn=(1137)
calls=24 446
* 5790
* 24
+1 96
+8 72
cob=(3)
cfi=(157)
cfn=(626)
calls=24 0
* 384
* 72
cfi=(192)
cfn=(630)
calls=24 51
* 3216
* 24
+1 168
cob=(3)
cfi=(157)
cfn=(1140)
calls=24 0
* 9793
+1 48
706 500
+23 500
cfi=(192)
cfn=(624)
calls=125 91
* 24585
* 125
+10 1641

fn=(1294)
340 6336
+1 4224
+5 3168
+2 206
+3 7624
+6 2859
cfn=(1200)
calls=953 194
* 85193
* 4489
cfn=(1200)
calls=861 194
* 37578
* 1722
+2 1720
+4 279
cfn=(1306)
calls=93 -73
* 2604
* 186
+6 378
cfn=(1468) is_char_ptr
calls=2 175
* 36
* 4
+5 384
cfn=(1468)
calls=4 175
* 84
* 8
+2 4
+3 546
+2 76
+1 38
-1 38
+3 38
+4 472
+2 392
+4 343
cob=(3)
cfi=(157)
cfn=(592)
calls=49 0
* 1194
* 196
+2 92
+12 92
+2 147
cfn=(1295) type_eq'2
calls=21 -70
* 3693
* 21
+2 8
+23 16
+5 2
+1 2112

fn=(1295)
340 126
+1 84
+5 63
+2 24
+3 72
+6 27
cfn=(1200)
calls=9 194
* 2545
* 27
cfn=(1200)
calls=3 194
* 171
* 6
+2 6
+4 18
cfn=(1306)
calls=6 -73
* 168
* 12
+6 24
+5 24
+5 36
+2 8
+1 4
-1 4
+3 4
+4 16
+2 32
+4 28
cob=(3)
cfi=(157)
cfn=(592)
calls=4 0
* 106
* 16
+47 42

fn=(1044) type_new_ptr
130 3040
+1 1216
cfn=(1032)
calls=608 -22
* 117952
* 608
+1 1824
+1 608
+1 1216

fn=(1046) ast_create
89 75470
+1 30188
cfi=(192)
cfn=(630)
calls=15094 -39
* 2024955
* 15094
+1 75470
cob=(3)
cfi=(157)
cfn=(582)
calls=15094 -91
* 573572
+1 45282
+1 15094
+1 30188

fn=(1236)
747 31590
+1 12636
+4 18954
cfn=(1238)
calls=6318 +12
* 3533925
* 6318
+1 25272
+2 219
cob=(3)
cfi=(157)
cfn=(626)
calls=73 0
* 1170
* 219
cfi=(192)
cfn=(630)
calls=73 51
* 9782
* 73
+1 511
cob=(3)
cfi=(157)
cfn=(1140)
calls=73 0
* 29713
+2 146
+2 6245
+1 12636

fn=(1237)
747 15050
+1 6020
+4 9030
cfn=(1239)
calls=3010 +12
* 734902
* 3010
+1 12040
+7 3010
+1 6020

fn=(1468)
175 30
+1 12
+5 42
+2 4
+2 16
+5 4
+1 12

fn=(1032)
109 27545
+1 11018
cfi=(192)
cfn=(630)
calls=5509 -59
* 738206
* 5509
+1 27545
cob=(3)
cfi=(157)
cfn=(582)
calls=5509 0
* 115689
+1 16527
+1 11018
+2 1296
+2 1296
+1 1296
+1 1296
+1 1296
+1 1296
+1 1296
+1 1296
+1 1296
+1 1296
+1 648
+1 1296
-10 9722
+1 9722
+1 9722
+1 9722
+1 9722
+1 9722
+1 9722
+1 9722
+1 9722
+1 4861
+1 9722

fn=(1298) is_trait
31 3215
+1 1286
+6 1929
cfi=(192)
cfn=(624)
calls=643 +53
* 125921
* 643
+3 3858
cob=(3)
cfi=(157)
cfn=(1072)
calls=643 -41
* 17795
* 1286
+6 3858
cob=(3)
cfi=(157)
cfn=(1072)
calls=643 -47
* 17795
* 1286
+7 2572
cob=(3)
cfi=(157)
cfn=(710)
calls=643 -54
* 14809
* 643
+1 1286
+2 92
+3 4501
+1 643
+2 17616
cob=(3)
cfi=(157)
cfn=(592)
calls=2936 -63
* 68411
* 5872
+3 6
+2 8799
-7 7152
+10 640
+1 1286

fl=(276)
fn=(1474) sync_all_link_names
170 6
+1 5
cfn=(1476) sync_link_names_recursive
calls=1 37
* 2559
+1 3

fn=(1478) sync_type_linkage
13 150
+1 50
+4 200
+8 100
+4 175
+4 50

fn=(1038)
110 12069
+1 5364
+4 6705
cob=(3)
cfi=(157)
cfn=(592)
calls=1341 0
* 36864
* 9387
cob=(3)
cfi=(157)
cfn=(592)
calls=1341 0
* 36864
* 2682
+5 6705
+8 2682
+1 8046
+2 423
-2 918
+2 918
+2 6306
+1 2102
+2 2197317
cob=(3)
cfi=(157)
cfn=(592)
calls=103692 0
* 2537942
* 207384
+12 2625275
+15 1575165
-29 1054314
+31 6306
-34 8227
+36 4023

fn=(1476)
37 6
+1 2
+5 4
+5 12
+51 6
cfn=(1477) sync_link_names_recursive'2
calls=1 -62
* 2508
+1 1
+5 6
cfn=(1477)
calls=1 -68
* 11
* 1
+1 2

fn=(1477)
37 366
+1 122
+5 148
+2 144
cfn=(1478)
calls=24 -32
* 696
+3 420
+3 4
+2 6
cfn=(1478)
calls=1 -40
* 29
+2 4
+2 6
+5 6
cfn=(1477)
calls=1 -25
* 2330
+1 1
+5 30
cfn=(1477)
calls=5 -31
* 708
+1 5
+2 6
cfn=(1477)
calls=1 -34
* 2279
+1 1
+7 6
cfn=(1477)
calls=1 -42
* 80
+1 1
+2 36
cfn=(1477)
calls=6 -45
* 410
+1 36
cfn=(1477)
calls=6 -46
* 549
+1 6
+2 6
cfn=(1477)
calls=1 -49
* 80
+1 6
cfn=(1477)
calls=1 -50
* 80
+1 1
+14 22
+3 132
cfn=(1477)
calls=22 -68
* 9485
* 90
cfn=(1477)
calls=15 -68
* 10662
* 37
-65 24
+66 122

fl=(294) /app/src/parser/parser_stmt.c
fn=(1154) parse_block
777 1940
+1 1358
cfi=(279) /app/src/parser/utils/utils_token.c
cfn=(1156) z_parse_expect
calls=194 15
* 63632
+1 582
cfi=(277)
cfn=(1122) enter_scope
calls=194 13
* 36278
+1 388
+1 970
cfi=(252) /app/src/lexer/token.c
cfn=(1060) lexer_peek
calls=194 670
* 169196
+1 194
+4 3196
+19 2397
cfi=(279)
cfn=(1058) skip_comments
calls=799 277
* 667497
+1 3995
cfi=(252)
cfn=(1060)
calls=799 670
* 617753
+1 2397
+2 970
cfi=(252)
cfn=(1062) lexer_next
calls=194 83
* 80554
+1 194
+3 1815
+5 1815
+18 3025
cfi=(252)
cfn=(1060)
calls=605 670
* 530797
+1 3025
cfn=(1158) parse_statement
calls=605 19
* 86343453
* 605
+1 1210
+2 1210
+2 582
+4 1233
+2 822
+1 411
-1 388
+1 2614
+6 6156
+2 276
+2 276
+17 1552
+2 776
+1 194
+3 728
+26 546
-29 752
+33 582
cfi=(277)
cfn=(1210) exit_scope
calls=194 19
* 7458
+1 388
cfi=(275)
cfn=(1046)
calls=194 89
* 37054
* 194
+1 2134
+1 582
+1 194
+1 1164

fn=(1155) parse_block'2
777 1970
+1 1379
cfi=(279)
cfn=(1156)
calls=197 15
* 64616
+1 591
cfi=(277)
cfn=(1122)
calls=197 13
* 36839
+1 394
+1 985
cfi=(252)
cfn=(1060)
calls=197 670
* 196056
+1 197
+4 2288
+19 1716
cfi=(279)
cfn=(1058)
calls=572 277
* 541405
+1 2860
cfi=(252)
cfn=(1060)
calls=572 670
* 487664
+1 1716
+2 985
cfi=(252)
cfn=(1062)
calls=197 83
* 112246
+1 197
+3 1125
+5 1125
+18 1875
cfi=(252)
cfn=(1060)
calls=375 670
* 368917
+1 1875
cfn=(1159) parse_statement'2
calls=375 19
* 46567422
* 375
+1 750
+2 750
+2 591
+4 534
+2 356
+1 178
-1 394
+1 1697
+6 4092
+2 114
+2 114
+17 1576
+2 788
+1 197
+3 185
+26 132
-29 482
+33 591
cfi=(277)
cfn=(1210)
calls=197 19
* 6335
+1 394
cfi=(275)
cfn=(1046)
calls=197 89
* 37627
* 197
+1 2167
+1 591
+1 197
+1 1182

fn=(1158)
19 6050
+1 1815
+1 3025
+4 3025
cfi=(252)
cfn=(1060)
calls=605 670
* 530797
+1 1815
+2 1815
+13 605
+2 1815
+8 1815
+13 5445
+47 1815
+6 1815
+27 1815
+4 1815
+4 1815
+17 1815
+4 1815
+8 1815
+4 1815
+4 1815
+4 1815
+4 1815
+6 1815
+26 1815
+3 6611
+1 3005
cfi=(252)
cfn=(1062)
calls=601 83
* 508870
+1 3005
cfi=(252)
cfn=(1060)
calls=601 670
* 256882
+1 3005
cfi=(252)
cfn=(1062)
calls=601 83
* 237049
+1 3005
cfi=(252)
cfn=(1060)
calls=601 670
* 241006
+1 2643
+1 4
-1 8
+13 3606
cob=(3)
cfi=(157)
cfn=(1072)
calls=601 0
* 17695
* 1202
+42 3606
cob=(3)
cfi=(157)
cfn=(1072)
calls=601 0
* 17695
* 1202
+6 3606
cob=(3)
cfi=(157)
cfn=(1072)
calls=601 0
* 17212
* 1748
+2 1092
cfi=(306) /app/src/parser/decl/decl_var.c
cfn=(1258) parse_var_decl
calls=182 64
* 10889340
* 182
+4 2514
cob=(3)
cfi=(157)
cfn=(1072)
calls=419 0
* 12312
* 838
+13 2514
cob=(3)
cfi=(157)
cfn=(1072)
calls=419 0
* 11925
* 1252
+2 690
cfi=(307) /app/src/parser/stmt/stmt_test.c
cfn=(1260) parse_return
calls=138 188
* 8145305
* 138
+2 1686
cob=(3)
cfi=(157)
cfn=(1072)
calls=281 0
* 8091
* 844
+2 470
cfi=(309) /app/src/parser/stmt/stmt_control.c
cfn=(1300) parse_if
calls=94 156
* 19488145
* 94
+2 1122
cob=(3)
cfi=(157)
cfn=(1072)
calls=187 0
* 5484
* 440
+2 110
cfi=(309)
cfn=(1448) parse_while
calls=22 214
* 14697776
* 22
+2 990
cob=(3)
cfi=(157)
cfn=(1072)
calls=165 0
* 4852
* 384
+2 90
cfi=(309)
cfn=(1464) parse_for
calls=18 -77
* 12753745
* 18
+2 882
cob=(3)
cfi=(157)
cfn=(1072)
calls=147 0
* 4694
* 294
+6 882
cob=(3)
cfi=(157)
cfn=(1072)
calls=147 0
* 4694
* 294
+38 882
cob=(3)
cfi=(157)
cfn=(1072)
calls=147 0
* 4694
* 294
+35 882
cob=(3)
cfi=(157)
cfn=(1072)
calls=147 0
* 4694
* 294
+4 882
cob=(3)
cfi=(157)
cfn=(1072)
calls=147 0
* 4694
* 294
+4 882
cob=(3)
cfi=(157)
cfn=(1072)
calls=147 0
* 4190
* 294
+4 882
cob=(3)
cfi=(157)
cfn=(1072)
calls=147 0
* 4190
* 294
+6 882
cob=(3)
cfi=(157)
cfn=(1072)
calls=147 0
* 4190
* 294
542 882
cob=(3)
cfi=(157)
cfn=(1072)
calls=147 0
* 4460
* 294
+6 882
cob=(3)
cfi=(157)
cfn=(1072)
calls=147 0
* 4460
* 294
+51 1617
+1 735
cfi=(252)
cfn=(1062)
calls=147 83
* 114750
+1 735
cfi=(252)
cfn=(1060)
calls=147 +69
* 43198
+1 441
+57 882
cob=(3)
cfi=(157)
cfn=(1072)
calls=147 0
* 4253
* 312
+1 882
cob=(3)
cfi=(157)
cfn=(1072)
calls=147 0
* 4271
-1 294
+2 882
cob=(3)
cfi=(157)
cfn=(1072)
calls=147 0
* 4271
-1 294
+2 882
cob=(3)
cfi=(157)
cfn=(1072)
calls=147 0
* 4271
-1 294
+51 755
cfi=(295) /app/src/parser/expr/expr_entry.c
cfn=(1160) parse_expression
calls=151 12
* 17852885
* 151
+1 302
+5 151
+1 755
cfi=(252)
cfn=(1060)
calls=151 -49
* 42884
* 453
+2 755
cfi=(252)
cfn=(1062)
calls=151 83
* 37901
+1 151
+5 604
+25 302
+2 453
+4 906
+2 198
+1 396
+2 366
cfi=(278)
cfn=(1170)
calls=61 +37
* 210427
* 61
+1 270
+9 151
+1 3630

fn=(1159)
19 3780
+1 1134
+1 1890
+4 1890
cfi=(252)
cfn=(1060)
calls=378 670
* 370885
+1 1134
+2 1134
+13 378
+2 1134
+8 1134
+13 3402
+47 1134
+6 1134
+27 1134
+4 1134
+4 1134
+17 1134
+4 1134
+8 1134
+4 1134
+4 1134
+4 1134
+4 1134
+6 1134
+26 1134
+3 3971
+1 1805
cfi=(252)
cfn=(1062)
calls=361 83
* 345558
+1 1805
cfi=(252)
cfn=(1060)
calls=361 670
* 129867
+1 1805
cfi=(252)
cfn=(1062)
calls=361 83
* 117954
+1 1805
cfi=(252)
cfn=(1060)
calls=361 670
* 153783
+1 2113
+13 2166
cob=(3)
cfi=(157)
cfn=(1072)
calls=361 0
* 10657
* 722
+42 2166
cob=(3)
cfi=(157)
cfn=(1072)
calls=361 0
* 10657
* 722
+6 2166
cob=(3)
cfi=(157)
cfn=(1072)
calls=361 0
* 10408
* 854
+2 264
cfi=(306)
cfn=(1258)
calls=44 64
* 3852985
* 44
+4 1902
cob=(3)
cfi=(157)
cfn=(1072)
calls=317 0
* 9275
* 634
+13 1902
cob=(3)
cfi=(157)
cfn=(1072)
calls=317 0
* 9233
* 784
+2 250
cfi=(307)
cfn=(1260)
calls=50 188
* 2827153
* 50
+2 1602
cob=(3)
cfi=(157)
cfn=(1072)
calls=267 0
* 7811
* 630
+2 160
cfi=(309)
cfn=(1300)
calls=25 156
* 9965075
cfi=(309)
cfn=(1301) parse_if'2
calls=7 156
* 2208716
* 32
+2 1410
cob=(3)
cfi=(157)
cfn=(1072)
calls=235 0
* 6887
* 482
+2 20
cfi=(309)
cfn=(1448)
calls=2 214
* 594413
cfi=(309)
cfn=(1449) parse_while'2
calls=2 214
* 891477
* 4
+2 1386
cob=(3)
cfi=(157)
cfn=(1072)
calls=231 0
* 6845
* 471
+2 15
cfi=(309)
cfn=(1464)
calls=1 -77
* 559289
cfi=(309)
cfn=(1465) parse_for'2
calls=2 -77
* 800027
* 3
+2 1368
cob=(3)
cfi=(157)
cfn=(1072)
calls=228 0
* 7250
* 456
+6 1368
cob=(3)
cfi=(157)
cfn=(1072)
calls=228 0
* 7226
* 480
+2 40
cfi=(252)
cfn=(1062)
calls=8 83
* 10738
+3 32
+5 16
cfi=(275)
cfn=(1046)
calls=8 89
* 1528
* 8
+1 88
+1 16
+2 40
cfi=(252)
cfn=(1060)
calls=8 670
* 2272
* 64
cfi=(252)
cfn=(1060)
calls=8 670
* 2272
* 24
+16 40
cfi=(252)
cfn=(1060)
calls=8 670
* 2272
* 24
+2 40
cfi=(252)
cfn=(1062)
calls=8 83
* 2008
+2 8
246 8
377 1320
cob=(3)
cfi=(157)
cfn=(1072)
calls=220 0
* 6965
* 446
+2 10
cfi=(252)
cfn=(1062)
calls=2 83
* 2803
+3 8
+5 4
cfi=(275)
cfn=(1046)
calls=2 89
* 382
* 2
+1 22
+1 4
+1 10
cfi=(252)
cfn=(1060)
calls=2 670
* 568
* 16
cfi=(252)
cfn=(1060)
calls=2 670
* 568
* 6
+15 10
cfi=(252)
cfn=(1060)
calls=2 670
* 568
* 6
+2 10
cfi=(252)
cfn=(1062)
calls=2 83
* 502
+2 2
246 2
412 1308
cob=(3)
cfi=(157)
cfn=(1072)
calls=218 0
* 6903
* 436
+4 1308
cob=(3)
cfi=(157)
cfn=(1072)
calls=218 0
* 6903
* 436
+4 1308
cob=(3)
cfi=(157)
cfn=(1072)
calls=218 0
* 6012
* 436
+4 1308
cob=(3)
cfi=(157)
cfn=(1072)
calls=218 0
* 6012
* 436
+6 1308
cob=(3)
cfi=(157)
cfn=(1072)
calls=218 0
* 6012
* 436
542 1308
cob=(3)
cfi=(157)
cfn=(1072)
calls=218 0
* 6345
* 436
+6 1308
cob=(3)
cfi=(157)
cfn=(1072)
calls=218 0
* 6345
* 436
+51 2398
+1 1090
cfi=(252)
cfn=(1062)
calls=218 83
* 206983
+1 1090
cfi=(252)
cfn=(1060)
calls=218 +69
* 65909
+1 654
+57 1308
cob=(3)
cfi=(157)
cfn=(1072)
calls=218 0
* 6084
* 436
+1 1308
cob=(3)
cfi=(157)
cfn=(1072)
calls=218 0
* 6084
-1 436
+2 1308
cob=(3)
cfi=(157)
cfn=(1072)
calls=218 0
* 6084
-1 436
+2 1308
cob=(3)
cfi=(157)
cfn=(1072)
calls=218 0
* 6084
-1 436
+51 1175
cfi=(295)
cfn=(1161) parse_expression'2
calls=4 12
* 57711
cfi=(295)
cfn=(1160)
calls=231 12
* 22891538
* 235
+1 470
+5 235
+1 1175
cfi=(252)
cfn=(1060)
calls=235 -49
* 66896
* 705
+2 1155
cfi=(252)
cfn=(1062)
calls=231 83
* 57981
+1 231
+5 940
+25 470
+2 705
+4 1410
+2 261
+1 522
+2 510
cfi=(278)
cfn=(1170)
calls=85 +37
* 321672
* 85
+1 358
+9 235
+1 2268

fl=(172)
fn=(564)
38 9
+1 4
cob=(3)
cfi=(157)
cfn=(566)
calls=1 -39
* 122
+1 4
cob=(3)
cfi=(157)
cfn=(566)
calls=1 -40
* 122
+1 4
cob=(3)
cfi=(157)
cfn=(566)
calls=1 -41
* 122
+3 1
+5 1
cfi=(178) /app/src/platform/os.c
cfn=(580) z_setup_terminal
calls=1 -25
* 6
+1 5
cob=(3)
cfi=(157)
cfn=(582)
calls=1 -50
* 5683
+1 1
+8 6
cob=(3)
cfi=(157)
cfn=(586)
calls=1 -59
* 42
+1 1
+4 4
cfi=(181) /app/src/diagnostics/diagnostics.c
cfn=(590) set_diag_by_name
calls=1 924
* 126
+1 4
cfi=(181)
cfn=(590)
calls=1 924
* 168
+1 4
cfi=(181)
cfn=(590)
calls=1 924
* 197
+1 4
cfi=(181)
cfn=(590)
calls=1 924
* 213
+1 4
cfi=(181)
cfn=(590)
calls=1 924
* 242
+2 1
cfi=(183) /app/src/codegen/codegen_backend_c.c
cfn=(598) codegen_init_backends
calls=1 +40
* 274
+2 4
cfi=(178)
cfn=(616) z_get_executable_path
calls=1 +63
* 174
+1 3
+2 3
cfi=(192)
cfn=(624)
calls=1 +16
* 2028
* 1
+4 6
cob=(3)
cfi=(157)
cfn=(586)
calls=1 -79
* 86
+1 1
+2 1
+3 8
cob=(3)
cfi=(157)
cfn=(672)
calls=1 -85
* 408
+1 4
cob=(3)
cfi=(157)
cfn=(694)
calls=1 -86
* 8
* 2
+4 3
cfi=(192)
cfn=(624)
calls=1 +1
* 196
* 1
+1 1
-9 3
+9 1
+20 3
cob=(3)
cfi=(157)
cfn=(698)
calls=1 0
* 295
* 1
+1 2
+15 3
cfi=(192)
cfn=(624)
calls=1 -36
* 196
* 4
cfi=(212) /app/src/codegen/../compiler_config.h
cfn=(702) zvec_push_Str
calls=1 19
* 284
+8 2
+7 3
+1 1
+2 5
cob=(3)
cfi=(157)
cfn=(592)
calls=1 0
* 22
* 2
+4 5
cob=(3)
cfi=(157)
cfn=(592)
calls=1 0
* 22
* 2
+6 5
cob=(3)
cfi=(157)
cfn=(592)
calls=1 0
* 22
* 7
cob=(3)
cfi=(157)
cfn=(592)
calls=1 0
* 22
* 2
+5 5
cob=(3)
cfi=(157)
cfn=(592)
calls=1 0
* 22
* 2
+4 5
cob=(3)
cfi=(157)
cfn=(592)
calls=1 0
* 22
* 2
+5 5
cob=(3)
cfi=(157)
cfn=(592)
calls=1 0
* 22
* 2
+4 5
cob=(3)
cfi=(157)
cfn=(592)
calls=1 0
* 22
* 2
+8 5
cob=(3)
cfi=(157)
cfn=(592)
calls=1 0
* 22
* 2
+12 5
cob=(3)
cfi=(157)
cfn=(592)
calls=1 0
* 22
* 7
cob=(3)
cfi=(157)
cfn=(592)
calls=1 0
* 22
* 2
+5 4
+19 4
cob=(3)
cfi=(157)
cfn=(710)
calls=1 0
* 23
* 2
+2 2
+1 1
+5 6
582 6
+15 3
+7 3
cfi=(192)
cfn=(624)
calls=1 91
* 192
* 1
+1 3
cfi=(213) /app/./src/platform/os.h
cfn=(714) z_path_last_sep
calls=1 63
* 36
* 1
+1 2
+2 2
+1 3
cfi=(192)
cfn=(624)
calls=1 91
* 194
* 2
+8 3
cfi=(214) /app/src/driver/driver.c
cfn=(716) driver_run
calls=1 32
* 455207721
+1 5

fl=(288) /app/src/parser/utils/utils_rewrite.c
fn=(1124) parse_and_convert_args
567 4040
+1 1010
cfi=(252)
cfn=(1062)
calls=202 83
* 50702
+1 606
+5 202
+1 606
cfi=(192)
cfn=(630)
calls=202 51
* 27349
* 202
+1 404
+1 202
+1 202
+1 1010
cfi=(192)
cfn=(1098)
calls=202 56
* 33936
* 202
+1 1010
cfi=(192)
cfn=(1098)
calls=202 56
* 33936
* 202
+1 1010
cfi=(192)
cfn=(1098)
calls=202 56
* 33936
* 202
+1 1010
cfi=(192)
cfn=(1098)
calls=202 56
* 33936
* 202
+1 1010
cfi=(192)
cfn=(1098)
calls=202 56
* 33936
* 202
+4 1010
cfi=(252)
cfn=(1060)
calls=202 +83
* 91175
* 606
+4 912
+17 304
+1 1520
cfi=(252)
cfn=(1060)
calls=304 +61
* 154451
* 912
+30 304
+1 1520
cfi=(252)
cfn=(1062)
calls=304 83
* 144419
+2 4864
cfi=(279)
cfn=(1126) is_token
calls=304 224
* 10581
* 912
+7 4864
cfi=(279)
cfn=(1126)
calls=304 224
* 15071
* 912
+2 1048
cfi=(192)
cfn=(624)
calls=131 91
* 25676
* 131
+1 524
+2 508
cob=(3)
cfi=(157)
cfn=(626)
calls=127 0
* 2032
* 381
cfi=(192)
cfn=(630)
calls=127 51
* 17018
* 127
+1 1016
cob=(3)
cfi=(157)
cfn=(1140)
calls=127 0
* 51905
+2 508
cfi=(279)
cfn=(1262) is_primitive_type_name
calls=127 26
* 693206
* 254
+18 254
cfi=(275)
cfn=(1032)
calls=127 109
* 24638
* 127
+1 508
cfi=(192)
cfn=(624)
calls=127 91
* 24981
* 254
+1 381
+1 381
cfi=(275)
cfn=(1044)
calls=127 130
* 26416
* 127
+2 889
cfi=(216)
cfn=(1034)
calls=127 13
* 693654
+1 889
+3 254
+6 381
cob=(3)
cfi=(157)
cfn=(626)
calls=127 0
* 2032
* 889
+5 8
+6 12
cob=(3)
cfi=(157)
cfn=(626)
calls=4 0
* 64
* 24
+2 8
cfi=(275)
cfn=(1032)
calls=4 109
* 776
* 4
+1 12
+1 32
cfi=(275)
cfn=(1044)
calls=4 130
* 832
* 4
+1 64
cfi=(216)
cfn=(1034)
calls=4 13
* 10220
+3 917
+1 262
+4 519
+4 2768
cfi=(279)
cfn=(1114) check_identifier
calls=173 425
* 151985
* 173
+1 2422
cfi=(279)
cfn=(1118) token_strdup
calls=173 230
* 32986
* 346
+1 1211
+1 865
cfi=(252)
cfn=(1062)
calls=173 83
* 44288
* 519
+5 865
cfi=(289) /app/src/parser/type/type_formal.c
cfn=(1128) parse_type_formal
calls=173 16
* 1604549
* 173
+1 346
+4 519
cfi=(275)
cfn=(1136)
calls=173 446
* 89658
* 173
+2 1211
cfi=(216)
cfn=(1034)
calls=173 13
* 2557979
+1 1211
+2 692
+2 342
cob=(3)
cfi=(157)
cfn=(626)
calls=114 0
* 1852
* 570
+4 342
cob=(3)
cfi=(157)
cfn=(626)
calls=114 0
* 1868
* 177
cob=(3)
cfi=(157)
cfn=(626)
calls=59 0
* 944
* 692
cob=(3)
cfi=(157)
cfn=(626)
calls=173 0
* 2768
* 692
cob=(3)
cfi=(157)
cfn=(626)
calls=173 0
* 2768
* 519
+1 519
+9 865
cob=(3)
cfi=(157)
cfn=(720)
calls=173 0
* 8535
* 173
+1 519
cfi=(275)
cfn=(1144)
calls=173 1050
* 2422
* 519
+5 346
+13 346
+6 865
cob=(3)
cfi=(157)
cfn=(1146)
calls=173 0
* 6302
+2 519
cob=(3)
cfi=(157)
cfn=(626)
calls=173 0
* 2888
* 692
+1 865
cob=(3)
cfi=(157)
cfn=(1146)
calls=173 0
* 6585
+3 1211
+1 173
+2 865
cfi=(252)
cfn=(1060)
calls=173 670
* 49132
* 519
+12 1520
cfi=(252)
cfn=(1060)
calls=304 670
* 86336
* 912
+2 570
cfi=(252)
cfn=(1062)
calls=114 83
* 28614
+2 570
cfi=(252)
cfn=(1060)
calls=114 670
* 66684
* 342
+17 190
+4 950
cfi=(252)
cfn=(1062)
calls=190 83
* 47690
* 60
cfi=(252)
cfn=(1062)
calls=12 83
* 3012
* 606
+5 606
+1 606
+1 606
+1 606
+1 606
+1 404
+2 594
+2 198
+1 594
-1 4
+1 618

fl=(278)
fn=(1268)
437 38280
+1 12760
+2 31900
cfn=(1270) struct_hash_lookup
calls=6380 40
* 966859
* 6380
+1 12760
+2 3414
+4 9346
+5 32711
cfi=(273)
cfn=(1172) symbol_lookup_kind
calls=4673 135
* 30857967
* 4673
+1 9346
+2 32711
cfi=(273)
cfn=(1172)
calls=4673 135
* 28581025
* 4673
+2 9346
+5 18692
+2 13146
+1 4382
+2 140224
+8 52584
-10 43820
+14 14019
+1 4673
+2 841398
cob=(3)
cfi=(157)
cfn=(592)
calls=140233 0
* 3411266
* 280466
+4 420699
-6 289812
+9 14019
+1 4673
+2 560932
+1 1542563
cob=(3)
cfi=(157)
cfn=(592)
calls=140233 0
* 3335145
-1 280466
+5 420699
-7 289812
+10 14019
+1 4673
+2 875496
cob=(3)
cfi=(157)
cfn=(592)
calls=72958 0
* 1786858
* 145916
+2 77
cfn=(1050) struct_hash_insert
calls=7 24
* 1478
* 21
+2 364755
+4 218853
-10 155248
+13 13998
+1 4666
+2 32367270
cob=(3)
cfi=(157)
cfn=(592)
calls=185507 0
* 4502576
* 371014
+5 11998596
-7 8008396
+10 13998
+1 4666
+2 1113042
cob=(3)
cfi=(157)
cfn=(592)
calls=185507 0
* 4494500
* 371014
+4 556521
-6 380346
+9 13998
+1 13998
+9 4666
+1 12760

fn=(1056) register_impl
754 28
+1 8
cfi=(192)
cfn=(630)
calls=4 51
* 536
* 4
+1 12
cfi=(192)
cfn=(624)
calls=4 91
* 784
* 8
+1 12
cfi=(192)
cfn=(624)
calls=4 91
* 790
* 8
+1 16
+1 12
+1 12

fn=(1452) find_module
618 348
+1 348
cfi=(284) /app/./src/parser/../utils/zmap.h
cfn=(1454) zmap_get_ModMap
calls=58 1488
* 754
* 58
+1 174
+1 116

fn=(1050)
24 553
+1 237
cfn=(1052) struct_name_hash
calls=79 -12
* 15951
* 158
+1 158
+2 405
+1 1287
cob=(3)
cfi=(157)
cfn=(592)
calls=33 -29
* 774
* 66
+2 1027
cob=(3)
cfi=(157)
cfn=(586)
calls=79 -31
* 3346
+1 711
+1 790
+1 79
-8 164
+11 158

fn=(1170)
800 24451
+1 24451
cfi=(273)
cfn=(1172)
calls=3493 135
* 21626414
* 3493
+1 6986
+2 4080
+3 6399
+1 2133
+2 2752332
cob=(3)
cfi=(157)
cfn=(592)
calls=458722 0
* 11146796
* 917444
+4 1376166
-6 921710
+9 12798
+2 5985
+1 1995
+2 348530
cob=(3)
cfi=(157)
cfn=(592)
calls=34853 0
* 844668
* 69706
+2 62
cfi=(192)
cfn=(630)
calls=31 51
* 4154
* 31
+1 124
+1 372
+1 124
+1 124
+1 124
+1 124
+1 124
+1 124
+1 62
+1 62
+1 62
+2 104466
-17 73634
+21 2102
+1 10479

fn=(1212) add_to_func_list
171 204
+1 102
+1 34
+2 2244
+4 1683
-6 1190
+8 68
cfi=(192)
cfn=(630)
calls=34 51
* 4556
* 34
+1 102
+1 136
+1 136
+1 68

fn=(1052)
13 25836
+1 6459
+1 6459
+2 271272
+1 135636
-3 206684
+5 6459
+1 12918

fn=(1220) mark_file_imported
749 72
+1 84
cfi=(284)
cfn=(1092) zmap_put_FileSet
calls=12 1488
* 6477
+1 36

fn=(1088) is_file_imported
744 156
+1 156
cfi=(284)
cfn=(1090) zmap_get_FileSet
calls=26 1488
* 9628
* 78
+1 52

fn=(1350) check_impl
763 637
+1 273
+1 91
+2 1896
cob=(3)
cfi=(157)
cfn=(592)
calls=316 0
* 6952
* 1196
cob=(3)
cfi=(157)
cfn=(592)
calls=94 0
* 2386
* 188
+4 948
-6 814
+9 273
+1 91
+2 1264
cfi=(192)
cfn=(624)
calls=316 91
* 62341
* 316
+1 1264
cob=(3)
cfi=(157)
cfn=(710)
calls=316 0
* 7272
* 316
+1 632
+14 948
-18 814
+21 91
+1 182

fn=(1356) add_to_global_list
205 48
+1 24
+1 8
+2 112
+4 84
-6 72
+8 16
cfi=(192)
cfn=(630)
calls=8 51
* 1072
* 8
+1 24
+1 32
+1 32
+1 16

fn=(1372) find_type_alias
137 13836
+1 16142
cfi=(273)
cfn=(1172)
calls=2306 -3
* 10205717
* 2306
+1 4612
+5 11530
cfn=(1132) find_type_alias_node
calls=2306 +5
* 34590
* 2306
+1 6918
+1 4612

fn=(1048) register_struct_def
342 328
+1 205
+19 41
+1 205
+14 82
+2 82
cfi=(192)
cfn=(630)
calls=41 51
* 5494
* 41
+1 123
cfi=(192)
cfn=(624)
calls=41 91
* 7948
* 82
+1 164
+1 123
+3 123
+1 246
cfn=(1050)
calls=41 24
* 12703
+2 205
+14 246
cfi=(273)
cfn=(1054)
calls=41 96
* 304818
* 41
+1 41
+1 82
+2 82
+1 164
-1 287
cfi=(273)
cfn=(1040)
calls=41 78
* 16107
* 82
+9 123
+1 287
+1 82
+2 492
+1 164
+2 205
+7 287
+2 943
cfi=(276)
cfn=(1038)
calls=41 110
* 168244
* 41
+2 205
cfi=(277)
cfn=(1042)
calls=41 38
* 269488
+1 164

fn=(1132)
149 22818
+1 11409
+1 11409
+8 3803
+1 7606

fn=(1242) add_to_struct_list
68 96
+1 32
cfi=(192)
cfn=(630)
calls=16 -18
* 2144
* 16
+1 48
+1 64
+1 48
+2 128
+4 64
+4 48

fn=(1250) find_selective_import
649 2364
+1 2364
cfi=(284)
cfn=(1252) zmap_get_SelMap
calls=394 1488
* 5122
* 394
+1 1182
+1 788

fn=(1392) is_ident_char
739 29448
+1 4908
cob=(3)
cfi=(157)
cfn=(1064)
calls=4908 0
* 29448
* 61124
+1 9816

fn=(1270)
40 38280
+1 19140
cfn=(1052)
calls=6380 -28
* 655772
* 12760
+1 12760
+2 32545
+1 71599
+2 9346
+2 22032
cob=(3)
cfi=(157)
cfn=(592)
calls=1836 -49
* 45976
* 3672
+2 17070
-9 13147
+13 12760

fn=(1346) add_to_impl_list
188 66
+1 33
+1 11
+2 220
+4 165
-6 132
+8 22
cfi=(192)
cfn=(630)
calls=11 51
* 1474
* 11
+1 33
+1 44
+1 44
+1 22

fn=(1240) find_concrete_struct_def
570 54
+1 27
+1 9
+2 924
cob=(3)
cfi=(157)
cfn=(592)
calls=154 0
* 3673
* 308
+5 462
-7 326
+10 27
+1 9
+2 2156
cob=(3)
cfi=(157)
cfn=(592)
calls=154 0
* 3574
* 308
+4 462
-6 326
+9 27
+1 9
+2 830
+1 252
cob=(3)
cfi=(157)
cfn=(592)
calls=36 0
* 840
-1 72
+5 249
-7 184
+10 27
+1 9
+2 2786
+1 1194
cob=(3)
cfi=(157)
cfn=(592)
calls=199 0
* 4765
-1 398
+5 597
-7 416
+10 9
+1 18

fl=(181)
fn=(590)
924 30
+1 25
cob=(3)
cfi=(157)
cfn=(592)
calls=5 0
* 110
* 10
+12 25
cob=(3)
cfi=(157)
cfn=(592)
calls=5 0
* 110
* 10
+14 25
cob=(3)
cfi=(157)
cfn=(592)
calls=5 0
* 110
* 10
+2 2
+2 1
cfn=(596) diag_cfg
calls=1 10
* 9
* 3
+1 1
cfn=(596)
calls=1 10
* 9
* 4
+7 2
+2 20
cob=(3)
cfi=(157)
cfn=(592)
calls=4 0
* 88
* 8
+2 2
+2 1
cfn=(596)
calls=1 10
* 9
* 3
+1 1
cfn=(596)
calls=1 10
* 9
* 3
+1 1
cfn=(596)
calls=1 10
* 9
* 4
+8 2
+2 15
cob=(3)
cfi=(157)
cfn=(592)
calls=3 0
* 66
* 6
+2 2
+2 1
cfn=(596)
calls=1 10
* 9
* 3
+1 1
cfn=(596)
calls=1 10
* 9
* 3
+1 1
cfn=(596)
calls=1 10
* 9
* 4
+8 2
+2 10
cob=(3)
cfi=(157)
cfn=(592)
calls=2 0
* 44
* 4
+2 2
+2 1
cfn=(596)
calls=1 10
* 9
* 3
+1 1
cfn=(596)
calls=1 10
* 9
* 4
+7 2
+2 5
cob=(3)
cfi=(157)
cfn=(592)
calls=1 0
* 22
* 2
+2 2
+2 1
cfn=(596)
calls=1 10
* 9
* 3
+1 1
cfn=(596)
calls=1 10
* 9
* 4
+7 2
+15 10

fn=(596)
10 36
+1 48
+1 24

fl=(336) /app/src/analysis/typecheck_call.c
fn=(1534) check_expr_call
12 88
+1 64
cfi=(331)
cfn=(1493)
calls=8 +18
* 46109
+2 8
+1 8
+3 72
+2 32
+3 48
cfi=(278)
cfn=(1170)
calls=8 800
* 43298
* 8
+2 48
+10 48
+13 16
+3 20
cob=(3)
cfi=(157)
cfn=(592)
calls=4 -52
* 110
* 8
+9 20
cfi=(334)
cfn=(1526)
calls=4 422
* 35831
* 4
+1 8
-13 8
+68 8
+1 24
+1 8
+2 9
+1 27
-3 34
+7 72
+6 72
+20 16
+2 12
+1 16
+2 4
+1 8
+2 18
+2 2
-4 26
+9 12
+9 16
+13 24
+1 8
+3 72
+24 9
+1 52
+2 18
+2 49
+2 35
cfi=(275)
cfn=(1144)
calls=7 1050
* 98
* 7
+1 28
+8 36
+5 63
cfi=(331)
cfn=(1493)
calls=9 31
* 5671
+3 27
+1 22
+2 6
cfi=(275)
cfn=(1144)
calls=2 1050
* 28
* 2
+1 6
cfi=(275)
cfn=(1144)
calls=2 1050
* 28
* 2
+2 8
+5 8
+19 12
+10 44
cfi=(335)
cfn=(1518)
calls=2 820
* 934
* 2
+4 10
cfi=(335)
cfn=(1522)
calls=2 12
* 164
* 35
cfi=(335)
cfn=(1522)
calls=7 12
* 574
+2 27
+1 9
-73 34
+77 32
+2 16
+7 36
+35 12
-35 4
+38 52
+2 20
cfi=(275)
cfn=(1144)
calls=4 1050
* 56
* 4
+1 16
+7 48
+6 16
+2 16
-2 40
+2 8
-2 8
+3 160
cfi=(334)
cfn=(1546) check_all_args_side_effects
calls=8 -95
* 208
* 8
+3 48
+4 48

fl=(189) /app/src/codegen/codegen_backend_dot.c
fn=(612) codegen_register_dot_backend
515 3
+1 3
cfi=(183)
cfn=(600) codegen_register_backend
calls=1 29
* 24
+1 3

fl=(338) /app/src/codegen/codegen_decl_preamble.c
fn=(1586) emit_preamble
72 5
+1 5
+5 5
+8 8
cfi=(327) /app/src/utils/emitter.c
cfn=(1430) emitter_printf
calls=1 +33
* 4123
+1 8
cfi=(327)
cfn=(1430)
calls=1 +32
* 5688
+2 8
cfi=(327)
cfn=(1430)
calls=1 +30
* 4573
+1 8
cfi=(327)
cfn=(1430)
calls=1 +29
* 11726
+4 8
cfi=(327)
cfn=(1430)
calls=1 +25
* 3236
+1 8
cfi=(327)
cfn=(1430)
calls=1 +24
* 4940
+3 5
+1 3
-1 2
+7 5
+33 8
cfi=(327)
cfn=(1430)
calls=1 -19
* 4507
+1 8
cfi=(327)
cfn=(1430)
calls=1 -20
* 2121
+1 8
cfi=(327)
cfn=(1430)
calls=1 -21
* 3858
+1 8
cfi=(327)
cfn=(1430)
calls=1 -22
* 1244
+1 8
cfi=(327)
cfn=(1430)
calls=1 -23
* 2534
+1 8
cfi=(327)
cfn=(1430)
calls=1 -24
* 4271
+1 8
cfi=(327)
cfn=(1430)
calls=1 -25
* 1303
+1 8
cfi=(327)
cfn=(1430)
calls=1 -26
* 2711
+1 8
cfi=(327)
cfn=(1430)
calls=1 -27
* 30018
+1 8
cfi=(327)
cfn=(1430)
calls=1 -28
* 5648
+3 8
cfi=(327)
cfn=(1430)
calls=1 -31
* 76137
+1 8
cfi=(327)
cfn=(1430)
calls=1 -32
* 32197
+3 8
cfi=(327)
cfn=(1430)
calls=1 -35
* 9638
+4 4
+4 8
cfi=(327)
cfn=(1430)
calls=1 -43
* 8163
+3 8
cfi=(327)
cfn=(1430)
calls=1 -46
* 5420
+2 8
cfi=(327)
cfn=(1430)
calls=1 -48
* 3260
+1 8
cfi=(327)
cfn=(1430)
calls=1 -49
* 6909
+3 8
cfi=(327)
cfn=(1430)
calls=1 -52
* 6109
+3 8
cfi=(327)
cfn=(1430)
calls=1 -55
* 3116
+3 5
+8 8
cfi=(327)
cfn=(1430)
calls=1 -66
* 3885
+2 8
cfi=(327)
cfn=(1430)
calls=1 -68
* 3470
+1 8
cfi=(327)
cfn=(1430)
calls=1 -69
* 6364
+3 8
cfi=(327)
cfn=(1430)
calls=1 -72
* 14329
+5 8
cfi=(327)
cfn=(1430)
calls=1 -77
* 10267
+5 8
cfi=(327)
cfn=(1430)
calls=1 -82
* 6954
+3 8
cfi=(327)
cfn=(1430)
calls=1 -85
* 9742
+3 8
cfi=(327)
cfn=(1430)
calls=1 -88
* 9868
+3 7
cfi=(327)
cfn=(1430)
calls=1 -91
* 2586
+3 5
+12 8
cfi=(327)
cfn=(1430)
calls=1 119
* 24741
+8 8
cfi=(327)
cfn=(1430)
calls=1 119
* 12229
+6 8
cfi=(327)
cfn=(1430)
calls=1 119
* 2788
+1 8
cfi=(327)
cfn=(1430)
calls=1 119
* 2965
+1 4
cfi=(327)
cfn=(1594) emitter_indent
calls=1 -5
* 14
+1 8
cfi=(327)
cfn=(1430)
calls=1 119
* 1982
+1 8
cfi=(327)
cfn=(1430)
calls=1 119
* 4781
+1 8
cfi=(327)
cfn=(1430)
calls=1 119
* 3542
+1 8
cfi=(327)
cfn=(1430)
calls=1 119
* 2749
+1 8
cfi=(327)
cfn=(1430)
calls=1 119
* 1927
+1 4
cfi=(327)
cfn=(1596) emitter_dedent
calls=1 -3
* 18
+1 8
cfi=(327)
cfn=(1430)
calls=1 119
* 1014
+1 8
cfi=(327)
cfn=(1430)
calls=1 119
* 2906
+1 4
cfi=(327)
cfn=(1594)
calls=1 -14
* 14
+1 8
cfi=(327)
cfn=(1430)
calls=1 119
* 1982
+1 8
cfi=(327)
cfn=(1430)
calls=1 119
* 2690
+1 4
cfi=(327)
cfn=(1594)
calls=1 -17
* 14
+1 8
cfi=(327)
cfn=(1430)
calls=1 119
* 3379
+1 8
cfi=(327)
cfn=(1430)
calls=1 119
* 2535
+1 8
cfi=(327)
cfn=(1430)
calls=1 119
* 2417
+1 4
cfi=(327)
cfn=(1596)
calls=1 -13
* 18
+1 8
cfi=(327)
cfn=(1430)
calls=1 119
* 1170
+1 4
cfi=(327)
cfn=(1596)
calls=1 -15
* 18
+1 8
cfi=(327)
cfn=(1430)
calls=1 119
* 1014
+2 2

fl=(178)
fn=(718) z_path_match_compiler
317 276
+1 184
+7 92
+1 138
cob=(3)
cfi=(157)
cfn=(626)
calls=46 0
* 736
* 46
+2 46
+5 5
-1 1
+4 4
+1 4
-1 1
+3 4
+2 2
-13 230
cob=(3)
cfi=(157)
cfn=(720)
calls=46 0
* 2263
* 138
+18 45
+1 92

fn=(938) z_tmpfile
368 3
+38 1
cob=(3)
cfi=(157)
cfn=(940)
calls=1 0
* 1605
+2 2

fn=(1776) z_get_absolute_path
173 14
+1 12
+17 8
cob=(3)
cfi=(157)
cfn=(824)
calls=2 0
* 1152
* 2
+1 4
+46 14
cob=(3)
cfi=(157)
cfn=(586)
calls=2 0
* 508
+1 12
+11 4

fn=(616)
135 6
+1 5
cob=(3)
cfi=(157)
cfn=(582)
calls=1 0
* 73
+10 7
cob=(3)
cfi=(157)
cfn=(618)
calls=1 0
* 8
* 1
+1 2
+2 4
+14 4
cob=(3)
cfi=(157)
cfn=(622)
calls=1 0
* 24
* 1
+1 4
cob=(3)
cfi=(157)
cfn=(622)
calls=1 0
* 22
* 1
+1 5
+1 2
+2 2
+2 3

fn=(1784) z_run_command
467 8
+57 1
cob=(3)
cfi=(157)
cfn=(1786)
calls=1 0
* 118
* 1
+1 2
+5 2
+7 6
cob=(3)
cfi=(157)
cfn=(1798)
calls=1 0
* 14
+1 4
+2 4
+5 5

fn=(728) z_get_time
75 7
+11 4
cob=(3)
cfi=(157)
cfn=(730)
calls=1 -86
* 13
+1 9
+2 5

fn=(580)
24 3
+28 3

fn=(734) z_get_pid
126 3
+4 1
cob=(3)
cfi=(157)
cfn=(736)
calls=1 0
* 6
+2 2

fn=(976) z_get_monotonic_time
55 14
+14 8
cob=(3)
cfi=(157)
cfn=(730)
calls=2 -69
* 26
+1 18
+2 10

fl=(185) /app/src/codegen/codegen_backend_cuda.c
fn=(604) codegen_register_cuda_backend
14 3
+1 3
cfi=(183)
cfn=(600)
calls=1 +14
* 24
+1 3

fl=(279)
fn=(1084) token_get_string_content
238 244
+1 61
+1 305
+1 305
+1 61
+1 61
+2 122
+6 122
+8 764
+1 244
+1 244
+3 244
+1 122
+5 305
cfi=(192)
cfn=(630)
calls=61 51
* 8174
* 61
+1 610
cob=(3)
cfi=(157)
cfn=(586)
calls=61 0
* 1642
+1 305
+1 61
+1 122

fn=(1120) is_c_reserved_word
313 990
+1 396
+2 55242
cob=(3)
cfi=(157)
cfn=(592)
calls=6138 0
* 142880
* 12276
-2 50490
+7 198
+1 396

fn=(1116) is_reserved_keyword
376 3415
+1 9562
+24 683
+3 2049
+7 1362
+2 114408
cob=(3)
cfi=(157)
cfn=(626)
calls=14301 0
* 228816
* 28602
+1 14003
cob=(3)
cfi=(157)
cfn=(1072)
calls=1273 0
* 36237
-1 2546
-2 119175
+10 683
+1 2049

fn=(1156)
15 5088
+1 2120
cfi=(252)
cfn=(1062)
calls=424 +67
* 121838
+1 1272
+5 4664
+1 2968

fn=(1262)
26 2265
+1 1359
cfi=(291) /app/src/ast/primitives.c
cfn=(1264) find_primitive_kind
calls=453 +84
* 2007212
* 1359
+1 906

fn=(1114)
425 6147
+2 9562
cfn=(1116)
calls=683 -51
* 563590
* 2049
+10 4781

fn=(1246) normalize_type_name
366 1335
+1 534
+5 801
cfi=(291)
cfn=(1248) get_primitive_c_name
calls=267 105
* 647198
+1 534

fn=(1058)
277 18216
+1 6072
+1 4048
+1 2024
+2 295
cfi=(252)
cfn=(1062)
calls=59 83
* 72216
+1 295
-3 10415
cfi=(252)
cfn=(1060)
calls=2083 670
* 1586154
* 6249
+21 6072
+1 14168

fn=(1118)
230 27224
+1 34030
cfi=(192)
cfn=(630)
calls=6806 51
* 912285
* 6806
+1 47642
cob=(3)
cfi=(157)
cfn=(586)
calls=6806 0
* 213836
+1 34030
+1 6806
+1 13612

fn=(1126)
224 374540
+1 224724
cob=(3)
cfi=(157)
cfn=(626)
calls=74908 0
* 1198528
* 74908
+1 377814
cob=(3)
cfi=(157)
cfn=(1072)
calls=21870 0
* 333745
* 121958
+1 149816

fl=(333) /app/src/analysis/typecheck_stmt.c
fn=(1510) check_block
5 11
+1 3
cfi=(334)
cfn=(1504) tc_enter_scope
calls=1 390
* 204
+1 3
+1 1
+1 4
+2 1
+3 22
+10 66
+14 33
+1 22
+1 77
cfi=(331)
cfn=(1493)
calls=11 -9
* 403557
+1 33
+3 124
+1 20
-1 20
+3 1
+1 11
+3 3
-40 2
+40 30
-40 22
+43 3
cfi=(334)
cfn=(1566) tc_exit_scope
calls=1 396
* 96
+1 7

fn=(1511) check_block'2
5 22
+1 6
cfi=(334)
cfn=(1504)
calls=2 390
* 408
+1 6
+1 2
+1 8
+2 2
+3 4
+10 12
+14 6
+1 4
+1 14
cfi=(331)
cfn=(1493)
calls=2 -9
* 81384
+1 6
+3 24
+1 4
-1 4
+7 6
-40 8
+43 6
cfi=(334)
cfn=(1566)
calls=2 396
* 120
+1 14

fn=(1550) check_loop_passes
455 11
+1 2
+4 8
+1 2
+7 3
+1 3
+1 2
+1 2
+2 4
+1 5
cfi=(299)
cfn=(1552) move_state_clone
calls=1 24
* 1277
* 2
+1 3
+1 3
+2 3
+1 2
+2 3
+1 2
+2 3
+3 2
+2 13
+40 8
cfi=(332)
cfn=(1554) misra_check_compound_body
calls=1 773
* 17
+1 3
cfi=(334)
cfn=(1504)
calls=1 390
* 204
+1 8
cfi=(331)
cfn=(1493)
calls=1 31
* 27449
+3 2
+2 3
cfi=(299)
cfn=(1556) move_state_free
calls=1 48
* 36
+2 10
cfi=(299)
cfn=(1552)
calls=1 24
* 1646
* 2
+1 3
+2 8
cfi=(331)
cfn=(1493)
calls=1 31
* 2946
+1 9
+2 5
cfi=(335)
cfn=(1520)
calls=1 53
* 14
* 1
+1 6
+13 4
+8 8
cfi=(331)
cfn=(1493)
calls=1 31
* 41287
+1 8
cfi=(331)
cfn=(1493)
calls=1 31
* 3532
+2 6
+13 1
+65 2
+3 4
+1 3
+2 1
+1 4
+2 5
cfi=(299)
cfn=(1570) move_state_merge_into
calls=1 185
* 2036
+2 4
+6 3
+2 3
+1 2
+1 2
+2 5
cfi=(299)
cfn=(1552)
calls=1 24
* 2014
* 1
+1 2
+2 2
+1 2
+3 13
+7 8
cfi=(331)
cfn=(1493)
calls=1 31
* 3005
+1 8
cfi=(331)
cfn=(1493)
calls=1 31
* 40897
+1 8
cfi=(331)
cfn=(1493)
calls=1 31
* 3532
+1 1
+19 5
+2 5
cfi=(299)
cfn=(1556)
calls=1 48
* 50
+2 4
+4 4
+5 3
+4 1
+2 3
+4 4
+2 5
cfi=(299)
cfn=(1570)
calls=1 185
* 2036
+3 4
+6 4
+4 4
+5 3
+1 3
+2 3
cfi=(299)
cfn=(1556)
calls=1 48
* 50
+2 2
+2 3
cfi=(299)
cfn=(1556)
calls=1 48
* 43
+4 4
+2 3
cfi=(334)
cfn=(1566)
calls=1 396
* 60
+4 8
+4 3
+2 3
+7 5
+2 5
cfi=(299)
cfn=(1556)
calls=1 48
* 50
+2 8
+2 3
+1 3
+1 3
+1 3
+1 6
+1 6

fn=(1498) check_function
278 11
+1 2
+4 6
cfi=(332)
cfn=(1500) misra_check_param_nesting
calls=1 831
* 16
+2 6
+6 6
cfi=(334)
cfn=(1502) mark_type_as_used
calls=1 432
* 51
+3 19
cfi=(332)
cfn=(1494) misra_check_reserved_identifier
calls=1 1333
* 16
* 1
+2 3
+1 3
cfi=(334)
cfn=(1504)
calls=1 +93
* 204
+2 3
+1 2
+1 2
+2 4
+1 4
cfi=(299)
cfn=(1490) move_state_create
calls=1 16
* 150
* 1
+2 6
+15 4
+2 19
cfi=(332)
cfn=(1506) misra_check_tuple_size
calls=1 1625
* 23
* 1
+1 19
cfi=(332)
cfn=(1508) misra_check_pointer_nesting
calls=1 705
* 16
* 1
+10 8
cfi=(331)
cfn=(1493)
calls=1 31
* 404433
+3 3
+1 7
cob=(3)
cfi=(157)
cfn=(592)
calls=1 0
* 22
* 4
+3 10
cob=(3)
cfi=(157)
cfn=(592)
calls=1 0
* 22
* 5
+2 4
+5 4
+15 5
cfi=(299)
cfn=(1556)
calls=1 48
* 64
+1 4
+3 6
+31 6
+9 3
+1 3
cfi=(334)
cfn=(1566)
calls=1 -12
* 51
+1 3
+1 6

fn=(1512) check_var_decl
58 64
+1 32
+2 152
cfi=(332)
cfn=(1508)
calls=8 705
* 128
* 8
+4 48
cfi=(334)
cfn=(1502)
calls=8 432
* 8532
+3 64
+2 40
+3 32
+2 32
+2 40
+2 24
+1 16
+1 64
cfi=(331)
cfn=(1493)
calls=8 -50
* 15434
+1 24
+2 24
+1 32
+2 32
+2 56
cfi=(335)
cfn=(1516)
calls=8 766
* 568
+1 32
+5 32
+2 192
cfi=(335)
cfn=(1518)
calls=8 820
* 2582
* 8
+4 48
+19 48
cfi=(335)
cfn=(1522)
calls=8 12
* 8256
+3 32
+2 152
cfi=(332)
cfn=(1508)
calls=8 705
* 128
* 8
+4 24
+1 16
+12 152
cfi=(332)
cfn=(1494)
calls=8 1333
* 128
* 8
+1 168
cfi=(334)
cfn=(1524) tc_add_symbol
calls=8 405
* 210918
* 8
+1 48
cfi=(334)
cfn=(1526)
calls=8 422
* 858
* 8
+1 16
+2 32
+1 56
cfi=(299)
cfn=(1528)
calls=8 428
* 5982
+3 48
+14 32

fl=(344) /app/src/codegen/codegen_stmt_handlers.c
fn=(1744) handle_node_while
1062 408
+1 272
+4 272
+2 544
+2 340
+1 476
cfi=(327)
cfn=(1430)
calls=68 119
* 86640
+1 408
cfi=(328) /app/src/codegen/codegen.c
cfn=(1422) codegen_expression
calls=68 24
* 6861709
+1 476
cfi=(327)
cfn=(1430)
calls=68 119
* 44983
+1 272
+11 340
+5 408
cfi=(342) /app/src/codegen/codegen_stmt.c
cfn=(1671) codegen_node_single'2
calls=68 18
* 42347776
+1 340
+6 340
+1 272
+4 204

fn=(1745) handle_node_while'2
1062 48
+1 32
+4 32
+2 64
+2 40
+1 56
cfi=(327)
cfn=(1430)
calls=8 119
* 11280
+1 48
cfi=(328)
cfn=(1422)
calls=8 24
* 964866
+1 56
cfi=(327)
cfn=(1430)
calls=8 119
* 5272
+1 32
+11 40
+5 48
cfi=(342)
cfn=(1671)
calls=8 18
* 7264770
+1 40
+6 40
+1 32
+4 24

fn=(1754) handle_node_impl_trait
581 49
+1 21
+1 35
cfi=(278)
cfn=(1132)
calls=7 149
* 105
* 7
+1 28
+2 14
+23 21
+3 42
cfi=(342)
cfn=(1664) codegen_walker
calls=7 1026
* 868308
+1 14
+1 28

fn=(1708) handle_node_impl
109 273
+1 117
+1 195
cfi=(278)
cfn=(1132)
calls=39 +38
* 585
* 39
+1 156
+2 78
+23 117
+3 234
cfi=(342)
cfn=(1664)
calls=39 1026
* 240384379
+1 78
+1 156

fn=(1724) handle_node_var_decl
709 2632
+1 1128
+2 2256
cob=(3)
cfi=(157)
cfn=(592)
calls=376 0
* 8549
* 752
+26 1504
+4 1504
+4 1504
+5 376
+1 1504
+1 660
-1 660
+1 1485
+2 1320
cfi=(275)
cfn=(1236)
calls=330 -8
* 108893
* 330
+3 2640
cob=(3)
cfi=(157)
cfn=(1072)
calls=330 0
* 9281
* 660
+8 184
-8 330
+13 2402
cob=(3)
cfi=(157)
cfn=(592)
calls=330 0
* 7720
* 2295
cob=(3)
cfi=(157)
cfn=(592)
calls=327 0
* 7654
* 654
+2 654
+1 1962
cob=(3)
cfi=(157)
cfn=(1072)
calls=327 0
* 9200
* 654
+5 1635
cfi=(278)
cfn=(1268)
calls=327 437
* 9249431
* 327
+1 1623
+2 600
-2 27
+2 54
+2 270
cfi=(327)
cfn=(1430)
calls=27 119
* 79098
+2 54
cfi=(192)
cfn=(630)
calls=27 51
* 3618
* 27
+1 54
+1 324
+1 108
cob=(3)
cfi=(157)
cfn=(626)
calls=27 0
* 432
* 135
cob=(3)
cfi=(157)
cfn=(626)
calls=27 0
* 432
* 54
+1 81
cfi=(192)
cfn=(630)
calls=27 51
* 3618
* 27
+1 378
cob=(3)
cfi=(157)
cfn=(672)
calls=27 0
* 23998
+2 81
+1 108
+2 108
+2 270
+4 189
cfi=(345) /app/src/codegen/codegen_utils.c
cfn=(1674) emit_var_decl_type
calls=27 141
* 59022
* 2100
cfi=(345)
cfn=(1674)
calls=300 141
* 743047
+1 2943
cfi=(216)
cfn=(1034)
calls=327 13
* 5775859
+2 1308
+2 2058
cfi=(327)
cfn=(1430)
calls=294 119
* 211092
+1 1470
+11 1764
cfi=(328)
cfn=(1422)
calls=294 24
* 20502189
* 294
+3 132
+2 132
+1 110
+2 280
cfi=(327)
cfn=(1430)
calls=20 119
* 25900
* 20
+2 39
cfi=(347)
cfn=(1764)
calls=13 182
* 156
* 26
+2 91
cfi=(327)
cfn=(1430)
calls=13 119
* 10023
* 13
+15 2289
cfi=(327)
cfn=(1430)
calls=327 119
* 217782
+1 3072
cfi=(345)
cfn=(1722) emit_move_invalidation
calls=294 324
* 2027378
* 588
+2 14
cfi=(327)
cfn=(1430)
calls=2 119
* 1332
-77 2
+87 49
+1 196
+2 294
cfi=(275)
cfn=(1414)
calls=49 1062
* 863859
* 49
+3 288
cob=(3)
cfi=(157)
cfn=(592)
calls=38 0
* 943
* 76
+2 76
+1 228
cob=(3)
cfi=(157)
cfn=(1072)
calls=38 0
* 1114
* 76
+5 190
cfi=(278)
cfn=(1268)
calls=38 437
* 814929
* 38
+1 260
+2 52
-2 12
+2 24
+2 120
cfi=(327)
cfn=(1430)
calls=12 119
* 37020
+2 24
cfi=(192)
cfn=(630)
calls=12 51
* 1608
* 12
+1 24
+1 144
+1 12
+1 108
+12 48
cob=(3)
cfi=(157)
cfn=(626)
calls=12 0
* 192
* 60
cob=(3)
cfi=(157)
cfn=(626)
calls=12 0
* 194
* 24
+1 36
cfi=(192)
cfn=(630)
calls=12 51
* 1608
* 12
+1 168
cob=(3)
cfi=(157)
cfn=(672)
calls=12 0
* 10634
+3 36
+1 48
+2 48
+2 120
+4 84
cfi=(345)
cfn=(1674)
calls=12 141
* 30765
* 182
cfi=(345)
cfn=(1674)
calls=26 141
* 67217
+1 304
cfi=(216)
cfn=(1034)
calls=38 13
* 621516
+1 266
cfi=(327)
cfn=(1430)
calls=38 119
* 27284
+1 190
+9 228
cfi=(328)
cfn=(1422)
calls=38 24
* 6114687
+2 266
cfi=(327)
cfn=(1430)
calls=38 119
* 25308
+2 152
+1 228
cfi=(345)
cfn=(1722)
calls=38 324
* 760
-1 76
+8 198
cfi=(345)
cfn=(1760) emit_auto_type
calls=11 147
* 576080
* 11
+1 110
cfi=(327)
cfn=(1430)
calls=11 119
* 13451
+2 22
+5 77
cfi=(327)
cfn=(1430)
calls=11 119
* 7898
+1 66
cfi=(328)
cfn=(1422)
calls=11 24
* 1933917
+1 77
cfi=(327)
cfn=(1430)
calls=11 119
* 7326
+1 44
+1 66
cfi=(345)
cfn=(1722)
calls=11 324
* 220
-1 22
772 654
+94 38
+88 114
+1 114
-1 1014
+1 1014

fn=(1740) handle_node_if
988 1800
+1 2100
cfi=(327)
cfn=(1430)
calls=300 119
* 335631
+1 1800
cfi=(328)
cfn=(1422)
calls=300 24
* 37391250
+1 2100
cfi=(327)
cfn=(1430)
calls=300 119
* 197700
+1 1500
+5 1800
cfi=(342)
cfn=(1671)
calls=300 18
* 53643337
+1 1500
+5 1200
+2 156
cfi=(343) /app/src/codegen/codegen_decl.c
cfn=(1666) emit_source_mapping
calls=26 33
* 30637
+1 182
cfi=(327)
cfn=(1430)
calls=26 119
* 33306
+1 130
+5 156
cfi=(342)
cfn=(1671)
calls=26 18
* 14814595
+1 130
+6 1370
+4 900

fn=(1741) handle_node_if'2
988 126
+1 147
cfi=(327)
cfn=(1430)
calls=21 119
* 20405
+1 126
cfi=(328)
cfn=(1422)
calls=21 24
* 1274369
+1 147
cfi=(327)
cfn=(1430)
calls=21 119
* 13839
+1 105
+5 126
cfi=(342)
cfn=(1671)
calls=21 18
* 9890530
+1 105
+5 84
+2 60
cfi=(343)
cfn=(1666)
calls=10 33
* 39736
+1 70
cfi=(327)
cfn=(1430)
calls=10 119
* 12390
+1 50
+5 60
cfi=(342)
cfn=(1671)
calls=10 18
* 11468396
+1 50
+6 55
+4 63

fn=(1672) handle_node_field
975 540
+1 360
+6 720
cfi=(345)
cfn=(1674)
calls=90 141
* 210651
+1 630
cfi=(327)
cfn=(1430)
calls=90 119
* 59940
+2 270

fn=(1712) handle_node_function
145 3290
+1 3744
+4 1844
+2 80
cfi=(327)
cfn=(1430)
calls=8 -33
* 20732
+3 2305
cfi=(343)
cfn=(1666)
calls=461 33
* 289011
+2 1844
346 922
+1 3227
cfi=(327)
cfn=(1430)
calls=461 119
* 283515
+4 922
+2 922
-2 3688
+1 922
-1 922
+1 5532
+1 922
-1 922
+1 3688
+1 922
-1 1383
-2 461
+4 922
+59 1844
+33 1844
+4 2766
cfi=(345)
cfn=(1692) emit_func_signature
calls=461 176
* 4762148
+1 3227
cfi=(327)
cfn=(1430)
calls=461 119
* 349609
+1 1844
cfi=(327)
cfn=(1594)
calls=461 236
* 6454
+1 2305
+6 1383
+1 1383
+1 1844
+1 1844
+3 1383
+1 922
+1 5831
+1 3101
cob=(3)
cfi=(157)
cfn=(592)
calls=443 0
* 12409
-1 886
+3 708
+4 922
+2 5568
+1 9048
+1 2784
+3 696
+1 696
+2 2784
+1 1392
-1 1392
+1 148
+2 148
+9 222
cfi=(278)
cfn=(1268)
calls=37 -60
* 412445
* 37
+1 258
+1 69
-1 46
+3 17
+1 51
+5 1392
+2 85
cfi=(343)
cfn=(1714) emit_source_mapping_duplicate
calls=17 26
* 80600
+1 153
cfi=(327)
cfn=(1430)
calls=17 119
* 48424
+2 34
cfi=(192)
cfn=(630)
calls=17 51
* 2278
* 17
+1 204
+1 34
+1 17
+1 68
+9 51
cob=(3)
cfi=(157)
cfn=(626)
calls=17 0
* 272
* 85
cob=(3)
cfi=(157)
cfn=(626)
calls=17 0
* 272
* 34
+1 51
cfi=(192)
cfn=(630)
calls=17 51
* 2278
* 17
+2 85
cob=(3)
cfi=(157)
cfn=(592)
calls=17 0
* 458
* 34
+7 204
cob=(3)
cfi=(157)
cfn=(672)
calls=17 0
* 15088
+4 51
+2 68
+2 170
-68 5324
+74 2766
cfi=(342)
cfn=(1664)
calls=65 1026
* 44888466
cfi=(342)
cfn=(1665) codegen_walker'2
calls=396 1026
* 233666863
+1 2305
+2 153
cfi=(343)
cfn=(1714)
calls=17 26
* 80600
+1 153
cfi=(342)
cfn=(1671)
calls=17 18
* 75063
-3 973
+5 1383
+1 1383
+1 1383
+2 2305
+13 1844
cfi=(327)
cfn=(1596)
calls=461 244
* 8298
+1 3227
cfi=(327)
cfn=(1430)
calls=461 119
* 319012
+1 1844
+2 56
cfi=(327)
cfn=(1430)
calls=8 119
* 7896
* 8
148 18
578 1410

fn=(1716) handle_node_block
93 2766
+1 1383
+1 3227
cfi=(327)
cfn=(1430)
calls=461 +24
* 390928
+1 1844
cfi=(327)
cfn=(1594)
calls=461 236
* 6454
+1 2766
cfi=(342)
cfn=(1665)
calls=461 1026
* 277370884
+1 2305
+2 297
cfi=(343)
cfn=(1714)
calls=33 -74
* 162895
+1 297
cfi=(342)
cfn=(1671)
calls=33 -83
* 150285
-3 1515
+5 1383
+1 1844
cfi=(327)
cfn=(1596)
calls=461 244
* 8298
+1 3227
cfi=(327)
cfn=(1430)
calls=461 +14
* 391099
+1 1383

fn=(1717) handle_node_block'2
93 2640
+1 1320
+1 3080
cfi=(327)
cfn=(1430)
calls=440 +24
* 293040
+1 1760
cfi=(327)
cfn=(1594)
calls=440 236
* 6160
+1 2640
cfi=(342)
cfn=(1665)
calls=440 1026
* 131383362
+1 2200
+2 54
cfi=(343)
cfn=(1714)
calls=6 -74
* 30996
+1 54
cfi=(342)
cfn=(1671)
calls=6 -83
* 27123
-3 1344
+5 1320
+1 1760
cfi=(327)
cfn=(1596)
calls=440 244
* 7920
+1 3080
cfi=(327)
cfn=(1430)
calls=440 +14
* 448642
+1 1320

fl=(323) /app/src/parser/utils/utils_template.c
fn=(1376) instantiate_function_template
1970 720
+1 225
cfi=(216)
cfn=(1378)
calls=45 232
* 12806
* 45
+1 90
+5 135
cfn=(1380) sanitize_mangled_name
calls=45 1544
* 20877
* 45
+2 45
+1 135
cob=(3)
cfi=(157)
cfn=(626)
calls=45 0
* 722
* 100
cob=(3)
cfi=(157)
cfn=(1064)
calls=10 0
* 60
* 110
+2 10
+3 50
cfi=(216)
cfn=(1254)
calls=10 258
* 490
* 175
cfi=(216)
cfn=(1254)
calls=35 258
* 525
* 90
+2 10
+4 100
cob=(3)
cfi=(157)
cfn=(672)
calls=10 0
* 5968
* 350
cob=(3)
cfi=(157)
cfn=(672)
calls=35 0
* 20859
+1 135
cfi=(192)
cfn=(1274)
calls=45 104
* 20248
* 45
+3 90
+2 20
+3 175
cfi=(278)
cfn=(1170)
calls=35 800
* 319255
* 70
+2 24
+3 115
+4 207
+2 92
+3 92
cob=(3)
cfi=(157)
cfn=(626)
calls=23 0
* 368
* 69
+1 69
cfi=(192)
cfn=(630)
calls=23 51
* 3082
* 23
+1 46
+1 69
+1 23
+2 69
cob=(3)
cfi=(157)
cfn=(626)
calls=23 0
* 370
* 115
+1 92
cob=(3)
cfi=(157)
cfn=(710)
calls=23 0
* 529
* 23
+1 115
cob=(3)
cfi=(157)
cfn=(626)
calls=23 0
* 368
* 23
+1 161
cob=(3)
cfi=(157)
cfn=(1106)
calls=23 0
* 897
+1 46
-6 138
+12 23
+5 69
cob=(3)
cfi=(157)
cfn=(626)
calls=23 0
* 368
* 23
+1 69
cob=(3)
cfi=(157)
cfn=(626)
calls=23 0
* 370
* 23
+1 159
cob=(3)
cfi=(157)
cfn=(592)
calls=10 0
* 255
* 20
+97 207
cfn=(1382) copy_ast_replacing
calls=23 792
* 1128131
* 23
+1 138
+6 69
cfi=(192)
cfn=(624)
calls=23 91
* 4438
* 46
+1 46
+2 115
cfi=(216)
cfn=(1398)
calls=23 328
* 345
+2 46
+2 46
-2 943
cfi=(216)
cfn=(1152)
calls=23 124
* 356863
* 23
+4 138
cfn=(1401) trigger_instantiations'2
calls=18 1688
* 65308
cfn=(1400) trigger_instantiations
calls=5 1688
* 4406190
+2 92
+2 46
+2 336
+1 252
-3 302
+12 23
+1 495

fn=(1377) instantiate_function_template'2
1970 192
+1 60
cfi=(216)
cfn=(1378)
calls=12 232
* 1392
* 12
+1 24
+5 36
cfn=(1380)
calls=12 1544
* 6021
* 12
+2 12
+1 36
cob=(3)
cfi=(157)
cfn=(626)
calls=12 0
* 192
* 24
+5 60
cfi=(216)
cfn=(1254)
calls=12 258
* 180
* 24
+6 120
cob=(3)
cfi=(157)
cfn=(672)
calls=12 0
* 7132
+1 36
cfi=(192)
cfn=(1274)
calls=12 104
* 6866
* 12
+3 24
+5 60
cfi=(278)
cfn=(1170)
calls=12 800
* 46506
* 24
+5 60
+4 108
+2 48
+3 48
cob=(3)
cfi=(157)
cfn=(626)
calls=12 0
* 192
* 36
+1 36
cfi=(192)
cfn=(630)
calls=12 51
* 1608
* 12
+1 24
+1 36
+1 12
+2 36
cob=(3)
cfi=(157)
cfn=(626)
calls=12 0
* 192
* 60
+1 48
cob=(3)
cfi=(157)
cfn=(710)
calls=12 0
* 276
* 12
+1 60
cob=(3)
cfi=(157)
cfn=(626)
calls=12 0
* 192
* 12
+1 84
cob=(3)
cfi=(157)
cfn=(1106)
calls=12 0
* 468
+1 24
-6 72
+12 12
+5 36
cob=(3)
cfi=(157)
cfn=(626)
calls=12 0
* 192
* 12
+1 36
cob=(3)
cfi=(157)
cfn=(626)
calls=12 0
* 192
* 12
+1 144
cob=(3)
cfi=(157)
cfn=(592)
calls=12 0
* 297
* 24
+97 108
cfn=(1382)
calls=12 792
* 4038111
* 12
+1 72
+6 36
cfi=(192)
cfn=(624)
calls=12 91
* 2304
* 24
+1 24
+2 60
cfi=(216)
cfn=(1398)
calls=12 328
* 180
+2 24
+2 24
-2 492
cfi=(216)
cfn=(1152)
calls=12 124
* 80385
* 12
+4 72
cfn=(1401)
calls=12 1688
* 3146873
+2 48
+2 24
+2 288
+1 216
-3 228
+12 12
+1 132

fn=(1380)
1544 48010
+1 28806
cob=(3)
cfi=(157)
cfn=(626)
calls=9602 0
* 153680
* 38408
cfi=(192)
cfn=(630)
calls=9602 51
* 1286668
* 9602
+3 57612
cob=(3)
cfi=(157)
cfn=(1072)
calls=9602 0
* 282814
* 19204
+5 19204
+1 9602
+2 240284
+2 1894
+1 1894
+2 709488
+5 472992
+4 609620
+1 12764
-1 12764
+3 413868
+6 60071
-25 278692
+27 19204
+1 9602
+1 19204

fn=(1450) unmangle_ptr_suffix
1587 6080
+1 2432
+5 3648
cob=(3)
cfi=(157)
cfn=(626)
calls=1216 0
* 19488
* 1216
+1 12160
cob=(3)
cfi=(157)
cfn=(592)
calls=1216 0
* 30253
* 2432
+2 3078
cfi=(192)
cfn=(624)
calls=1026 91
* 201071
* 1026
+4 760
cfi=(192)
cfn=(630)
calls=190 51
* 25460
* 190
+1 1330
cob=(3)
cfi=(157)
cfn=(586)
calls=190 0
* 5904
+1 950
+2 570
cob=(3)
cfi=(157)
cfn=(626)
calls=190 0
* 3044
* 570
cfi=(192)
cfn=(630)
calls=190 51
* 25460
* 190
+3 570
cfi=(279)
cfn=(1262)
calls=190 26
* 595043
* 380
+2 1330
cob=(3)
cfi=(157)
cfn=(1140)
calls=190 0
* 77524
* 190
+9 190
+1 2432

fn=(1462) instantiate_methods
2449 182
+1 78
cfi=(278)
cfn=(1350)
calls=13 763
* 14460
* 26
+5 52
+1 39
+3 65
+1 39
cfn=(1450)
calls=13 1587
* 3453
* 13
+3 26
-1 117
cfn=(1382)
calls=13 792
* 21706956
* 13
+4 65
cob=(3)
cfi=(157)
cfn=(710)
calls=13 0
* 299
* 26
+27 52
+2 13
+2 52
+2 24
cfi=(192)
cfn=(624)
calls=8 91
* 1552
* 16
+1 32
+2 20
+2 15
cfi=(192)
cfn=(624)
calls=5 91
* 972
* 10
+1 15
+3 5
+4 609
cob=(3)
cfi=(157)
cfn=(626)
calls=203 0
* 3318
* 203
+1 1421
cob=(3)
cfi=(157)
cfn=(1072)
calls=203 0
* 6475
+1 609
-1 203
+3 406
+4 609
+1 812
cob=(3)
cfi=(157)
cfn=(626)
calls=203 0
* 3248
* 1421
cob=(3)
cfi=(157)
cfn=(1072)
calls=203 0
* 5298
* 406
+2 812
cob=(3)
cfi=(157)
cfn=(626)
calls=203 0
* 3248
* 203
+2 203
+2 406
-2 2436
+5 609
cob=(3)
cfi=(157)
cfn=(626)
calls=203 0
* 3318
* 812
cob=(3)
cfi=(157)
cfn=(626)
calls=203 0
* 3250
* 812
cfi=(192)
cfn=(630)
calls=203 51
* 27202
* 203
+1 1421
cob=(3)
cfi=(157)
cfn=(1140)
calls=203 0
* 120694
+1 609
cfi=(192)
cfn=(1274)
calls=203 104
* 107260
* 203
+3 609
+3 406
+3 406
-3 406
+2 406
-2 406
+2 406
-2 9135
cfi=(216)
cfn=(1152)
calls=203 124
* 4077034
* 203
+6 812
+1 1015
cob=(3)
cfi=(157)
cfn=(710)
calls=203 0
* 4673
-1 406
+1 590
cob=(3)
cfi=(157)
cfn=(710)
calls=118 0
* 2714
* 236
+2 255
+2 85
+2 2124
cob=(3)
cfi=(157)
cfn=(626)
calls=531 0
* 8496
* 531
+1 3186
+1 4248
cob=(3)
cfi=(157)
cfn=(1072)
calls=531 0
* 15047
* 1194
+1 30
+3 255
+1 51
+2 102
-2 816
+6 153
cfi=(192)
cfn=(624)
calls=51 91
* 9992
* 51
+1 102
+10 153
cfi=(192)
cfn=(624)
calls=51 91
* 9990
* 51
+1 153
cob=(3)
cfi=(157)
cfn=(626)
calls=51 0
* 816
* 51
+1 510
cob=(3)
cfi=(157)
cfn=(592)
calls=51 0
* 1298
* 102
+18 1122
cfn=(1459) instantiate_generic'2
calls=51 +42
* 16093992
* 51
+3 153
-49 102
+49 1440
-49 1130
+53 1218
cfn=(1400)
calls=203 1688
* 3279704
+2 609
-96 432
+98 65
cfi=(216)
cfn=(1398)
calls=13 328
* 195
* 13
+1 104

fn=(1463) instantiate_methods'2
2449 336
+1 144
cfi=(278)
cfn=(1350)
calls=24 763
* 26688
* 48
+5 96
+1 72
+3 120
+1 72
cfn=(1450)
calls=24 1587
* 6402
* 24
+3 48
-1 216
cfn=(1382)
calls=24 792
* 10102483
* 24
+4 120
cob=(3)
cfi=(157)
cfn=(710)
calls=24 0
* 552
* 48
+27 96
+2 24
+2 96
+2 69
cfi=(192)
cfn=(624)
calls=23 91
* 4439
* 46
+1 92
+2 4
+2 3
cfi=(192)
cfn=(624)
calls=1 91
* 194
* 2
+1 3
+3 1
+4 333
cob=(3)
cfi=(157)
cfn=(626)
calls=111 0
* 1866
* 111
+1 777
cob=(3)
cfi=(157)
cfn=(1072)
calls=111 0
* 3331
+1 333
-1 111
+3 222
+4 333
+1 444
cob=(3)
cfi=(157)
cfn=(626)
calls=111 0
* 1776
* 777
cob=(3)
cfi=(157)
cfn=(1072)
calls=111 0
* 2778
* 222
+2 444
cob=(3)
cfi=(157)
cfn=(626)
calls=111 0
* 1776
* 111
+2 111
+2 222
-2 1332
+5 333
cob=(3)
cfi=(157)
cfn=(626)
calls=111 0
* 1866
* 444
cob=(3)
cfi=(157)
cfn=(626)
calls=111 0
* 1780
* 444
cfi=(192)
cfn=(630)
calls=111 51
* 14874
* 111
+1 777
cob=(3)
cfi=(157)
cfn=(1140)
calls=111 0
* 65920
+1 333
cfi=(192)
cfn=(1274)
calls=111 104
* 67071
* 111
+3 333
+3 222
+3 222
-3 222
+2 222
-2 222
+2 222
-2 4995
cfi=(216)
cfn=(1152)
calls=111 124
* 2858408
* 111
+6 444
+1 555
cob=(3)
cfi=(157)
cfn=(710)
calls=111 0
* 2561
-1 222
+1 235
cob=(3)
cfi=(157)
cfn=(710)
calls=47 0
* 1085
* 94
+2 192
+2 64
+2 1696
cob=(3)
cfi=(157)
cfn=(626)
calls=424 0
* 6784
* 424
+1 2544
+1 3392
cob=(3)
cfi=(157)
cfn=(1072)
calls=424 0
* 11811
* 1002
+1 66
+3 220
+1 44
+2 88
-2 704
+6 132
cfi=(192)
cfn=(624)
calls=44 91
* 8603
* 44
+1 88
+10 132
cfi=(192)
cfn=(624)
calls=44 91
* 8596
* 44
+1 132
cob=(3)
cfi=(157)
cfn=(626)
calls=44 0
* 706
* 44
+1 440
cob=(3)
cfi=(157)
cfn=(592)
calls=44 0
* 1148
* 88
+2 45
cfi=(192)
cfn=(624)
calls=15 91
* 2910
* 15
+1 75
+2 45
cob=(3)
cfi=(157)
cfn=(626)
calls=15 0
* 240
* 45
cfi=(192)
cfn=(630)
calls=15 51
* 2010
* 15
+2 45
cfn=(1470) is_unmangle_primitive
calls=15 2297
* 10876
* 30
+2 105
cob=(3)
cfi=(157)
cfn=(1140)
calls=15 0
* 6120
* 15
+9 968
cfn=(1459)
calls=44 +42
* 7745192
* 44
+3 132
-49 88
+49 1140
-49 888
+53 666
cfn=(1400)
calls=111 1688
* 1957395
+2 333
-96 270
+98 120
cfi=(216)
cfn=(1398)
calls=24 328
* 360
* 24
+1 192

fn=(1388) replace_in_string
30 57778
+1 49524
+6 33016
cob=(3)
cfi=(157)
cfn=(710)
calls=8254 -37
* 189842
* 16508
+51 8254
+1 24762
cob=(3)
cfi=(157)
cfn=(626)
calls=8254 -89
* 132772
* 8254
+1 24762
cob=(3)
cfi=(157)
cfn=(626)
calls=8254 -90
* 132064
* 8254
+3 8254
+1 16508
+2 503630
+2 3632
+3 663300
cob=(3)
cfi=(157)
cfn=(720)
calls=65250 0
* 2917907
* 391500
+3 2216
+1 10831
cfi=(278)
cfn=(1392)
calls=711 739
* 19829
* 1422
+2 632
+2 20272
cfi=(278)
cfn=(1392)
calls=1584 739
* 43250
* 12654
+2 530
+3 4432
+2 1054
+1 3162
-23 622978
+29 82540
cfi=(192)
cfn=(630)
calls=8254 -72
* 1106036
* 8254
+3 8254
+1 8254
+2 8254
+2 8254
+2 503630
+2 3632
+3 908
+1 1816
-1 69742
+1 661484
cob=(3)
cfi=(157)
cfn=(720)
calls=65250 0
* 2917907
* 391500
+2 2216
+1 10831
cfi=(278)
cfn=(1392)
calls=711 739
* 19829
* 1422
+2 632
+2 20272
cfi=(278)
cfn=(1392)
calls=1584 739
* 43250
* 12654
+2 530
+3 4432
+2 8432
cob=(3)
cfi=(157)
cfn=(1280)
calls=1054 0
* 27231
+1 2108
+1 2108
+1 1054
+4 141300
+2 974344
-31 552328
+34 41270
+1 8254
+1 16508

fn=(1386) replace_type_str
281 57780
+1 9630
+2 632
+2 17996
+6 22495
cob=(3)
cfi=(157)
cfn=(592)
calls=4499 0
* 111138
* 8998
+2 1059
cfi=(192)
cfn=(624)
calls=353 91
* 69072
* 353
+4 12438
cob=(3)
cfi=(157)
cfn=(626)
calls=4146 0
* 66368
* 4146
+1 37314
+2 4593
cfi=(192)
cfn=(630)
calls=1531 51
* 205154
* 1531
+1 10717
cob=(3)
cfi=(157)
cfn=(586)
calls=1531 0
* 49123
+1 7655
+1 12248
cfn=(1387) replace_type_str'2
calls=1531 -23
* 5481639
* 1531
+1 4593
cob=(3)
cfi=(157)
cfn=(626)
calls=1531 0
* 24510
* 4593
cfi=(192)
cfn=(630)
calls=1531 51
* 205154
* 1531
+1 10717
cob=(3)
cfi=(157)
cfn=(1140)
calls=1531 0
* 622406
+3 3062
+4 7845
cfi=(192)
cfn=(624)
calls=2615 91
* 512408
* 2615
+3 13282
+3 20130
cob=(3)
cfi=(157)
cfn=(672)
calls=2013 0
* 1278903
+1 10065
cob=(3)
cfi=(157)
cfn=(720)
calls=2013 0
* 107270
* 4026
+9 19321
cob=(3)
cfi=(157)
cfn=(720)
calls=2013 0
* 104866
* 4026
+2 1314
cfn=(1388)
calls=219 30
* 356032
* 219
+2 438
+5 657
cfi=(192)
cfn=(624)
calls=219 91
* 42624
* 7188
cfi=(192)
cfn=(624)
calls=2396 91
* 469660
* 2615
+1 20920
cob=(3)
cfi=(157)
cfn=(710)
calls=2615 0
* 60145
* 5230
+48 15690
cfn=(1388)
calls=2615 30
* 3181519
* 2615
+2 5230
+2 7845
cfn=(1380)
calls=2615 1544
* 1325506
* 2615
+1 15690
cfn=(1394) replace_mangled_part
calls=2615 173
* 1306301
* 2615
+2 7845
+5 2615
+1 24075

fn=(1387)
281 18372
+1 3062
+4 6124
+6 7655
cob=(3)
cfi=(157)
cfn=(592)
calls=1531 0
* 37455
* 3062
+2 1518
cfi=(192)
cfn=(624)
calls=506 91
* 99062
* 506
+4 3075
cob=(3)
cfi=(157)
cfn=(626)
calls=1025 0
* 16404
* 1025
+1 9225
+14 3075
cfi=(192)
cfn=(624)
calls=1025 91
* 203006
* 1025
+3 6010
+3 9900
cob=(3)
cfi=(157)
cfn=(672)
calls=990 0
* 628908
+1 4950
cob=(3)
cfi=(157)
cfn=(720)
calls=990 0
* 73620
* 1980
+9 8980
cob=(3)
cfi=(157)
cfn=(720)
calls=990 0
* 63040
* 1980
+2 5778
cfn=(1388)
calls=963 30
* 605451
* 963
+2 1926
+5 2889
cfi=(192)
cfn=(624)
calls=963 91
* 186678
* 186
cfi=(192)
cfn=(624)
calls=62 91
* 12144
* 1025
+1 8200
cob=(3)
cfi=(157)
cfn=(710)
calls=1025 0
* 23575
* 2050
+48 6150
cfn=(1388)
calls=1025 30
* 2122145
* 1025
+2 2050
+2 3075
cfn=(1380)
calls=1025 1544
* 519594
* 1025
+1 6150
cfn=(1394)
calls=1025 173
* 743761
* 1025
+2 3075
+5 1025
+1 7655

fn=(1396) type_from_string_helper
406 8675
+1 3470
+6 5205
cob=(3)
cfi=(157)
cfn=(626)
calls=1735 0
* 27760
* 1735
+1 15615
+2 609
+1 812
cfi=(192)
cfn=(630)
calls=203 51
* 27202
* 203
+1 1218
cob=(3)
cfi=(157)
cfn=(586)
calls=203 0
* 6293
+1 812
+2 609
cfn=(1397) type_from_string_helper'2
calls=203 -15
* 420201
* 203
+3 609
cfi=(275)
cfn=(1044)
calls=203 130
* 42224
* 203
+4 9192
cob=(3)
cfi=(157)
cfn=(1072)
calls=1532 0
* 45298
* 3064
+10 9192
cob=(3)
cfi=(157)
cfn=(1072)
calls=1532 0
* 45298
* 3064
+8 7660
cob=(3)
cfi=(157)
cfn=(592)
calls=1532 0
* 38514
* 3064
+4 7660
cob=(3)
cfi=(157)
cfn=(592)
calls=1532 0
* 38514
* 3064
+2 240
cfi=(275)
cfn=(1032)
calls=120 109
* 23280
* 120
+2 7060
cob=(3)
cfi=(157)
cfn=(592)
calls=1412 0
* 35687
* 2824
+4 7060
cob=(3)
cfi=(157)
cfn=(592)
calls=1412 0
* 33971
* 2824
+4 7060
cob=(3)
cfi=(157)
cfn=(592)
calls=1412 0
* 33971
* 2824
+4 7060
cob=(3)
cfi=(157)
cfn=(592)
calls=1412 0
* 33971
* 2824
+2 406
cfi=(275)
cfn=(1032)
calls=203 109
* 39382
* 203
+2 6045
cob=(3)
cfi=(157)
cfn=(592)
calls=1209 0
* 29417
* 8463
cob=(3)
cfi=(157)
cfn=(592)
calls=1209 0
* 29417
* 2418
+4 6045
cob=(3)
cfi=(157)
cfn=(592)
calls=1209 0
* 29417
* 8463
cob=(3)
cfi=(157)
cfn=(592)
calls=1209 0
* 29417
* 2418
+4 6045
cob=(3)
cfi=(157)
cfn=(592)
calls=1209 0
* 29417
* 8463
cob=(3)
cfi=(157)
cfn=(592)
calls=1209 0
* 29417
* 2418
+4 6045
cob=(3)
cfi=(157)
cfn=(592)
calls=1209 0
* 29417
* 8463
cob=(3)
cfi=(157)
cfn=(592)
calls=1209 0
* 29417
* 2418
+4 6045
cob=(3)
cfi=(157)
cfn=(592)
calls=1209 0
* 29417
* 8463
cob=(3)
cfi=(157)
cfn=(592)
calls=1209 0
* 29417
* 8463
cob=(3)
cfi=(157)
cfn=(592)
calls=1209 0
* 29417
* 2418
+2 646
cfi=(275)
cfn=(1032)
calls=323 109
* 62662
* 323
+2 4430
cob=(3)
cfi=(157)
cfn=(592)
calls=886 0
* 22168
* 6202
cob=(3)
cfi=(157)
cfn=(592)
calls=886 0
* 22168
* 6202
cob=(3)
cfi=(157)
cfn=(592)
calls=886 0
* 22168
* 1772
+4 4430
cob=(3)
cfi=(157)
cfn=(592)
calls=886 0
* 22168
* 6202
cob=(3)
cfi=(157)
cfn=(592)
calls=886 0
* 22168
* 6202
cob=(3)
cfi=(157)
cfn=(592)
calls=886 0
* 22168
* 1772
+2 240
cfi=(275)
cfn=(1032)
calls=120 109
* 23280
* 120
+2 3830
cob=(3)
cfi=(157)
cfn=(592)
calls=766 0
* 19528
* 5362
cob=(3)
cfi=(157)
cfn=(592)
calls=766 0
* 19528
* 5362
cob=(3)
cfi=(157)
cfn=(592)
calls=766 0
* 19528
* 1532
+4 3830
cob=(3)
cfi=(157)
cfn=(592)
calls=766 0
* 18725
* 5362
cob=(3)
cfi=(157)
cfn=(592)
calls=766 0
* 19528
* 1532
+4 3830
cob=(3)
cfi=(157)
cfn=(592)
calls=766 0
* 19528
* 4762
cob=(3)
cfi=(157)
cfn=(592)
calls=646 0
* 15810
* 1292
+2 240
cfi=(275)
cfn=(1032)
calls=120 109
* 23280
* 120
+2 3230
cob=(3)
cfi=(157)
cfn=(592)
calls=646 0
* 15810
* 4522
cob=(3)
cfi=(157)
cfn=(592)
calls=646 0
* 16404
* 1292
+4 3230
cob=(3)
cfi=(157)
cfn=(592)
calls=646 0
* 16404
* 4522
cob=(3)
cfi=(157)
cfn=(592)
calls=646 0
* 16404
* 1292
+4 3230
cob=(3)
cfi=(157)
cfn=(592)
calls=646 0
* 16404
* 1292
+4 3230
cob=(3)
cfi=(157)
cfn=(592)
calls=646 0
* 16404
* 1292
+5 3230
cob=(3)
cfi=(157)
cfn=(592)
calls=646 0
* 16404
* 1292
+4 3230
cob=(3)
cfi=(157)
cfn=(592)
calls=646 0
* 16404
* 1292
+4 3230
cob=(3)
cfi=(157)
cfn=(592)
calls=646 0
* 16404
* 1292
+5 1292
cfi=(275)
cfn=(1032)
calls=646 109
* 125324
* 646
+1 1938
cfn=(1380)
calls=646 1544
* 334259
* 1292
+1 646
+1 3470

fn=(1397)
406 1015
+1 406
+6 609
cob=(3)
cfi=(157)
cfn=(626)
calls=203 0
* 3248
* 203
+1 1827
+14 1218
cob=(3)
cfi=(157)
cfn=(1072)
calls=203 0
* 6004
* 406
+10 1218
cob=(3)
cfi=(157)
cfn=(1072)
calls=203 0
* 6004
* 406
+8 1015
cob=(3)
cfi=(157)
cfn=(592)
calls=203 0
* 5107
* 406
+4 1015
cob=(3)
cfi=(157)
cfn=(592)
calls=203 0
* 5107
* 406
+4 1015
cob=(3)
cfi=(157)
cfn=(592)
calls=203 0
* 5107
* 406
+4 1015
cob=(3)
cfi=(157)
cfn=(592)
calls=203 0
* 4766
* 406
+4 1015
cob=(3)
cfi=(157)
cfn=(592)
calls=203 0
* 4766
* 406
+4 1015
cob=(3)
cfi=(157)
cfn=(592)
calls=203 0
* 4766
* 406
+4 1015
cob=(3)
cfi=(157)
cfn=(592)
calls=203 0
* 4766
* 1421
cob=(3)
cfi=(157)
cfn=(592)
calls=203 0
* 4766
* 406
+4 1015
cob=(3)
cfi=(157)
cfn=(592)
calls=203 0
* 4766
* 1421
cob=(3)
cfi=(157)
cfn=(592)
calls=203 0
* 4766
* 406
+4 1015
cob=(3)
cfi=(157)
cfn=(592)
calls=203 0
* 4766
* 1421
cob=(3)
cfi=(157)
cfn=(592)
calls=203 0
* 4766
* 406
+4 1015
cob=(3)
cfi=(157)
cfn=(592)
calls=203 0
* 4766
* 1421
cob=(3)
cfi=(157)
cfn=(592)
calls=203 0
* 4766
* 406
+4 1015
cob=(3)
cfi=(157)
cfn=(592)
calls=203 0
* 4766
* 1421
cob=(3)
cfi=(157)
cfn=(592)
calls=203 0
* 4766
* 1421
cob=(3)
cfi=(157)
cfn=(592)
calls=203 0
* 4766
* 406
+4 1015
cob=(3)
cfi=(157)
cfn=(592)
calls=203 0
* 4766
* 1421
cob=(3)
cfi=(157)
cfn=(592)
calls=203 0
* 4766
* 1421
cob=(3)
cfi=(157)
cfn=(592)
calls=203 0
* 4766
* 406
+4 1015
cob=(3)
cfi=(157)
cfn=(592)
calls=203 0
* 4766
* 1421
cob=(3)
cfi=(157)
cfn=(592)
calls=203 0
* 4766
* 1421
cob=(3)
cfi=(157)
cfn=(592)
calls=203 0
* 4766
* 406
+4 1015
cob=(3)
cfi=(157)
cfn=(592)
calls=203 0
* 4766
* 1421
cob=(3)
cfi=(157)
cfn=(592)
calls=203 0
* 4766
* 1421
cob=(3)
cfi=(157)
cfn=(592)
calls=203 0
* 4766
* 406
+4 1015
cob=(3)
cfi=(157)
cfn=(592)
calls=203 0
* 5107
* 1421
cob=(3)
cfi=(157)
cfn=(592)
calls=203 0
* 4766
* 406
+4 1015
cob=(3)
cfi=(157)
cfn=(592)
calls=203 0
* 4766
* 1421
cob=(3)
cfi=(157)
cfn=(592)
calls=203 0
* 4766
* 406
+4 1015
cob=(3)
cfi=(157)
cfn=(592)
calls=203 0
* 4766
* 1421
cob=(3)
cfi=(157)
cfn=(592)
calls=203 0
* 5118
* 406
+4 1015
cob=(3)
cfi=(157)
cfn=(592)
calls=203 0
* 5118
* 1421
cob=(3)
cfi=(157)
cfn=(592)
calls=203 0
* 5118
* 406
+4 1015
cob=(3)
cfi=(157)
cfn=(592)
calls=203 0
* 5118
* 406
+4 1015
cob=(3)
cfi=(157)
cfn=(592)
calls=203 0
* 5118
* 406
+5 1015
cob=(3)
cfi=(157)
cfn=(592)
calls=203 0
* 5118
* 406
+4 1015
cob=(3)
cfi=(157)
cfn=(592)
calls=203 0
* 5118
* 406
+4 1015
cob=(3)
cfi=(157)
cfn=(592)
calls=203 0
* 5118
* 406
+5 406
cfi=(275)
cfn=(1032)
calls=203 109
* 39382
* 203
+1 609
cfn=(1380)
calls=203 1544
* 110549
* 406
+1 203
+1 406

fn=(1384) replace_type_formal
546 146745
+1 39411
+2 6336
+4 52920
+6 52920
+3 8448
cob=(3)
cfi=(157)
cfn=(710)
calls=1056 0
* 24288
* 2112
+39 8448
cob=(3)
cfi=(157)
cfn=(592)
calls=1056 0
* 24583
* 2112
+2 2439
cfn=(1396)
calls=813 406
* 1128991
* 813
+4 11604
cfi=(192)
cfn=(630)
calls=5802 51
* 777468
* 5802
+1 139248
+2 23208
+2 2430
cob=(3)
cfi=(157)
cfn=(592)
calls=243 0
* 5478
* 486
+7 972
+4 243
+2 486
+1 243
+2 972
cob=(3)
cfi=(157)
cfn=(710)
calls=243 0
* 5589
* 243
+1 1215
cob=(3)
cfi=(157)
cfn=(626)
calls=243 0
* 3888
* 243
+1 1215
cfi=(192)
cfn=(630)
calls=243 51
* 32562
* 243
+1 1701
cob=(3)
cfi=(157)
cfn=(586)
calls=243 0
* 7290
+1 1215
+2 729
cfn=(1380)
calls=243 1544
* 63329
* 243
+1 729
cob=(3)
cfi=(157)
cfn=(626)
calls=243 0
* 3890
* 1215
+1 1215
cob=(3)
cfi=(157)
cfn=(1146)
calls=243 0
* 9227
+4 486
-14 1458
+20 243
+4 972
cob=(3)
cfi=(157)
cfn=(626)
calls=243 0
* 3888
* 243
+1 729
cob=(3)
cfi=(157)
cfn=(626)
calls=243 0
* 3890
* 243
+2 243
+1 243
+1 243
+1 2916
cob=(3)
cfi=(157)
cfn=(592)
calls=243 0
* 6063
* 486
+2 243
+1 729
+37 486
+2 729
+2 243
+1 486
+1 243
+2 972
cob=(3)
cfi=(157)
cfn=(710)
calls=243 0
* 5589
* 243
+1 1215
cob=(3)
cfi=(157)
cfn=(626)
calls=243 0
* 3888
* 243
+2 1215
cfi=(192)
cfn=(630)
calls=243 51
* 32562
* 243
+1 1701
cob=(3)
cfi=(157)
cfn=(586)
calls=243 0
* 7515
+1 1215
+2 729
cfn=(1380)
calls=243 1544
* 124916
* 243
+2 729
cob=(3)
cfi=(157)
cfn=(626)
calls=243 0
* 3888
* 1215
+1 1215
cob=(3)
cfi=(157)
cfn=(1146)
calls=243 0
* 8646
+4 486
-16 1458
+22 243
+5 729
cob=(3)
cfi=(157)
cfn=(626)
calls=243 0
* 3888
* 243
+2 3402
-1 486
+2 729
cfi=(192)
cfn=(630)
calls=243 51
* 32562
* 243
+1 729
+2 2187
cob=(3)
cfi=(157)
cfn=(586)
calls=243 0
* 7767
+1 1701
+8 729
cob=(3)
cfi=(157)
cfn=(626)
calls=243 0
* 3888
* 729
+1 2187
+4 1215
cob=(3)
cfi=(157)
cfn=(1146)
calls=243 0
* 8340
+3 1215
+4 729
+1 486
+1 486
+1 486
620 243
772 53488
+1 7522
-1 7522
+3 18369
cfn=(1385) replace_type_formal'2
calls=2041 546
* 2373917
* 4082
+3 23208
+9 5802
+1 58698

fn=(1385)
546 34845
+1 11615
+6 18584
+6 19712
+3 17624
cob=(3)
cfi=(157)
cfn=(710)
calls=2203 0
* 50669
* 4406
+39 17624
cob=(3)
cfi=(157)
cfn=(592)
calls=2203 0
* 52758
* 4406
+2 2766
cfn=(1396)
calls=922 406
* 1412305
* 922
+4 2802
cfi=(192)
cfn=(630)
calls=1401 51
* 187734
* 1401
+1 33624
+2 5604
+2 12762
cob=(3)
cfi=(157)
cfn=(592)
calls=1275 0
* 30858
* 2550
+2 3663
cfi=(192)
cfn=(624)
calls=1221 91
* 237083
* 2442
+1 2442
+1 2442
+1 3663
+2 240
+4 60
+2 120
+1 60
+2 240
cob=(3)
cfi=(157)
cfn=(710)
calls=60 0
* 1380
* 60
+1 300
cob=(3)
cfi=(157)
cfn=(626)
calls=60 0
* 960
* 60
+1 300
cfi=(192)
cfn=(630)
calls=60 51
* 8040
* 60
+1 420
cob=(3)
cfi=(157)
cfn=(586)
calls=60 0
* 1800
+1 300
+2 180
cfn=(1380)
calls=60 1544
* 15611
* 60
+1 180
cob=(3)
cfi=(157)
cfn=(626)
calls=60 0
* 960
* 300
+1 300
cob=(3)
cfi=(157)
cfn=(1146)
calls=60 0
* 2273
+4 120
-14 360
+20 60
+4 240
cob=(3)
cfi=(157)
cfn=(626)
calls=60 0
* 960
* 60
+1 180
cob=(3)
cfi=(157)
cfn=(626)
calls=60 0
* 960
* 60
+2 60
+1 60
+1 60
+1 720
cob=(3)
cfi=(157)
cfn=(592)
calls=60 0
* 1705
* 120
+2 54
+1 162
+2 18
+3 36
cob=(3)
cfi=(157)
cfn=(720)
calls=6 0
* 294
* 6
+1 18
+31 120
+2 162
+2 54
+1 108
+1 54
+2 216
cob=(3)
cfi=(157)
cfn=(710)
calls=54 0
* 1242
* 54
+1 270
cob=(3)
cfi=(157)
cfn=(626)
calls=54 0
* 864
* 54
+2 270
cfi=(192)
cfn=(630)
calls=54 51
* 7236
* 54
+1 378
cob=(3)
cfi=(157)
cfn=(586)
calls=54 0
* 1674
+1 270
+2 162
cfn=(1380)
calls=54 1544
* 27131
* 54
+2 162
cob=(3)
cfi=(157)
cfn=(626)
calls=54 0
* 864
* 270
+1 270
cob=(3)
cfi=(157)
cfn=(1146)
calls=54 0
* 1926
+4 108
-16 324
+22 54
+5 162
cob=(3)
cfi=(157)
cfn=(626)
calls=54 0
* 864
* 54
+2 756
-1 108
+2 162
cfi=(192)
cfn=(630)
calls=54 51
* 7236
* 54
+1 162
+2 486
cob=(3)
cfi=(157)
cfn=(586)
calls=54 0
* 1836
+1 378
+8 162
cob=(3)
cfi=(157)
cfn=(626)
calls=54 0
* 866
* 162
+1 486
+4 270
cob=(3)
cfi=(157)
cfn=(1146)
calls=54 0
* 1854
+3 270
+4 162
+1 108
+1 108
+1 108
620 54
763 24
cfi=(192)
cfn=(624)
calls=6 91
* 1164
* 12
620 6
772 16812
+1 2802
-1 2802
+6 6732
+2 1692
cfi=(192)
cfn=(630)
calls=282 51
* 37788
* 564
+1 564
+2 5640
cfn=(1385)
calls=282 546
* 508103
* 282
-2 2538
+6 1401
+1 13938

fn=(1394)
173 46781
+1 40098
+5 20049
cob=(3)
cfi=(157)
cfn=(626)
calls=6683 0
* 106928
* 6683
+1 20049
cob=(3)
cfi=(157)
cfn=(626)
calls=6683 0
* 106986
* 6683
+1 20049
cob=(3)
cfi=(157)
cfn=(626)
calls=6683 0
* 108359
* 6683
+3 20049
+1 20049
cfi=(192)
cfn=(630)
calls=6683 51
* 895931
* 6683
+1 13366
+2 13366
+1 13366
+1 6683
+2 6683
+3 482616
+11 321744
cob=(3)
cfi=(157)
cfn=(1072)
calls=53624 0
* 590864
* 107248
+2 632
+1 632
+2 1896
+2 3160
+2 1264
+8 9370
cfi=(278)
cfn=(1392)
calls=318 739
* 8586
* 636
+7 5056
+2 30
+3 2528
+14 1264
+3 10744
+2 1128
+1 282
+3 1692
cob=(3)
cfi=(157)
cfn=(668)
calls=282 0
* 4690
* 2100
cob=(3)
cfi=(157)
cfn=(668)
calls=350 0
* 5824
+1 1264
+1 1264
+2 4002
+6 1264
+1 632
+3 423936
+1 52992
-81 241228
+83 13366
+1 6683
+1 13366

fn=(1402) trigger_type_instantiation
1624 36848
+1 10528
+6 21216
+8 22486
cob=(3)
cfi=(157)
cfn=(710)
calls=286 0
* 6578
* 572
+2 948
cfi=(192)
cfn=(624)
calls=237 91
* 46108
* 237
+1 948
cob=(3)
cfi=(157)
cfn=(710)
calls=237 0
* 5463
* 237
+1 474
+2 474
+1 237
+2 376
-2 2452
+4 474
+1 474
+2 711
+1 237
+1 237
+2 7272
cob=(3)
cfi=(157)
cfn=(592)
calls=1212 0
* 28514
* 2424
+2 139
+1 139
+2 3219
-7 2620
+10 474
+2 417
cfn=(1450)
calls=139 -80
* 113188
* 139
+1 556
+1 2641
cfn=(1459)
calls=139 2637
* 140179
* 139
+8 834
cfn=(1403) trigger_type_instantiation'2
calls=139 -53
* 1807
* 30750
cfn=(1403)
calls=5125 -53
* 2466607
+1 21056
+7 15792

fn=(1403)
1624 48706
+1 13916
+6 6776
+8 13001
cob=(3)
cfi=(157)
cfn=(710)
calls=1245 0
* 28655
* 2490
+2 4712
cfi=(192)
cfn=(624)
calls=1178 91
* 228822
* 1178
+1 4712
cob=(3)
cfi=(157)
cfn=(710)
calls=1178 0
* 27114
* 1178
+1 2356
+2 2356
+1 1178
+2 2113
-2 13164
+4 2356
+1 2356
+2 3534
+1 1178
+1 1178
+2 32880
cob=(3)
cfi=(157)
cfn=(592)
calls=5480 0
* 128749
* 10960
+2 935
+1 935
+2 13635
-7 11446
+10 2356
+2 2805
cfn=(1450)
calls=935 -80
* 817145
* 935
+1 3740
+1 17765
cfn=(1459)
calls=935 2637
* 967086
* 935
+8 5610
cfn=(1403)
calls=935 -53
* 12155
* 4554
cfn=(1403)
calls=759 -53
* 45268
+1 6776
-51 5264
+58 20874

fn=(1458) instantiate_generic
2637 414
+2 138
cob=(3)
cfi=(157)
cfn=(626)
calls=46 0
* 736
* 92
+4 230
cob=(3)
cfi=(157)
cfn=(592)
calls=46 0
* 1045
* 92
+5 138
cfn=(1380)
calls=46 1544
* 23069
* 46
+1 138
cob=(3)
cfi=(157)
cfn=(626)
calls=46 0
* 738
* 184
cob=(3)
cfi=(157)
cfn=(626)
calls=46 0
* 736
* 184
cfi=(192)
cfn=(630)
calls=46 51
* 6164
* 46
+1 230
cob=(3)
cfi=(157)
cfn=(1280)
calls=46 0
* 1239
+1 138
cob=(3)
cfi=(157)
cfn=(626)
calls=46 0
* 738
* 138
+1 414
+4 138
cob=(3)
cfi=(157)
cfn=(626)
calls=46 0
* 738
* 230
+1 230
cob=(3)
cfi=(157)
cfn=(1146)
calls=46 0
* 1648
+3 138
+1 46
+2 2166
cob=(3)
cfi=(157)
cfn=(592)
calls=361 0
* 8640
* 722
+5 969
-7 738
+10 24
+1 8
+2 192
cob=(3)
cfi=(157)
cfn=(592)
calls=32 0
* 750
* 64
+4 72
-6 64
+4 8
+4 16
+6 24
cfi=(192)
cfn=(1098)
calls=8 56
* 1288
* 8
+1 24
cfi=(192)
cfn=(624)
calls=8 91
* 1552
* 16
+1 24
cfi=(192)
cfn=(624)
calls=8 91
* 1583
* 16
+1 24
cfi=(192)
cfn=(624)
calls=8 91
* 1566
* 16
+2 16
-1 24
cfi=(192)
cfn=(624)
calls=8 91
* 1566
* 24
+2 16
+1 32
+1 24
+2 8
+2 40
+2 16
cfi=(275)
cfn=(1046)
calls=8 89
* 1528
* 8
+1 24
cfi=(192)
cfn=(624)
calls=8 91
* 1552
* 16
+1 16
+1 40
+3 16
cfi=(275)
cfn=(1032)
calls=8 109
* 1552
* 16
+1 40
cfi=(192)
cfn=(624)
calls=8 91
* 1552
* 8
+1 40
+2 56
+1 56
+2 40
+1 40
+1 40
+1 40
+4 24
+2 16
-1 24
+1 16
-2 8
+3 40
+1 64
cfn=(1460) copy_fields_replacing
calls=8 2322
* 82855
* 16
+1 16
+1 48
cfi=(278)
cfn=(1048)
calls=8 342
* 136167
+3 24
+1 8
+2 242
cob=(3)
cfi=(157)
cfn=(1072)
calls=22 0
* 594
* 44
+4 66
-6 68
+53 24
+2 16
+3 64
+2 56
cfi=(278)
cfn=(1050)
calls=8 24
* 2640
* 8
+7 32
+1 24
+3 24
+1 8
+2 396
cob=(3)
cfi=(157)
cfn=(592)
calls=66 0
* 1542
* 132
+2 104
cfn=(1462)
calls=13 2449
* 45567461
+2 198
-6 156
2666 38
2811 138

fn=(1459)
2637 11088
+2 3696
cob=(3)
cfi=(157)
cfn=(626)
calls=1232 0
* 19744
* 2464
+4 6160
cob=(3)
cfi=(157)
cfn=(592)
calls=1232 0
* 29023
* 2464
+5 3696
cfn=(1380)
calls=1232 1544
* 649706
* 1232
+1 3696
cob=(3)
cfi=(157)
cfn=(626)
calls=1232 0
* 19722
* 4928
cob=(3)
cfi=(157)
cfn=(626)
calls=1232 0
* 19720
* 4928
cfi=(192)
cfn=(630)
calls=1232 51
* 165088
* 1232
+1 6160
cob=(3)
cfi=(157)
cfn=(1280)
calls=1232 0
* 33042
+1 3696
cob=(3)
cfi=(157)
cfn=(626)
calls=1232 0
* 19722
* 3696
+1 11088
+4 3696
cob=(3)
cfi=(157)
cfn=(626)
calls=1232 0
* 19722
* 6160
+1 6160
cob=(3)
cfi=(157)
cfn=(1146)
calls=1232 0
* 43917
+3 3696
+1 1232
+2 26352
cob=(3)
cfi=(157)
cfn=(592)
calls=4392 0
* 107536
* 8784
+5 9549
-7 8830
+10 69
+1 23
+2 414
cob=(3)
cfi=(157)
cfn=(592)
calls=69 0
* 1518
* 138
+4 138
-6 138
+4 23
+4 46
+6 69
cfi=(192)
cfn=(1098)
calls=23 56
* 3703
* 23
+1 69
cfi=(192)
cfn=(624)
calls=23 91
* 4439
* 46
+1 69
cfi=(192)
cfn=(624)
calls=23 91
* 4487
* 46
+1 69
cfi=(192)
cfn=(624)
calls=23 91
* 4500
* 46
+2 46
-1 69
cfi=(192)
cfn=(624)
calls=23 91
* 4498
* 69
+2 46
+1 92
+1 69
+2 23
+2 115
+2 46
cfi=(275)
cfn=(1046)
calls=23 89
* 4393
* 23
+1 69
cfi=(192)
cfn=(624)
calls=23 91
* 4439
* 46
+1 46
+1 115
+3 46
cfi=(275)
cfn=(1032)
calls=23 109
* 4462
* 46
+1 115
cfi=(192)
cfn=(624)
calls=23 91
* 4439
* 23
+1 115
+2 161
+1 161
+2 115
+1 115
+1 115
+1 115
+4 69
+2 46
-1 69
+1 46
-2 23
+3 115
+1 184
cfn=(1460)
calls=23 2322
* 206779
* 46
+1 46
+1 138
cfi=(278)
cfn=(1048)
calls=23 342
* 495961
+3 69
+1 23
+2 583
cob=(3)
cfi=(157)
cfn=(1072)
calls=53 0
* 1499
* 106
+4 159
-6 175
+53 69
+2 46
+3 184
+2 161
cfi=(278)
cfn=(1050)
calls=23 24
* 9043
* 23
+7 92
+1 69
+3 69
+1 23
+2 1158
cob=(3)
cfi=(157)
cfn=(592)
calls=193 0
* 4444
* 386
+2 192
cfn=(1463)
calls=24 2449
* 22964042
+2 579
-6 455
2666 1209
2811 3696

fn=(1382)
792 936
+1 144
+5 288
cfi=(275)
cfn=(1046)
calls=72 89
* 13752
* 72
+1 216
+2 3672
+1 216
+2 288
+4 648
cfn=(1384)
calls=72 546
* 1800
* 144
+2 648
cfn=(1383) copy_ast_replacing'2
calls=72 -18
* 1656
* 144
+2 864
+3 280
cfi=(192)
cfn=(624)
calls=35 91
* 6812
* 105
+1 315
cfn=(1386)
calls=35 281
* 66974
* 70
+2 280
cfi=(192)
cfn=(624)
calls=35 91
* 6905
* 70
+1 280
cob=(3)
cfi=(157)
cfn=(710)
calls=35 0
* 805
* 70
+52 210
cfn=(1388)
calls=35 30
* 149275
* 35
+2 70
+2 140
+2 105
cfn=(1380)
calls=35 1544
* 17656
* 35
+1 210
cfn=(1394)
calls=35 173
* 47724
* 35
+2 105
+5 70
+6 140
+1 280
+2 210
cfi=(192)
cfn=(630)
calls=35 51
* 4690
* 70
+1 70
+3 546
-1 468
+1 546
cfn=(1384)
calls=78 546
* 57926
-1 78
-2 565
+10 105
+2 315
cfn=(1384)
calls=35 546
* 31309
* 70
+3 280
+2 210
cfi=(192)
cfn=(630)
calls=35 51
* 4690
* 70
+4 210
cfi=(192)
cfn=(630)
calls=35 51
* 4690
* 35
+2 70
+2 702
+8 546
+1 468
-11 530
+20 105
+3 315
cfn=(1383)
calls=35 792
* 4744557
* 70
+1 35
1330 279
cfn=(1386)
calls=31 281
* 195374
* 62
+1 279
cfn=(1383)
calls=31 792
* 31402292
* 62
+1 31
+3 48
cfi=(192)
cfn=(624)
calls=6 91
* 1176
* 6
-1 12
+3 54
cfn=(1386)
calls=6 281
* 30790
-1 12
+2 54
cfn=(1383)
calls=6 792
* 165533
* 12
+1 6
1539 72
+1 432

fn=(1383)
792 200993
+1 30922
+2 14508
+3 32828
cfi=(275)
cfn=(1046)
calls=8207 89
* 1567537
* 8207
+1 24621
+2 418557
+1 24621
+2 32828
+2 33273
cfn=(1386)
calls=3697 281
* 13703263
* 7394
+2 33273
cfn=(1384)
calls=3697 546
* 2306787
* 40590
cfn=(1384)
calls=4510 546
* 1386937
* 16414
+2 73863
cfn=(1383)
calls=8207 -18
* 471165592
* 16414
+2 98484
+3 2512
cfi=(192)
cfn=(624)
calls=314 91
* 60820
* 942
+1 2826
cfn=(1386)
calls=314 281
* 1020144
* 628
+2 2512
cfi=(192)
cfn=(624)
calls=314 91
* 60651
* 628
+1 2512
cob=(3)
cfi=(157)
cfn=(710)
calls=314 0
* 7222
* 628
+52 1884
cfn=(1388)
calls=314 30
* 928100
* 314
+2 628
+2 1256
+2 942
cfn=(1380)
calls=314 1544
* 160119
* 314
+1 1884
cfn=(1394)
calls=314 173
* 342842
* 314
+2 942
+5 1256
+2 1884
cfn=(1388)
calls=314 30
* 1520607
* 314
+2 628
+2 1256
+1 2464
+2 1812
cfi=(192)
cfn=(630)
calls=302 51
* 40468
* 604
+1 604
+3 3087
-1 2646
+1 3087
cfn=(1384)
calls=441 546
* 967701
-1 441
-2 3715
+8 24
+2 36
+2 108
cfn=(1384)
calls=12 546
* 25595
-2 906
+2 2718
cfn=(1384)
calls=302 546
* 343108
* 628
+3 2512
+2 1812
cfi=(192)
cfn=(630)
calls=302 51
* 40468
* 604
+4 1812
cfi=(192)
cfn=(630)
calls=302 51
* 40468
* 302
+2 604
+2 3969
+8 3087
+1 2646
-11 3413
+20 906
+3 2718
cfn=(1383)
calls=302 792
* 25223806
* 108
cfn=(1383)
calls=12 792
* 603404
* 628
+1 314
+2 5931
cfn=(1383)
calls=659 792
* 44883594
* 1318
+1 659
+3 300
cfi=(192)
cfn=(624)
calls=75 91
* 16459
* 75
+1 600
cob=(3)
cfi=(157)
cfn=(710)
calls=75 0
* 1725
* 150
+52 450
cfn=(1388)
calls=75 30
* 1160183
* 75
+2 150
+2 300
+2 225
cfn=(1380)
calls=75 1544
* 38550
* 75
+1 450
cfn=(1394)
calls=75 173
* 309091
* 75
+2 225
+5 300
+2 450
cfn=(1388)
calls=75 30
* 1269106
* 75
+2 150
+3 225
+2 75
+2 3928
cfi=(192)
cfn=(624)
calls=491 91
* 97007
* 1473
+1 4419
cfn=(1386)
calls=491 281
* 407930
* 982
+1 4419
cfn=(1384)
calls=491 546
* 139805
* 982
+1 4419
cfn=(1383)
calls=491 792
* 3952069
* 982
+1 491
+2 2853
cfn=(1383)
calls=317 792
* 5874423
* 634
+1 317
+2 8658
cfn=(1383)
calls=962 792
* 10725996
* 1924
+1 8658
cfn=(1383)
calls=962 792
* 6129475
* 1924
+1 7696
cfi=(192)
cfn=(624)
calls=962 91
* 189874
* 2886
+1 962
+2 1032
cfi=(192)
cfn=(624)
calls=129 91
* 25395
* 387
+1 1161
cfn=(1383)
calls=129 792
* 1849067
* 258
+1 129
+2 2979
cfn=(1383)
calls=331 792
* 2089832
* 662
+1 2979
cfn=(1383)
calls=331 792
* 4950538
* 662
+1 1324
+1 1324
+1 331
+3 20952
cfi=(192)
cfn=(624)
calls=2619 91
* 514800
* 5238
+1 20952
cob=(3)
cfi=(157)
cfn=(710)
calls=2619 0
* 60237
* 5238
+52 10476
+2 15714
cfn=(1388)
calls=2619 30
* 2312835
* 2619
+2 5238
+2 7857
cfn=(1380)
calls=2619 1544
* 1326116
* 2619
+1 15714
cfn=(1394)
calls=2619 173
* 1059788
* 2619
+3 7857
+4 9048
+2 5715
cob=(3)
cfi=(157)
cfn=(626)
calls=1905 0
* 30480
* 1905
+1 5715
cob=(3)
cfi=(157)
cfn=(626)
calls=1905 0
* 31252
* 1905
+2 13335
cob=(3)
cfi=(157)
cfn=(1072)
calls=1905 0
* 55405
* 4890
+1 504
cob=(3)
cfi=(157)
cfn=(1072)
calls=72 0
* 2306
-1 144
+3 330
+2 660
cob=(3)
cfi=(157)
cfn=(672)
calls=66 0
* 36684
+1 198
cfi=(192)
cfn=(1274)
calls=66 104
* 34008
* 66
+2 132
+3 198
+2 66
-2 7659
+2 2553
+6 2464
+7 8352
cfn=(1383)
calls=928 792
* 8831240
* 1856
+1 7424
cfi=(192)
cfn=(624)
calls=928 91
* 183632
* 2784
+1 928
+2 2754
cfn=(1383)
calls=306 792
* 2504689
* 612
+1 2754
cfn=(1383)
calls=306 792
* 1918469
* 612
+1 306
+2 279
cfn=(1386)
calls=31 281
* 70851
* 62
+1 279
cfn=(1383)
calls=31 792
* 467606
* 62
+1 31
+3 549
cfn=(1386)
calls=61 281
* 348967
* 61
+2 61
+1 183
cob=(3)
cfi=(157)
cfn=(626)
calls=61 0
* 976
* 61
+1 549
+5 183
cfi=(279)
cfn=(1262)
calls=61 26
* 325946
* 61
+2 244
+9 183
+1 305
+1 61
+2 1224
cfn=(1383)
calls=153 792
* 1668615
* 153
+1 306
+1 306
+2 183
+4 276
+2 184
+1 276
-13 184
+12 122
+1 183
-13 244
+15 183
+2 61
+3 2088
cfn=(1383)
calls=232 792
* 4604447
* 464
+1 2088
cfn=(1383)
calls=232 792
* 8415118
* 464
+1 2088
cfn=(1383)
calls=232 792
* 509102
* 464
+1 232
+2 558
cfn=(1383)
calls=62 792
* 966105
* 124
+1 558
cfn=(1383)
calls=62 792
* 5638382
* 124
+1 62
1342 630
cfn=(1386)
calls=70 281
* 17704
* 140
+1 630
cfn=(1383)
calls=70 792
* 1610
* 140
+1 280
+1 280
+3 630
cfn=(1384)
calls=70 546
* 126214
-1 140
+3 70
1537 8
1147 1232
1350 70
1539 70
+1 210
-1 8137
+1 92556

fn=(1470)
2297 75
+1 75
cob=(3)
cfi=(157)
cfn=(592)
calls=15 0
* 385
+10 30
-10 75
cob=(3)
cfi=(157)
cfn=(592)
calls=15 0
* 374
* 105
cob=(3)
cfi=(157)
cfn=(592)
calls=15 0
* 330
* 30
+1 75
cob=(3)
cfi=(157)
cfn=(592)
calls=15 0
* 330
-1 30
+1 75
cob=(3)
cfi=(157)
cfn=(592)
calls=15 0
* 385
* 105
cob=(3)
cfi=(157)
cfn=(592)
calls=15 0
* 374
* 30
+1 75
cob=(3)
cfi=(157)
cfn=(592)
calls=15 0
* 374
-1 30
+1 75
cob=(3)
cfi=(157)
cfn=(592)
calls=15 0
* 385
* 30
+1 75
cob=(3)
cfi=(157)
cfn=(592)
calls=15 0
* 330
-1 30
+1 75
cob=(3)
cfi=(157)
cfn=(592)
calls=15 0
* 330
* 105
cob=(3)
cfi=(157)
cfn=(592)
calls=15 0
* 330
* 30
+1 75
cob=(3)
cfi=(157)
cfn=(592)
calls=15 0
* 363
-1 30
+1 75
cob=(3)
cfi=(157)
cfn=(592)
calls=15 0
* 374
* 30
+1 75
cob=(3)
cfi=(157)
cfn=(592)
calls=15 0
* 374
-1 30
+1 75
cob=(3)
cfi=(157)
cfn=(592)
calls=15 0
* 363
* 30
+1 90
cob=(3)
cfi=(157)
cfn=(1072)
calls=15 0
* 405
-1 30
+1 90
cob=(3)
cfi=(157)
cfn=(1072)
calls=15 0
* 405
* 30
+1 90
cob=(3)
cfi=(157)
cfn=(1072)
calls=15 0
* 432
-1 30
+1 90
cob=(3)
cfi=(157)
cfn=(1072)
calls=15 0
* 432
* 30
+1 90
cob=(3)
cfi=(157)
cfn=(1072)
calls=15 0
* 432
-1 30
+1 90
cob=(3)
cfi=(157)
cfn=(1072)
calls=15 0
* 432
* 30
+1 90
cob=(3)
cfi=(157)
cfn=(1072)
calls=15 0
* 387
-1 30
+2 30
+1 30

fn=(1400)
1688 2233
+1 638
+6 1276
+6 1276
+57 1276
+23 1276
+41 3828
+6 1914
cfn=(1401)
calls=319 1688
* 9621916
+1 319
1965 1914
cfn=(1401)
calls=319 1688
* 4147
* 319
+1 957

fn=(1401)
1688 98644
+1 28184
+6 29096
+2 31584
cfn=(1402)
calls=5264 -73
* 2997221
+4 29376
+2 210
+1 280
cob=(3)
cfi=(157)
cfn=(710)
calls=70 0
* 1610
* 140
+3 144
cfi=(192)
cfn=(624)
calls=48 91
* 9382
* 48
+1 192
cob=(3)
cfi=(157)
cfn=(710)
calls=48 0
* 1104
* 48
+1 96
+2 33
+5 111
cob=(3)
cfi=(157)
cfn=(626)
calls=37 0
* 592
* 37
+1 370
cob=(3)
cfi=(157)
cfn=(592)
calls=37 0
* 902
* 74
+6 192
cob=(3)
cfi=(157)
cfn=(710)
calls=48 0
* 1104
* 48
+1 96
+2 96
+1 48
+2 50
-2 392
+4 96
+1 96
+3 144
+1 48
+1 48
+2 1776
cob=(3)
cfi=(157)
cfn=(592)
calls=296 0
* 6863
* 592
+2 2
+1 2
+2 882
-7 684
+10 96
+2 6
cfn=(1450)
calls=2 1587
* 526
* 2
+1 8
+1 38
cfn=(1459)
calls=2 2637
* 2263
* 2
-49 2
+56 28816
+2 7704
+1 10272
cob=(3)
cfi=(157)
cfn=(710)
calls=2568 0
* 59100
* 5136
+2 837
+1 279
+2 16452
cob=(3)
cfi=(157)
cfn=(626)
calls=4113 0
* 65808
* 4113
+1 28791
cob=(3)
cfi=(157)
cfn=(1072)
calls=4113 0
* 123271
* 8785
+2 126
+1 210
+2 126
cfn=(1450)
calls=42 1587
* 32091
* 42
+1 252
cfn=(1376)
calls=30 1970
* 1446755
cfn=(1377)
calls=12 1970
* 7343531
+2 42
+2 12213
-13 8937
+17 18788
+2 183
+1 244
cob=(3)
cfi=(157)
cfn=(710)
calls=61 0
* 1403
* 122
+2 183
cfi=(192)
cfn=(624)
calls=61 91
* 11788
* 61
+1 244
cob=(3)
cfi=(157)
cfn=(710)
calls=61 0
* 1403
* 61
+1 122
+2 122
+1 61
+2 122
-2 732
+4 122
+1 122
+2 183
+1 61
+1 61
+2 1314
cob=(3)
cfi=(157)
cfn=(592)
calls=219 0
* 5006
* 438
+2 61
+1 61
+2 474
-7 438
+10 122
+2 183
cfn=(1450)
calls=61 1587
* 52166
* 61
+1 244
+1 1159
cfn=(1459)
calls=61 2637
* 59294
* 122
1702 70
1822 87288
+6 2040
cfn=(1401)
calls=340 1688
* 11523206
+1 340
+2 2136
cfn=(1401)
calls=356 1688
* 3181651
+1 356
+2 1902
cfn=(1401)
calls=317 1688
* 1439326
+1 317
+2 5772
cfn=(1401)
calls=962 1688
* 1555233
+1 5772
cfn=(1401)
calls=962 1688
* 1452708
+1 962
+2 774
cfn=(1401)
calls=129 1688
* 344517
+1 129
+2 1986
cfn=(1401)
calls=331 1688
* 9098439
+1 1986
cfn=(1401)
calls=331 1688
* 900782
+1 331
+2 5388
cfn=(1401)
calls=898 1688
* 2266665
+1 898
+2 1836
cfn=(1401)
calls=306 1688
* 410789
+1 1836
cfn=(1401)
calls=306 1688
* 137892
+1 306
+2 186
cfn=(1401)
calls=31 1688
* 55057
+1 31
+2 1392
cfn=(1401)
calls=232 1688
* 707555
+1 1392
cfn=(1401)
calls=232 1688
* 1804135
+1 1392
cfn=(1401)
calls=232 1688
* 72921
+1 232
+2 372
cfn=(1401)
calls=62 1688
* 94747
+1 372
cfn=(1401)
calls=62 1688
* 6459557
+1 62
+13 366
cfn=(1401)
calls=61 1688
* 555489
+1 61
+82 3249
+4 19494
cfn=(1401)
calls=3249 1688
* 175410
* 24150
cfn=(1401)
calls=4025 1688
* 41650736
* 7274
1691 6818
1966 42276

fn=(1408) register_template
2312 49
+1 21
cfi=(192)
cfn=(1098)
calls=7 56
* 1120
* 7
+1 21
cfi=(192)
cfn=(624)
calls=7 91
* 1374
* 14
+1 21
+1 28
+1 21
+1 21

fn=(1460)
2322 279
+1 62
+4 62
cfi=(275)
cfn=(1046)
calls=31 89
* 5921
* 31
+1 124
cfi=(192)
cfn=(624)
calls=31 91
* 6094
* 62
+3 248
cfn=(1386)
calls=31 281
* 42644
* 62
+3 248
cfn=(1384)
calls=31 546
* 50117
* 62
+2 279
cob=(3)
cfi=(157)
cfn=(710)
calls=31 0
* 713
* 62
+4 80
cob=(3)
cfi=(157)
cfn=(622)
calls=16 0
* 384
* 16
+1 96
+3 64
cfi=(192)
cfn=(624)
calls=16 91
* 3112
* 16
+1 64
cob=(3)
cfi=(157)
cfn=(710)
calls=16 0
* 368
* 16
+1 32
+2 32
+3 64
cob=(3)
cfi=(157)
cfn=(622)
calls=16 0
* 384
* 16
+1 32
+2 32
+1 32
+1 48
+3 48
+1 16
+1 16
+2 624
cob=(3)
cfi=(157)
cfn=(592)
calls=104 0
* 2397
* 208
+5 312
-7 240
+10 32
+25 399
+2 96
+1 204
cob=(3)
cfi=(157)
cfn=(710)
calls=12 0
* 276
* 24
+4 8
+1 8
+3 24
+1 8
+2 208
cob=(3)
cfi=(157)
cfn=(626)
calls=52 0
* 832
* 52
+2 416
cob=(3)
cfi=(157)
cfn=(1072)
calls=52 0
* 1574
* 104
+8 156
-12 120
+15 16
+19 217
cfn=(1461) copy_fields_replacing'2
calls=31 2322
* 168855
* 62
+1 31
+1 93

fn=(1461)
2322 675
+1 150
+2 62
+2 88
cfi=(275)
cfn=(1046)
calls=44 89
* 8404
* 44
+1 176
cfi=(192)
cfn=(624)
calls=44 91
* 8720
* 88
+3 352
cfn=(1386)
calls=44 281
* 102017
* 88
+3 352
cfn=(1384)
calls=44 546
* 21769
* 88
+2 396
cob=(3)
cfi=(157)
cfn=(710)
calls=44 0
* 1012
* 88
+4 205
cob=(3)
cfi=(157)
cfn=(622)
calls=41 0
* 984
* 41
+1 246
+3 164
cfi=(192)
cfn=(624)
calls=41 91
* 8032
* 41
+1 164
cob=(3)
cfi=(157)
cfn=(710)
calls=41 0
* 943
* 41
+1 82
+2 2
+3 4
cob=(3)
cfi=(157)
cfn=(622)
calls=1 0
* 24
* 160
cob=(3)
cfi=(157)
cfn=(622)
calls=40 0
* 960
* 41
+1 82
+2 82
+1 82
+1 123
+3 123
+1 41
+1 41
+2 1566
cob=(3)
cfi=(157)
cfn=(592)
calls=261 0
* 6440
* 522
+5 783
-7 604
+10 82
+25 406
+2 8
+1 17
cob=(3)
cfi=(157)
cfn=(710)
calls=1 0
* 23
* 2
+4 1
+1 1
+3 3
+1 1
+2 28
cob=(3)
cfi=(157)
cfn=(626)
calls=7 0
* 112
* 7
+2 56
cob=(3)
cfi=(157)
cfn=(1072)
calls=7 0
* 198
* 14
+8 21
-12 16
+15 2
+19 308
cfn=(1461)
calls=44 2322
* 76449
* 88
+1 44
+1 225

fl=(300) /app/src/parser/expr/expr_literal.c
fn=(1202) parse_int_literal
357 5048
+1 1262
cfi=(275)
cfn=(1046)
calls=631 89
* 120521
* 631
+1 6941
+1 1262
+1 1262
cfi=(275)
cfn=(1032)
calls=631 109
* 122414
* 1262
+1 8834
cfi=(279)
cfn=(1118)
calls=631 230
* 119939
* 1262
+1 631
+1 1262
+2 8162
+2 13992
-4 13745
+7 3155
+3 631
+4 1262
+5 3427
+4 2892
+2 749
cob=(3)
cfi=(157)
cfn=(1204)
calls=107 0
* 17055
* 214
+2 1608
+6 3144
cob=(3)
cfi=(157)
cfn=(1204)
calls=524 0
* 62416
* 524
+4 4417
+92 1893
+2 9
+3 3155
+13 1893
+2 631
+1 3786

fn=(1456) parse_char_literal
697 125
+1 50
cfi=(275)
cfn=(1046)
calls=25 89
* 4775
* 25
+1 275
+1 50
+1 350
cfi=(279)
cfn=(1118)
calls=25 230
* 4807
* 75
+3 25
+1 75
+1 100
+2 6
+1 108
+3 2
+1 2
+2 2
+1 2
+2 2
+1 2
+46 12
cfi=(275)
cfn=(1032)
calls=6 109
* 1164
* 18
+4 57
+1 57
+2 38
+1 38
cfi=(275)
cfn=(1032)
calls=19 109
* 3686
* 57
+26 75
+1 25
+1 75

fn=(1196) escape_c_string
190 195
+1 117
cob=(3)
cfi=(157)
cfn=(626)
calls=39 0
* 734
* 156
cfi=(192)
cfn=(630)
calls=39 51
* 5226
* 39
+1 78
+1 39
+2 3634
+80 3544
+2 72
+1 36
+2 81
+3 3508
+6 3508
+6 3508
+6 3508
+8 7016
193 3700
312 78
+1 39
+1 78

fn=(1326) parse_sizeof_expr
885 224
+1 544
cfn=(1328) parse_size_or_typeof
calls=32 -82
* 571916
* 32
+1 96

fn=(1194) parse_string_literal
559 132
+1 308
cfi=(279)
cfn=(1084)
calls=22 238
* 4953
* 44
+1 66
cob=(3)
cfi=(157)
cfn=(626)
calls=22 0
* 405
* 22
+3 22
+1 44
+2 3066
-2 1818
+15 44
+38 110
+49 44
cfi=(275)
cfn=(1046)
calls=22 89
* 4202
* 22
+1 242
+1 44
+2 66
cfn=(1196)
calls=22 190
* 19410
* 44
+3 44
cfi=(275)
cfn=(1032)
calls=22 109
* 4268
* 44
+1 22
+1 66

fn=(1328)
804 384
+1 160
cfi=(252)
cfn=(1060)
calls=32 670
* 9088
* 96
+4 160
cfi=(252)
cfn=(1062)
calls=32 83
* 8032
+2 96
+1 96
+1 96
+1 96
+1 96
+1 96
+2 160
cfi=(289)
cfn=(1128)
calls=32 16
* 217950
* 32
+2 32
+1 128
+2 64
+1 160
+4 228
+2 100
cfi=(279)
cfn=(1262)
calls=25 26
* 131043
* 200
cfi=(278)
cfn=(1268)
calls=25 437
* 119886
* 50
+1 150
cfi=(278)
cfn=(1132)
calls=25 149
* 375
-1 50
+1 150
cfi=(216)
cfn=(1174)
calls=25 93
* 43166
* 50
+8 352
cfi=(252)
cfn=(1060)
calls=32 670
* 9088
* 96
+2 160
cfi=(252)
cfn=(1062)
calls=32 83
* 8032
+1 96
cfi=(275)
cfn=(1136)
calls=32 446
* 7862
* 32
+1 160
cfi=(275)
cfn=(1046)
calls=32 89
* 6112
* 32
+1 352
+1 96
+1 96
+1 64
+1 64
+1 64
+2 64
cfi=(275)
cfn=(1032)
calls=32 109
* 6208
* 64
-11 64
+40 32
+1 256

fl=(274) /app/src/parser/utils/utils_builtins.c
fn=(1030) register_builtins
13 5
+1 2
cfi=(275)
cfn=(1032)
calls=1 +95
* 194
* 1
+1 2
+1 8
cfi=(216)
cfn=(1034)
calls=1 -3
* 1303
+2 2
cfi=(275)
cfn=(1032)
calls=1 +91
* 194
* 1
+1 2
+1 8
cfi=(216)
cfn=(1034)
calls=1 -7
* 1378
+2 2
cfi=(275)
cfn=(1032)
calls=1 +87
* 194
* 1
+1 8
cfi=(216)
cfn=(1034)
calls=1 -10
* 1453
+1 4
+2 2
cfi=(275)
cfn=(1032)
calls=1 +83
* 194
* 8
cfi=(216)
cfn=(1034)
calls=1 -13
* 1528
+1 4
+1 3
cfi=(275)
cfn=(1044)
calls=1 130
* 208
* 8
cfi=(216)
cfn=(1034)
calls=1 -15
* 1896
+1 4
+1 3
cfi=(275)
cfn=(1044)
calls=1 130
* 208
* 8
cfi=(216)
cfn=(1034)
calls=1 -17
* 1733
+1 4
+1 3
cfi=(275)
cfn=(1044)
calls=1 +98
* 208
* 8
cfi=(216)
cfn=(1034)
calls=1 -19
* 1775
+1 4
+1 2
cfi=(275)
cfn=(1032)
calls=1 +75
* 194
* 8
cfi=(216)
cfn=(1034)
calls=1 -21
* 1853
+1 4
+1 2
cfi=(275)
cfn=(1032)
calls=1 +73
* 194
* 8
cfi=(216)
cfn=(1034)
calls=1 -23
* 1954
+1 4
+1 2
cfi=(275)
cfn=(1032)
calls=1 +71
* 194
* 8
cfi=(216)
cfn=(1034)
calls=1 -25
* 2033
+1 4
+1 2
cfi=(275)
cfn=(1032)
calls=1 +69
* 194
* 8
cfi=(216)
cfn=(1034)
calls=1 -27
* 2112
+1 4
+1 2
cfi=(275)
cfn=(1032)
calls=1 +67
* 194
* 8
cfi=(216)
cfn=(1034)
calls=1 -29
* 2191
+1 4
+1 2
cfi=(275)
cfn=(1032)
calls=1 +65
* 194
* 8
cfi=(216)
cfn=(1034)
calls=1 -31
* 2246
+1 4
+1 3
cfi=(275)
cfn=(1044)
calls=1 +84
* 208
* 8
cfi=(216)
cfn=(1034)
calls=1 -33
* 2352
+1 4
+1 3
cfi=(275)
cfn=(1044)
calls=1 +82
* 208
* 8
cfi=(216)
cfn=(1034)
calls=1 -35
* 2422
+1 4
+1 8
cfi=(216)
cfn=(1034)
calls=1 -37
* 2558
+1 4
+2 3
cfi=(275)
cfn=(1044)
calls=1 +77
* 208
* 8
cfi=(216)
cfn=(1034)
calls=1 -40
* 2566
+1 3
cfi=(275)
cfn=(1044)
calls=1 +76
* 208
* 8
cfi=(216)
cfn=(1034)
calls=1 -41
* 2895
+1 3
cfi=(275)
cfn=(1044)
calls=1 +75
* 208
* 8
cfi=(216)
cfn=(1034)
calls=1 -42
* 2793
+2 3
cfi=(275)
cfn=(1044)
calls=1 +73
* 208
* 8
cfi=(216)
cfn=(1034)
calls=1 -44
* 2771
+1 4
+1 2
cfi=(275)
cfn=(1032)
calls=1 +50
* 194
* 8
cfi=(216)
cfn=(1034)
calls=1 -46
* 2891
+1 4
+1 2
cfi=(275)
cfn=(1032)
calls=1 +48
* 194
* 8
cfi=(216)
cfn=(1034)
calls=1 -48
* 2973
+1 4
+1 2
cfi=(275)
cfn=(1032)
calls=1 +46
* 194
* 8
cfi=(216)
cfn=(1034)
calls=1 -50
* 3016
+1 4
+1 2
cfi=(275)
cfn=(1032)
calls=1 +44
* 194
* 8
cfi=(216)
cfn=(1034)
calls=1 -52
* 3102
+1 4
+1 2
cfi=(275)
cfn=(1032)
calls=1 +42
* 194
* 8
cfi=(216)
cfn=(1034)
calls=1 -54
* 3188
+1 4
+1 8
cfi=(216)
cfn=(1034)
calls=1 -56
* 3219
+1 4
+1 2
cfi=(275)
cfn=(1032)
calls=1 +38
* 194
* 8
cfi=(216)
cfn=(1034)
calls=1 -58
* 3305
+1 4
+1 2
cfi=(275)
cfn=(1032)
calls=1 +36
* 194
* 8
cfi=(216)
cfn=(1034)
calls=1 -60
* 3416
+1 4
+1 2
cfi=(275)
cfn=(1032)
calls=1 +34
* 194
* 8
cfi=(216)
cfn=(1034)
calls=1 -62
* 3757
+1 4
+1 2
cfi=(275)
cfn=(1032)
calls=1 +32
* 194
* 8
cfi=(216)
cfn=(1034)
calls=1 -64
* 3544
+1 4
+1 2
cfi=(275)
cfn=(1032)
calls=1 +30
* 194
* 8
cfi=(216)
cfn=(1034)
calls=1 -66
* 3626
+1 4
+1 2
cfi=(275)
cfn=(1032)
calls=1 +28
* 194
* 8
cfi=(216)
cfn=(1034)
calls=1 -68
* 3756
+1 4
+1 2
cfi=(275)
cfn=(1032)
calls=1 +26
* 194
* 8
cfi=(216)
cfn=(1034)
calls=1 -70
* 3760
+1 4
+1 2
cfi=(275)
cfn=(1032)
calls=1 +24
* 194
* 8
cfi=(216)
cfn=(1034)
calls=1 -72
* 3976
+1 4
+1 2
cfi=(275)
cfn=(1032)
calls=1 +22
* 194
* 8
cfi=(216)
cfn=(1034)
calls=1 -74
* 3936
+1 4
+1 2
cfi=(275)
cfn=(1032)
calls=1 +20
* 194
* 8
cfi=(216)
cfn=(1034)
calls=1 -76
* 3983
+1 4
+1 2
cfi=(275)
cfn=(1032)
calls=1 +18
* 194
* 8
cfi=(216)
cfn=(1034)
calls=1 -78
* 4066
+1 4
+1 2
cfi=(275)
cfn=(1032)
calls=1 +16
* 194
* 8
cfi=(216)
cfn=(1034)
calls=1 -80
* 4207
+1 4
+1 2
cfi=(275)
cfn=(1032)
calls=1 +14
* 194
* 8
cfi=(216)
cfn=(1034)
calls=1 -82
* 4197
+1 4
+1 2
cfi=(275)
cfn=(1032)
calls=1 +12
* 194
* 8
cfi=(216)
cfn=(1034)
calls=1 -84
* 4302
+1 4
+1 2
cfi=(275)
cfn=(1032)
calls=1 +10
* 194
* 8
cfi=(216)
cfn=(1034)
calls=1 -86
* 4398
+1 4
+1 2
cfi=(275)
cfn=(1032)
calls=1 +8
* 194
* 8
cfi=(216)
cfn=(1034)
calls=1 -88
* 4642
+1 4
+2 2
cfi=(275)
cfn=(1046)
calls=1 -15
* 191
* 1
+1 3
cfi=(192)
cfn=(624)
calls=1 -14
* 196
* 2
+1 6
cfi=(278)
cfn=(1048)
calls=1 342
* 3433
+1 6
cfi=(278)
cfn=(1056)
calls=1 754
* 556
+1 3

fl=(303) /app/src/parser/struct/struct_struct.c
fn=(1234) parse_struct
22 240
+2 80
cfi=(252)
cfn=(1062)
calls=16 +59
* 10544
+1 80
cfi=(252)
cfn=(1062)
calls=16 +58
* 9740
+1 256
cfi=(279)
cfn=(1114)
calls=16 425
* 14222
* 16
+1 224
cfi=(279)
cfn=(1118)
calls=16 230
* 3041
* 32
+1 160
+3 16
+1 16
+1 80
cfi=(252)
cfn=(1060)
calls=16 670
* 4930
* 48
+2 35
cfi=(252)
cfn=(1062)
calls=7 +48
* 1792
+3 35
cfi=(252)
cfn=(1062)
calls=7 +45
* 1827
+1 112
cfi=(279)
cfn=(1114)
calls=7 425
* 5481
* 7
+1 56
cfi=(192)
cfn=(1192)
calls=7 +27
* 1036
* 7
+1 147
cfi=(279)
cfn=(1118)
calls=7 230
* 1323
* 14
+2 35
cfi=(252)
cfn=(1060)
calls=7 670
* 2023
+1 21
+4 21
+2 35
cfi=(252)
cfn=(1062)
calls=7 +33
* 1792
+9 14
+2 70
cfi=(216)
cfn=(1324)
calls=7 246
* 1582
-2 49
+7 80
cfi=(252)
cfn=(1060)
calls=16 670
* 5168
* 48
+18 80
cfi=(252)
cfn=(1062)
calls=16 -1
* 4640
+1 32
+3 16
+1 16
+5 196
+19 147
cfi=(279)
cfn=(1058)
calls=49 277
* 31390
+1 245
cfi=(252)
cfn=(1060)
calls=49 670
* 29773
+2 147
+2 80
cfi=(252)
cfn=(1062)
calls=16 -35
* 4604
264 80
121 198
+7 99
+87 99
+2 165
cfi=(252)
cfn=(1062)
calls=33 83
* 23552
+1 528
cfi=(279)
cfn=(1114)
calls=33 425
* 29858
* 33
+1 231
cfi=(279)
cfn=(1156)
calls=33 15
* 9702
+1 165
cfi=(289)
cfn=(1128)
calls=33 16
* 6298650
* 33
+1 99
cfi=(275)
cfn=(1236)
calls=33 747
* 16298
* 33
+2 66
cfi=(275)
cfn=(1046)
calls=33 89
* 6303
* 33
+1 198
+1 462
cfi=(279)
cfn=(1118)
calls=33 +5
* 6306
* 99
+1 99
+1 99
+1 66
+3 165
cfi=(252)
cfn=(1060)
calls=33 670
* 9372
* 99
+11 66
+2 42
+4 57
+2 38
+2 95
cfi=(252)
cfn=(1060)
calls=19 670
* 5396
-2 28
+2 70
cfi=(252)
cfn=(1060)
calls=14 670
* 3976
* 99
+2 165
cfi=(252)
cfn=(1062)
calls=33 83
* 8283
* 33
+21 77
+2 45
cfi=(278)
cfn=(1240)
calls=9 570
* 25327
* 9
+1 18
+6 32
cfi=(275)
cfn=(1046)
calls=16 89
* 3056
* 16
+1 176
+1 80
+1 80
cfi=(278)
cfn=(1242)
calls=16 68
* 2688
+2 48
+3 32
cfi=(275)
cfn=(1032)
calls=16 109
* 3104
* 32
+1 80
cfi=(192)
cfn=(624)
calls=16 91
* 3135
* 16
+1 64
+4 32
+2 21
+1 28
+1 49
cfi=(192)
cfn=(630)
calls=7 51
* 938
* 7
+1 14
+2 63
cfi=(275)
cfn=(1032)
calls=7 109
* 1358
* 7
+1 112
cfi=(192)
cfn=(624)
calls=7 91
* 1379
* 7
-3 49
+7 48
+1 48
+1 48
+1 48
+1 48
+1 48
+1 48
+1 48
+1 128
cfi=(192)
cfn=(624)
calls=16 91
* 3082
* 48
+2 32
+2 14
+1 42
+1 42
cfi=(323)
cfn=(1408)
calls=7 2312
* 2697
+4 32
+2 54
cfi=(278)
cfn=(1048)
calls=9 +12
* 155309
+3 16
+1 128

fl=(252)
fn=(936) lexer_init
6 161
+1 69
+1 46
+1 46
+1 46
+1 46
+1 69
+1 69
+1 69

fn=(1082) lexer_scan_string_internal
28 1935
+1 215
+1 2510
+5 1290
+1 215
+2 8162
+5 36729
+2 215
+1 215
+3 27154
+2 92
+9 46
+3 46
-27 322
+27 3820
-27 28245
+31 430
+2 30394
+7 21710
-9 18013
+12 215
+1 430

fn=(1070) is_ident_char
22 800634
+1 133439
cob=(3)
cfi=(157)
cfn=(1064)
calls=133439 -23
* 800634
* 1500035
+1 266878

fn=(1184) lexer_peek2
676 2730
+1 3003
+1 1365
cfn=(1062)
calls=273 83
* 118101
+1 1365
cfn=(1062)
calls=273 83
* 71273
+1 1911

fn=(1062)
83 803440
+1 562408
+1 241032
+1 241032
+2 80344
+2 506096
+2 63090
+1 37854
+4 569530
+2 569530
+1 113906
+1 341718
+1 341718
-14 113906
cob=(3)
cfi=(157)
cfn=(1064)
calls=113906 -88
* 683436
+11 63090
+1 12618
+1 37854
+1 37854
-14 12618
cob=(3)
cfi=(157)
cfn=(1064)
calls=12618 -88
* 75708
* 80344
cob=(3)
cfi=(157)
cfn=(1064)
calls=80344 -88
* 482064
* 2275548
+18 321376
+2 1156
667 68
112 321104
+26 321899
+2 138
+1 138
+2 26455
+8 5291
-10 76006
+13 552
+2 708
+1 708
+1 2124
667 118
161 120
+1 120
+1 100
cfn=(1063) lexer_next'2
calls=20 -80
* 21350
* 20
+4 320657
+53 400690
cfn=(1068) is_ident_start
calls=80138 17
* 2135937
* 160276
+2 28385
+1 28385
+2 104976
-2 839808
cfn=(1070)
calls=104976 22
* 2760969
* 227080
cfn=(1070)
calls=28385 22
* 738606
* 266722
+5 170310
+1 170310
+2 98002
cob=(3)
cfi=(157)
cfn=(1072)
calls=6872 0
* 202672
* 13744
+4 75772
cob=(3)
cfi=(157)
cfn=(1072)
calls=3167 0
* 93814
* 6334
+4 75772
cob=(3)
cfi=(157)
cfn=(1072)
calls=3167 0
* 93808
* 6334
+2 34
667 2
243 75756
cob=(3)
cfi=(157)
cfn=(1072)
calls=3165 0
* 93631
* 6330
+2 1530
667 90
247 72192
cob=(3)
cfi=(157)
cfn=(1072)
calls=2601 0
* 75704
* 5202
+4 95532
cob=(3)
cfi=(157)
cfn=(1072)
calls=6491 0
* 190923
* 12982
+4 72192
cob=(3)
cfi=(157)
cfn=(1072)
calls=2601 0
* 75611
* 5202
+2 527
667 31
259 97756
cob=(3)
cfi=(157)
cfn=(1072)
calls=6872 0
* 202345
* 13744
+2 1853
667 109
263 58562
cob=(3)
cfi=(157)
cfn=(1072)
calls=376 0
* 11787
* 752
+4 71726
cob=(3)
cfi=(157)
cfn=(1072)
calls=2570 0
* 74750
* 5140
+4 95252
cob=(3)
cfi=(157)
cfn=(1072)
calls=6491 0
* 190923
* 12982
+4 58562
cob=(3)
cfi=(157)
cfn=(1072)
calls=376 0
* 11787
* 752
+4 71726
cob=(3)
cfi=(157)
cfn=(1072)
calls=2570 0
* 74750
* 5140
+4 95252
cob=(3)
cfi=(157)
cfn=(1072)
calls=6491 0
* 190923
* 12982
+4 58562
cob=(3)
cfi=(157)
cfn=(1072)
calls=376 0
* 11787
* 752
+4 71726
cob=(3)
cfi=(157)
cfn=(1072)
calls=2570 0
* 72608
* 5140
+4 71726
cob=(3)
cfi=(157)
cfn=(1072)
calls=2570 0
* 72608
* 5140
+4 95252
cob=(3)
cfi=(157)
cfn=(1072)
calls=6491 0
* 184470
* 12982
+4 72536
cob=(3)
cfi=(157)
cfn=(1072)
calls=2705 0
* 76100
* 5410
+4 95252
cob=(3)
cfi=(157)
cfn=(1072)
calls=6491 0
* 184458
* 12982
+2 68
667 4
311 74748
cob=(3)
cfi=(157)
cfn=(1072)
calls=3075 0
* 86227
* 6150
+4 72528
cob=(3)
cfi=(157)
cfn=(1072)
calls=2705 0
* 76100
* 5410
+6 76201
+7 76606
+8 506682
667 28149
340 207012
+8 207012
+9 51753
cob=(3)
cfi=(157)
cfn=(1064)
calls=51753 0
* 310518
* 569283
+2 2464
+1 2464
+1 2464
+1 2464
+2 18261
+2 487
+1 487
+1 487
+2 1734
-2 1734
cob=(3)
cfi=(157)
cfn=(1064)
calls=1734 0
* 10404
* 487
cob=(3)
cfi=(157)
cfn=(1064)
calls=487 0
* 2922
* 34503
-4 487
+9 13878
+9 13878
+11 8505
cob=(3)
cfi=(157)
cfn=(1064)
calls=597 0
* 3582
* 7164
+8 2448
-2 2448
cob=(3)
cfi=(157)
cfn=(1064)
calls=2448 0
* 14688
* 1977
cob=(3)
cfi=(157)
cfn=(1064)
calls=1977 0
* 11862
* 75789
+6 12836
+2 1977
+1 13839
+13 27678
+14 3954
+15 19712
cfn=(1068)
calls=2464 17
* 66528
* 4928
+8 14784
+1 14784
+1 46816
+4 197156
+2 1505
cfn=(1082)
calls=215 28
* 182403
* 215
+1 1290
+1 3870
667 215
471 196296
+2 83
+1 581
+2 18
+1 252
+15 36
+5 390
+1 195
+2 130
+19 581
+2 83
+3 498
+1 498
+1 1494
667 83
530 48991
+1 48991
+2 195964
+5 195964
+13 195964
+4 197024
+5 200484
+2 214
+1 428
+2 231643
+5 231643
+18 412847
+2 286
+1 572
+3 404617
+2 535
+1 2675
+5 388736
+1 95574
-1 95574
+1 202696
+1 95490
-1 95490
+1 6740
+2 211
+1 844
+5 248742
cob=(3)
cfi=(157)
cfn=(710)
calls=1431 0
* 32913
* 2862
+2 2862
+5 640212
+4 5175
+1 5175
+2 8099
+1 8099
+2 2385
+1 2385
+2 1599
+1 1599
+2 1173
+1 1173
+2 1538
+1 1538
+2 1310
+1 1310
+2 1165
+1 1165
+2 1951
+1 1951
+2 690
+1 690
+2 5644
+1 5644
+2 45
+1 45
+2 15540
+1 15540
-53 211
+57 1266
+1 1266
+1 4009
+1 633
-3 292680
+1 292680
+1 926820
+1 561775

fn=(1063)
83 230
+1 161
+1 69
+1 69
+2 23
+2 900
+2 120
+1 72
+4 1005
+2 1005
+1 201
+1 603
+1 603
-14 201
cob=(3)
cfi=(157)
cfn=(1064)
calls=201 -88
* 1206
+11 120
+1 24
+1 72
+1 72
-14 24
cob=(3)
cfi=(157)
cfn=(1064)
calls=24 -88
* 144
* 23
cob=(3)
cfi=(157)
cfn=(1064)
calls=23 -88
* 138
* 2728
+18 92
+6 92
+26 107
+2 3
+1 3
+2 770
+8 154
-10 2198
+13 12
+7 18
+1 18
+1 15
cfn=(1063)
calls=3 -80
* 1873
* 3
+4 80
+53 100
cfn=(1068)
calls=20 17
* 523
* 40
+2 17
+1 17
+2 61
-2 488
cfn=(1070)
calls=61 22
* 1603
* 136
cfn=(1070)
calls=17 22
* 442
* 156
+5 102
+1 102
+2 34
+4 58
cob=(3)
cfi=(157)
cfn=(1072)
calls=4 0
* 117
* 8
+4 58
cob=(3)
cfi=(157)
cfn=(1072)
calls=4 0
* 117
* 8
+4 58
cob=(3)
cfi=(157)
cfn=(1072)
calls=4 0
* 117
* 8
+4 46
cob=(3)
cfi=(157)
cfn=(1072)
calls=2 0
* 63
* 4
+4 64
cob=(3)
cfi=(157)
cfn=(1072)
calls=5 0
* 153
* 10
+4 46
cob=(3)
cfi=(157)
cfn=(1072)
calls=2 0
* 63
* 4
+4 34
+4 34
+4 46
cob=(3)
cfi=(157)
cfn=(1072)
calls=2 0
* 63
* 4
+4 64
cob=(3)
cfi=(157)
cfn=(1072)
calls=5 0
* 153
* 10
+4 34
+4 46
cob=(3)
cfi=(157)
cfn=(1072)
calls=2 0
* 63
* 4
+4 64
cob=(3)
cfi=(157)
cfn=(1072)
calls=5 0
* 153
* 10
+4 34
+4 46
cob=(3)
cfi=(157)
cfn=(1072)
calls=2 0
* 63
* 4
+4 46
cob=(3)
cfi=(157)
cfn=(1072)
calls=2 0
* 63
* 4
+4 64
cob=(3)
cfi=(157)
cfn=(1072)
calls=5 0
* 135
* 10
+4 70
cob=(3)
cfi=(157)
cfn=(1072)
calls=6 0
* 171
* 12
+4 64
cob=(3)
cfi=(157)
cfn=(1072)
calls=5 0
* 135
* 10
+4 58
cob=(3)
cfi=(157)
cfn=(1072)
calls=4 0
* 117
* 8
+4 70
cob=(3)
cfi=(157)
cfn=(1072)
calls=6 0
* 171
* 12
+6 34
+7 34
+8 306
667 17
340 12
+8 12
+9 3
cob=(3)
cfi=(157)
cfn=(1064)
calls=3 0
* 18
* 33
464 12
+7 12
+59 3
+1 3
+2 12
+5 12
+13 12
+4 12
+5 12
+5 12
+5 12
+18 24
+6 24
+8 24
+1 6
-1 6
+1 12
+1 6
-1 6
+9 15
+7 34
+13 1
+1 1
+23 1
+1 1
+2 1
+1 1
+4 18
+1 18
+1 57
+1 161

fn=(1060)
670 621320
+1 683452
+1 310660
cfn=(1062)
calls=62132 83
* 23723974
+1 434924

fn=(1068)
17 495732
+1 82622
cob=(3)
cfi=(157)
cfn=(1064)
calls=82622 -18
* 495732
* 963658
+1 165244

fl=(322) /app/src/parser/type/type_misc.c
fn=(1374) parse_type
16 660
+1 550
cfi=(289)
cfn=(1128)
calls=110 -1
* 868024
* 110
+2 330
cfi=(275)
cfn=(1136)
calls=110 446
* 26797
+1 220

fl=(317) /app/src/analysis/const_fold.c
fn=(1352) eval_const_int_expr
10 80
+1 16
+5 64
+3 32
+2 40
+1 16
192 40

fl=(230) /app/src/driver/../parser/../utils/zmap.h
fn=(804) zmap_init_PluginMap
1488 17
cfn=(806) zmap_init_ext_PluginMap
calls=1 *
* 43
* 6

fn=(800) zmap_init_FileSet
1488 51
cfn=(802) zmap_init_ext_FileSet
calls=3 *
* 129
* 18

fn=(806)
1488 43

fn=(796) zmap_init_SelMap
1488 17
cfn=(798) zmap_init_ext_SelMap
calls=1 *
* 43
* 6

fn=(802)
1488 129

fn=(792) zmap_init_ModMap
1488 17
cfn=(794) zmap_init_ext_ModMap
calls=1 *
* 43
* 6

fn=(798)
1488 43

fn=(794)
1488 43

fl=(188) /app/src/codegen/codegen_backend_lisp.c
fn=(610) codegen_register_lisp_backend
1570 3
+1 3
cfi=(183)
cfn=(600)
calls=1 29
* 24
+1 3

fl=(223) /app/src/utils/config.c
fn=(750) load_config_file
51 18
+1 15
cob=(3)
cfi=(157)
cfn=(752)
calls=3 -52
* 1891
* 3
+1 6
+2 6
+38 6

fn=(748) load_all_configs
96 10
+2 1
+1 3
cob=(3)
cfi=(157)
cfn=(698)
calls=1 -99
* 295
* 1
+1 2
+11 2
+3 8
cob=(3)
cfi=(157)
cfn=(672)
calls=1 0
* 402
+1 5
cfn=(750)
calls=1 -64
* 743
+5 5
cfn=(750)
calls=1 -69
* 601
+3 5
cfn=(750)
calls=1 -72
* 601
+1 6

fl=(217) /app/src/zen/zen_facts.c
fn=(726) zen_init
182 5
+2 1
cfi=(178)
cfn=(728)
calls=1 75
* 38
* 8
cfi=(178)
cfn=(734)
calls=1 -58
* 12
* 3
cob=(3)
cfi=(157)
cfn=(740)
calls=1 0
* 6234
+1 4

fn=(1838) zen_trigger_global
280 9
+1 8
+2 2
+52 6

fn=(1296) zen_trigger_at
225 2010
+1 1608
+2 402
+49 1206

fl=(298) /app/src/parser/expr/expr_helpers.c
fn=(1188) check_move_usage
431 10470
+3 2094
+2 2094
+6 4188

fn=(1308) check_opaque_alias_compat
28 231
+1 84
+5 189
+2 126
+1 126
+2 84
+2 105
+1 42
+31 126

fn=(1284) token_is_field_name
14 1971
+1 1971
+2 1314
+8 1314

fn=(1198) check_format_string
517 432
+1 288
+4 216
+1 288
+5 216
+1 144
+5 360
cob=(3)
cfi=(157)
cfn=(592)
calls=72 0
* 1763
* 474
cob=(3)
cfi=(157)
cfn=(592)
calls=66 0
* 1631
* 132
+1 330
cob=(3)
cfi=(157)
cfn=(592)
calls=66 0
* 1631
-1 132
+1 320
cob=(3)
cfi=(157)
cfn=(592)
calls=64 0
* 1723
* 128
+5 8
+1 40
cob=(3)
cfi=(157)
cfn=(592)
calls=8 0
* 194
* 46
cob=(3)
cfi=(157)
cfn=(592)
calls=6 0
* 132
* 12
+1 30
cob=(3)
cfi=(157)
cfn=(592)
calls=6 0
* 154
-1 12
+3 2
+3 6
+1 4
+1 4
-2 18
+1 12
+1 12
+2 4
+4 6
-6 32
+8 16
+5 64
+5 24
+2 24
+1 24
+2 16
+2 826
+2 13
+1 91
+4 91
+6 377
+1 65
-1 26
+7 26
cob=(3)
cfi=(157)
cfn=(1064)
calls=13 0
* 78
* 182
+5 91
+16 91
+25 413
+1 55
-1 22
+3 14
+4 30
+2 2
+2 2
+3 12
+2 4
-2 66
+2 22
+6 39
+1 65
cfi=(275)
cfn=(1136)
calls=13 446
* 11556
* 26
+2 114
+3 25
cfi=(275)
cfn=(1200)
calls=5 194
* 241
* 10
+5 16
+2 80
-7 10
+29 39
+1 26
572 1008
-35 128
701 216

fn=(1302) type_is_unsigned
445 905
+1 362
+5 362
+2 362
-2 1448
+1 346
-1 346
+1 976
+1 142
-1 142
+1 284
+1 142
-1 142
+1 44
+1 66
cob=(3)
cfi=(157)
cfn=(592)
calls=11 0
* 275
-1 22
+1 66
cob=(3)
cfi=(157)
cfn=(592)
calls=11 0
* 275
* 22
+1 66
cob=(3)
cfi=(157)
cfn=(592)
calls=11 0
* 275
-1 22
+1 30
cob=(3)
cfi=(157)
cfn=(592)
calls=5 0
* 110
* 10
+1 30
cob=(3)
cfi=(157)
cfn=(592)
calls=5 0
* 110
-1 10
-3 297
+5 362

fn=(1182) parse_call_args
184 2208
+1 920
+3 920
cfi=(252)
cfn=(1060)
calls=184 670
* 77551
* 552
+4 276
+1 1380
cfi=(252)
cfn=(1060)
calls=276 670
* 128787
+1 828
+2 840
cfi=(252)
cfn=(1184)
calls=168 676
* 125109
+1 504
+9 1380
cfi=(295)
cfn=(1161)
calls=276 12
* 6312852
* 276
+1 8556
cfn=(1188)
calls=276 431
* 2484
* 276
+2 1656
+2 636
cfi=(216)
cfn=(1178)
calls=106 57
* 41596
* 106
+1 212
+2 18
cfi=(216)
cfn=(1174)
calls=3 93
* 17808
* 3
+1 6
+2 3
+4 5
cfi=(299)
cfn=(1190)
calls=1 -12
* 14
* 525
cfi=(299)
cfn=(1190)
calls=105 -12
* 16593
* 212
+2 6
cfi=(216)
cfn=(1174)
calls=1 93
* 100
* 1
+1 2
+2 2
+6 1140
+2 672
+1 520
cfi=(275)
cfn=(1298)
calls=4 31
* 2271
* 8
+6 828
+2 328
+1 492
+4 336
+1 224
+3 896
cfi=(192)
cfn=(1192)
calls=112 67
* 20188
* 1312
cfi=(192)
cfn=(1192)
calls=164 67
* 24272
* 276
+1 1932
+1 828
+2 1380
cfi=(252)
cfn=(1060)
calls=276 670
* 78384
* 828
+2 560
cfi=(252)
cfn=(1062)
calls=112 83
* 28112
-67 112
+76 1656
+1 1288

fl=(184) /app/src/codegen/codegen_backend_cpp.c
fn=(602) codegen_register_cpp_backend
14 3
+1 3
cfi=(183)
cfn=(600)
calls=1 +14
* 24
+1 3

fl=(291)
fn=(1134) find_primitive_by_name
79 7775
+1 1555
+1 3110
+2 970749
cob=(3)
cfi=(157)
cfn=(592)
calls=74673 -83
* 1780412
* 149346
+2 5022
-4 301125
+7 997
+1 3110

fn=(1264)
111 2275
+1 1365
cfn=(1134)
calls=455 -33
* 1224171
* 455
+1 910
+4 1365
cfn=(1266) find_primitive_by_c_name
calls=455 -25
* 780876
* 455
+1 910
+2 576
+2 263
+1 910

fn=(1266)
92 2275
+1 455
+1 910
+2 234858
cob=(3)
cfi=(157)
cfn=(592)
calls=18066 -96
* 430484
* 36132
+2 1728
-4 72861
+7 263
+1 910

fn=(1248)
105 1335
+1 801
cfn=(1134)
calls=267 -27
* 643406
* 267
+1 855
+1 534

fl=(296) /app/src/parser/expr/expr_prec.c
fn=(1288) get_field_type
21 6570
+1 1314
+2 6
+4 2616
+20 654
+1 654
+1 3924
cfn=(1286) resolve_struct_name_from_type
calls=654 167
* 618722
* 654
+2 1308
+5 3270
cfi=(278)
cfn=(1268)
calls=654 437
* 237053
* 654
+1 1308
+6 26
+3 1923
+1 641
+2 7170
cob=(3)
cfi=(157)
cfn=(592)
calls=1195 -70
* 28346
* 2390
+6 1359
+2 2226
-10 2766
+16 188
+1 3285

fn=(1162) parse_expr_prec
372 11088
+1 9072
+6 6048
cfn=(1164) parse_expr_prec_impl
calls=1008 +10
* 70988493
* 1008
+1 5040
+1 2016
+4 1008
+1 6048

fn=(1163) parse_expr_prec'2
372 24211
+1 19809
+6 13206
cfn=(1165) parse_expr_prec_impl'2
calls=2201 +10
* 86401394
* 2201
+1 11005
+1 4402
+4 2201
+1 13206

fn=(1290) is_comparison_op
15 9030
+1 9030
cob=(3)
cfi=(157)
cfn=(592)
calls=1806 -16
* 41546
+1 3612
-1 8535
cob=(3)
cfi=(157)
cfn=(592)
calls=1707 -16
* 39258
* 11749
cob=(3)
cfi=(157)
cfn=(592)
calls=1667 -16
* 38316
* 3334
+1 7745
cob=(3)
cfi=(157)
cfn=(592)
calls=1549 -17
* 35582
-1 3098
+1 7545
cob=(3)
cfi=(157)
cfn=(592)
calls=1509 -17
* 34664
* 10418
cob=(3)
cfi=(157)
cfn=(592)
calls=1480 -17
* 33968
* 5132
+1 3612

fn=(1286)
167 24596
+1 4472
+2 116
+2 2178
+1 4356
+1 4356
+2 8712
+7 17766
+8 2178
+1 8712
+2 3378
cfi=(278)
cfn=(1372)
calls=563 -57
* 1468046
* 563
+3 4356
+68 2178
+1 15172
+2 1126
+1 3941
+1 1689
+2 6460
+1 3018
-1 2012
+1 75
+2 2973
+1 8919
+1 1982
+2 4356
+2 6216
+53 13986
cob=(3)
cfi=(157)
cfn=(710)
calls=1554 0
* 35782
* 3108
+28 6216
+4 2178
+1 11180

fn=(1292) get_operator_method
88 4775
+2 4775
cob=(3)
cfi=(157)
cfn=(592)
calls=955 -90
* 22567
* 1910
+2 384
+2 3815
cob=(3)
cfi=(157)
cfn=(592)
calls=763 -94
* 17946
* 1526
+2 118
+2 3520
cob=(3)
cfi=(157)
cfn=(592)
calls=704 -98
* 16473
* 1408
+2 78
+2 3325
cob=(3)
cfi=(157)
cfn=(592)
calls=665 0
* 15549
* 1330
+2 6
+2 3310
cob=(3)
cfi=(157)
cfn=(592)
calls=662 0
* 15483
* 1324
+2 2
+2 3305
cob=(3)
cfi=(157)
cfn=(592)
calls=661 0
* 15461
* 1322
+6 3305
cob=(3)
cfi=(157)
cfn=(592)
calls=661 0
* 15153
* 1322
+2 116
+2 3015
cob=(3)
cfi=(157)
cfn=(592)
calls=603 0
* 13822
* 1206
+2 56
+2 2875
cob=(3)
cfi=(157)
cfn=(592)
calls=575 0
* 13166
* 1150
+2 122
+2 2570
cob=(3)
cfi=(157)
cfn=(592)
calls=514 0
* 11755
* 1028
+2 46
+2 2455
cob=(3)
cfi=(157)
cfn=(592)
calls=491 0
* 11230
* 982
+2 32
+2 2375
cob=(3)
cfi=(157)
cfn=(592)
calls=475 0
* 10849
* 950
+2 40
+3 2275
cob=(3)
cfi=(157)
cfn=(592)
calls=455 0
* 10596
* 910
+2 158
+2 1880
cob=(3)
cfi=(157)
cfn=(592)
calls=376 0
* 8736
* 752
+2 96
+2 1640
cob=(3)
cfi=(157)
cfn=(592)
calls=328 0
* 7629
* 656
+2 22
+2 1585
cob=(3)
cfi=(157)
cfn=(592)
calls=317 0
* 7387
* 634
+2 60
+2 1435
cob=(3)
cfi=(157)
cfn=(592)
calls=287 0
* 6716
* 574
+2 64
+3 255
+1 1910

fn=(1164)
389 20160
+1 5040
cfi=(252)
cfn=(1060)
calls=1008 670
* 642651
+1 1008
+3 3024
663 3520
cfi=(279)
cfn=(1126)
calls=31 224
* 1601
* 93
+2 220
+1 100
cfi=(252)
cfn=(1062)
calls=20 83
* 13215
+1 100
cfi=(252)
cfn=(1060)
calls=20 +3
* 27318
+2 84
+2 80
cfi=(252)
cfn=(1062)
calls=16 83
* 12087
+1 80
cfi=(252)
cfn=(1062)
calls=16 83
* 24858
+2 224
cfi=(279)
cfn=(1084)
calls=16 238
* 3808
* 32
+1 80
+3 16
+1 80
cfi=(252)
cfn=(1060)
calls=16 -9
* 4544
* 48
+6 384
cfi=(319) /app/src/parser/stmt/stmt_misc.c
cfn=(1358) process_printf_sugar
calls=16 88
* 430295
* 32
+4 32
cfi=(275)
cfn=(1046)
calls=16 89
* 3056
* 16
+1 176
+1 48
cob=(3)
cfi=(157)
cfn=(626)
calls=16 0
* 533
* 48
cfi=(192)
cfn=(630)
calls=16 51
* 2144
* 16
+1 112
cob=(3)
cfi=(157)
cfn=(1140)
calls=16 0
* 6941
+2 48
+1 32
+5 2976
826 3216
cfi=(279)
cfn=(1126)
calls=15 224
* 766
* 269
cfi=(279)
cfn=(1126)
calls=14 224
* 718
* 202
cfi=(279)
cfn=(1126)
calls=10 224
* 514
* 30
+1 96
cfi=(279)
cfn=(1126)
calls=6 224
* 312
* 6
-1 12
+3 977
-1 1954
+3 75
cfi=(252)
cfn=(1062)
calls=15 83
* 5119
+3 240
cfi=(279)
cfn=(1126)
calls=15 224
* 465
* 45
+20 90
cfn=(1163)
calls=15 372
* 426343
* 15
+1 30
+6 270
cfi=(279)
cfn=(1126)
calls=15 224
* 771
* 69
+2 6
cfi=(216)
cfn=(1174)
calls=1 93
* 256
* 1
+1 6
+9 15
+1 240
cfi=(279)
cfn=(1126)
calls=15 224
* 766
* 45
+2 2
+2 16
cfi=(279)
cfn=(1126)
calls=1 224
* 51
* 224
cfi=(279)
cfn=(1126)
calls=14 224
* 718
* 78
+2 8
+2 64
cfi=(279)
cfn=(1126)
calls=4 224
* 204
* 176
cfi=(279)
cfn=(1126)
calls=11 224
* 561
* 45
+5 50
+2 15
+1 5
+1 5
+1 30
cfn=(1286)
calls=5 167
* 270
* 5
+2 10
+60 30
cfi=(275)
cfn=(1046)
calls=15 89
* 2865
* 15
+1 165
+1 45
+6 210
cfi=(279)
cfn=(1118)
calls=15 230
* 2835
* 45
+2 45
+2 60
+2 240
cfi=(279)
cfn=(1126)
calls=15 224
* 771
* 45
+2 24
cfi=(275)
cfn=(1044)
calls=6 130
* 1248
* 12
830 6
972 144
cfi=(279)
cfn=(1126)
calls=9 224
* 463
* 27
+2 20
+2 20
830 4
981 20
830 5
989 15632
cfi=(279)
cfn=(1126)
calls=977 224
* 30620
* 2931
+22 15632
cfi=(279)
cfn=(1126)
calls=977 224
* 30373
* 2931
+16 15632
cfi=(279)
cfn=(1126)
calls=977 224
* 30980
* 2931
+22 15632
cfi=(279)
cfn=(1126)
calls=977 224
* 34570
* 2931
+26 15632
cfi=(279)
cfn=(1126)
calls=977 224
* 34931
* 2931
+2 20
cfi=(252)
cfn=(1062)
calls=4 83
* 2206
+1 68
cfi=(300)
cfn=(1326)
calls=4 885
* 72405
* 12
830 30
1082 4865
cfi=(297) /app/src/parser/expr/expr_primary.c
cfn=(1166) parse_primary
calls=973 16
* 38323423
* 973
+1 1946
+9 9310
cfi=(252)
cfn=(1060)
calls=1862 670
* 555016
+2 9310
+6 26068
cfi=(295)
cfn=(1186) get_token_precedence
calls=1862 25
* 1004034
* 3724
+3 7533
+1 60
-1 60
+1 25
+1 56
-1 56
+1 5
+2 15
cfi=(252)
cfn=(1062)
calls=3 83
* 708
+1 6
cfi=(275)
cfn=(1046)
calls=3 89
* 573
* 3
+1 33
+1 18
cfi=(192)
cfn=(624)
calls=2 91
* 392
* 5
cfi=(192)
cfn=(624)
calls=1 91
* 196
* 6
+1 9
+1 12
+1 6
+1 3
+3 6319
+6 2601
+61 2601
+50 2601
+70 15538
cfi=(279)
cfn=(1126)
calls=646 224
* 21025
* 1938
+23 4335
cfi=(252)
cfn=(1062)
calls=867 83
* 236397
+3 2601
+2 272
cfi=(275)
cfn=(1046)
calls=136 89
* 25976
* 136
+1 1496
+3 136
+1 136
+1 136
+2 544
+2 544
+1 136
+1 136
+2 1070
cfn=(1286)
calls=133 167
* 235037
* 136
-1 3
+3 6
-3 133
+3 266
+3 1463
cob=(3)
cfi=(157)
cfn=(672)
calls=133 0
* 79285
+1 399
cfi=(192)
cfn=(1274)
calls=133 104
* 60005
* 133
+2 665
cfi=(278)
cfn=(1170)
calls=133 800
* 508764
* 133
+2 266
+3 24
+1 8
+2 351
+2 95
+1 133
cob=(3)
cfi=(157)
cfn=(592)
calls=19 0
* 451
-1 38
+19 117
-23 94
+27 266
+4 125
+1 500
+5 625
+5 500
+4 500
+4 500
+3 125
+1 625
+2 500
+3 875
cob=(3)
cfi=(157)
cfn=(592)
calls=125 0
* 3011
* 250
+7 250
+9 375
cfi=(192)
cfn=(624)
calls=125 91
* 24158
* 125
+1 250
+3 250
+2 375
+3 1125
+1 500
-1 250
+3 375
+4 154
+3 154
-2 152
-1 152
+2 152
-1 152
+2 152
-1 152
+1 382
-4 76
+6 152
cfi=(275)
cfn=(1046)
calls=76 89
* 14516
-6 1
+6 2
cfi=(275)
cfn=(1046)
calls=1 89
* 191
* 77
+1 157
cfi=(192)
cfn=(624)
calls=1 91
* 196
* 229
cfi=(192)
cfn=(624)
calls=76 91
* 14972
* 154
+1 231
+1 231
cfi=(275)
cfn=(1044)
calls=77 130
* 16016
* 154
+1 154
-13 77
+17 96
-17 48
+49 272
+2 250
cfi=(275)
cfn=(1046)
calls=125 89
* 23875
* 125
+1 375
+1 500
+4 33
+3 22
+1 11
+1 11
+1 11
+2 55
cfi=(252)
cfn=(1060)
calls=11 670
* 4383
-5 250
+1 125
+1 125
+1 125
+2 625
cfi=(252)
cfn=(1060)
calls=125 670
* 45556
* 408
+4 106
+3 530
cfi=(252)
cfn=(1060)
calls=106 670
* 44203
+1 318
+3 335
cfi=(252)
cfn=(1184)
calls=67 676
* 49950
+1 201
+9 530
cfi=(295)
cfn=(1161)
calls=106 12
* 4429709
* 106
+3 3286
cfi=(298)
cfn=(1188)
calls=106 431
* 954
* 106
+1 636
+2 264
cfi=(216)
cfn=(1178)
calls=44 57
* 7047
* 44
+1 88
+2 18
cfi=(216)
cfn=(1174)
calls=3 93
* 300
* 3
+1 6
+2 9
+4 15
cfi=(299)
cfn=(1190)
calls=3 209
* 42
* 205
cfi=(299)
cfn=(1190)
calls=41 209
* 9839
* 88
+10 212
+2 267
+4 51
+2 34
+3 136
cfi=(192)
cfn=(1192)
calls=17 67
* 3075
-3 178
+3 712
cfi=(192)
cfn=(1192)
calls=89 67
* 13172
* 106
+1 742
+1 106
+2 530
cfi=(252)
cfn=(1060)
calls=106 670
* 30104
* 318
+2 85
cfi=(252)
cfn=(1062)
calls=17 83
* 4267
-61 17
+69 680
cfi=(252)
cfn=(1062)
calls=136 83
* 34136
* 408
+6 272
+2 375
+1 250
+1 125
+2 250
+14 408
+1 680
+1 408
+2 408
cfi=(192)
cfn=(624)
calls=136 91
* 26656
* 272
+2 272
+2 500
+1 500
+2 500
cfi=(275)
cfn=(1136)
calls=125 446
* 33285
* 375
+3 44
+6 272
+1 136
+4 14587
cfi=(279)
cfn=(1126)
calls=646 224
* 32406
* 1938
+2 45
+1 45
+1 45
+3 180
+11 225
cfi=(252)
cfn=(1060)
calls=45 670
* 17132
* 360
cfi=(252)
cfn=(1060)
calls=45 670
* 17132
* 135
+12 225
cfi=(295)
cfn=(1161)
calls=45 12
* 473685
* 45
+1 225
cfi=(252)
cfn=(1060)
calls=45 670
* 12780
* 360
cfi=(252)
cfn=(1060)
calls=45 670
* 12780
* 135
+12 45
+1 45
+1 45
+1 90
+2 270
cfi=(252)
cfn=(1060)
calls=45 670
* 12780
* 135
+17 225
cfi=(252)
cfn=(1062)
calls=45 83
* 11295
* 135
+5 90
+40 90
cfi=(275)
cfn=(1046)
calls=45 89
* 8595
* 45
+1 495
+1 135
+1 135
+1 135
+1 180
+2 45
+1 135
+1 45
+2 90
+2 180
+15 270
+2 135
+1 270
cob=(3)
cfi=(157)
cfn=(1072)
calls=45 0
* 1319
* 90
+4 225
cfi=(278)
cfn=(1268)
calls=45 437
* 876381
* 45
+1 90
+8 90
+2 270
cfi=(278)
cfn=(1268)
calls=45 437
* 876381
* 45
+1 90
+8 90
1985 405
+1 87
-1 58
+3 212
+2 72
+1 168
+8 180
+1 135
-1 90
+1 80
+2 225
+2 180
+5 90
+2 45
+4 12394
cfi=(279)
cfn=(1126)
calls=646 224
* 32751
* 1938
+2 1725
cfi=(252)
cfn=(1062)
calls=345 83
* 179467
+1 4830
cfi=(298)
cfn=(1284)
calls=345 14
* 3450
* 1035
+5 690
cfi=(275)
cfn=(1046)
calls=345 89
* 66304
* 345
+1 3795
+1 1035
+1 4830
cfi=(279)
cfn=(1118)
calls=345 230
* 65931
* 1035
+1 690
+3 345
+1 345
+2 2415
cfn=(1286)
calls=345 167
* 408312
* 345
+1 690
+2 1710
cfi=(278)
cfn=(1268)
calls=342 437
* 133858
* 342
+1 3388
+16 4830
cfi=(279)
cfn=(1118)
calls=345 230
* 65931
* 1035
+1 690
+2 3090
+2 406
+3 1218
cob=(3)
cfi=(157)
cfn=(592)
calls=203 0
* 4883
* 431
cfi=(252)
cfn=(1060)
calls=5 670
* 1420
* 15
+19 568
+2 492
cfi=(216)
cfn=(1180)
calls=82 76
* 28223
* 82
+1 484
cob=(3)
cfi=(157)
cfn=(710)
calls=80 0
* 1840
* 160
+25 492
cob=(3)
cfi=(157)
cfn=(592)
calls=82 0
* 1936
* 164
-47 203
+53 1624
cfn=(1288)
calls=203 21
* 84293
* 1136
cfn=(1288)
calls=142 21
* 479940
* 690
+2 1932
+2 135
+1 405
+1 540
+2 328
+2 689
+2 212
+3 270
+3 1485
cob=(3)
cfi=(157)
cfn=(672)
calls=135 0
* 80482
+1 405
cfi=(192)
cfn=(1274)
calls=135 104
* 60661
* 135
+2 675
cfi=(278)
cfn=(1170)
calls=135 800
* 552846
* 135
+2 270
+3 33
+1 11
+2 513
+2 108
+1 189
cob=(3)
cfi=(157)
cfn=(592)
calls=27 0
* 627
* 54
+18 171
-23 136
+27 270
+4 248
cfi=(275)
cfn=(1032)
calls=124 109
* 24304
* 124
+1 372
cfi=(192)
cfn=(624)
calls=124 91
* 23966
* 248
+1 496
+1 372
+5 1380
+2 1324
cfi=(275)
cfn=(1136)
calls=331 446
* 289789
* 993
+4 42
cfi=(192)
cfn=(624)
calls=14 91
* 2744
* 28
+4 70
cfi=(252)
cfn=(1060)
calls=14 670
* 4108
* 1655
cfi=(252)
cfn=(1060)
calls=331 670
* 97570
* 1035
+2 22
+1 10
cfi=(252)
cfn=(1062)
calls=2 83
* 551
+2 2
+1 6
+1 4
+5 10
cfi=(322)
cfn=(1374)
calls=2 16
* 15820
+1 10
cfi=(252)
cfn=(1060)
calls=2 670
* 612
* 6
+5 10
cfi=(252)
cfn=(1060)
calls=2 670
* 612
* 6
+2 1
+2 3
+2 6
+2 4
+2 5
cfi=(252)
cfn=(1062)
calls=1 83
* 256
+2 1
+1 5
cfi=(192)
cfn=(630)
calls=1 51
* 134
* 1
+1 5
cfi=(192)
cfn=(630)
calls=1 51
* 134
* 1
+1 1
+3 3
+6 5
cfi=(289)
cfn=(1128)
calls=1 16
* 5803
* 1
+1 8
cfi=(275)
cfn=(1136)
calls=1 446
* 241
* 1
+1 8
cfi=(275)
cfn=(1236)
calls=1 747
* 241
* 1
+1 1
+1 5
cfi=(252)
cfn=(1060)
calls=1 670
* 289
* 3
+6 1
+3 5
cfi=(252)
cfn=(1062)
calls=1 83
* 256
* 3
+6 1
+1 1
+5 1
+1 4
+2 5
+4 10
+1 4
-1 2
+3 5
+4 2
+3 11
cob=(3)
cfi=(157)
cfn=(672)
calls=1 0
* 595
+1 3
cfi=(192)
cfn=(1274)
calls=1 104
* 515
* 1
+3 2
+1 3
cfi=(192)
cfn=(630)
calls=1 51
* 134
* 1
+1 3
cfi=(192)
cfn=(630)
calls=1 51
* 134
* 1
+1 2
+1 2
+1 2
+2 2
+15 3
cob=(3)
cfi=(157)
cfn=(626)
calls=1 0
* 16
* 9
cob=(3)
cfi=(157)
cfn=(626)
calls=1 0
* 16
* 4
+5 3
cob=(3)
cfi=(157)
cfn=(626)
calls=1 0
* 16
* 9
cob=(3)
cfi=(157)
cfn=(626)
calls=1 0
* 16
* 4
+5 10
cob=(3)
cfi=(157)
cfn=(1146)
calls=1 0
* 36
+1 10
cob=(3)
cfi=(157)
cfn=(1146)
calls=1 0
* 36
-28 7
+35 6
cfi=(323)
cfn=(1376)
calls=1 1970
* 311610
* 1
+2 2
+2 5
cob=(3)
cfi=(157)
cfn=(720)
calls=1 0
* 51
* 1
+1 2
+3 4
cfi=(192)
cfn=(624)
calls=1 91
* 192
* 2
+3 2
cfi=(275)
cfn=(1032)
calls=1 109
* 196
* 1
+1 3
cfi=(192)
cfn=(624)
calls=1 91
* 192
* 2
+1 5
cfi=(278)
cfn=(1170)
calls=1 800
* 141
* 1
+1 2
+2 4
+2 3
+18 2
+1 1
-1 688
+1 344
+3 1023
+1 5839
cfi=(279)
cfn=(1126)
calls=301 224
* 10339
* 5719
cfi=(279)
cfn=(1126)
calls=301 224
* 9331
* 903
+5 2046
cfn=(1163)
calls=341 372
* 16313365
* 341
+1 682
+6 682
cfi=(275)
cfn=(1046)
calls=341 89
* 65131
* 341
+1 3751
+1 1023
+2 4816
cfi=(279)
cfn=(1126)
calls=301 224
* 14815
* 5655
cfi=(279)
cfn=(1126)
calls=297 224
* 14609
* 5611
cfi=(279)
cfn=(1126)
calls=295 224
* 14516
* 885
+2 68
+2 340
cfi=(217)
cfn=(1296)
calls=17 225
* 442
* 17
-2 17
+5 4544
cfi=(279)
cfn=(1126)
calls=284 224
* 9812
* 5396
cfi=(279)
cfn=(1126)
calls=284 224
* 9812
* 852
+8 1023
+1 1023
+3 5839
cfi=(279)
cfn=(1126)
calls=301 224
* 15043
* 903
+3 3944
cfi=(298)
cfn=(1188)
calls=232 431
* 2088
* 232
+3 928
+2 246
cfi=(216)
cfn=(1178)
calls=41 57
* 42986
* 41
+2 82
+2 42
cfi=(216)
cfn=(1174)
calls=7 93
* 5988
* 7
+1 14
+2 9
+4 15
cfi=(299)
cfn=(1190)
calls=3 209
* 42
* 190
cfi=(299)
cfn=(1190)
calls=38 209
* 85294
* 82
+11 928
+2 624
cfi=(216)
cfn=(1174)
calls=104 93
* 18850
* 104
+1 208
+2 208
+5 104
+1 104
+1 416
-2 128
+1 128
+1 512
+2 624
cfi=(216)
cfn=(1180)
calls=104 76
* 40436
* 104
+2 976
+2 159
+2 764
+2 300
cfi=(275)
cfn=(1136)
calls=75 446
* 18174
* 75
+1 75
+3 464
+2 464
+1 1392
cob=(3)
cfi=(157)
cfn=(1072)
calls=232 0
* 6758
* 464
+5 696
cfi=(275)
cfn=(1298)
calls=232 31
* 114861
* 464
+13 1853
cfi=(298)
cfn=(1188)
calls=109 431
* 981
* 109
+1 1853
cfi=(298)
cfn=(1188)
calls=109 431
* 981
* 218
-77 232
+80 1023
+2 105
cfi=(192)
cfn=(624)
calls=35 91
* 6895
* 105
+2 918
+2 15
cfi=(192)
cfn=(624)
calls=5 91
* 985
* 15
+2 903
+4 903
+6 4214
cfi=(279)
cfn=(1118)
calls=301 230
* 56993
* 903
+3 1204
cfn=(1290)
calls=301 15
* 54236
* 160
cfn=(1290)
calls=40 15
* 4159
* 682
+3 412
+2 196
cob=(3)
cfi=(157)
cfn=(592)
calls=28 0
* 659
* 56
+14 136
-14 28
+32 448
cfi=(298)
cfn=(1302)
calls=50 445
* 1683
* 100
+2 180
+1 12
-1 12
+3 12
cob=(3)
cfi=(157)
cfn=(592)
calls=2 0
* 44
* 4
+4 12
cob=(3)
cfi=(157)
cfn=(592)
calls=2 0
* 44
* 4
+8 2046
cob=(3)
cfi=(157)
cfn=(592)
calls=341 0
* 8434
* 1336
cob=(3)
cfi=(157)
cfn=(592)
calls=109 0
* 2972
* 218
+1 636
cob=(3)
cfi=(157)
cfn=(592)
calls=106 0
* 2895
-1 212
+1 636
cob=(3)
cfi=(157)
cfn=(592)
calls=106 0
* 2895
* 212
+1 636
cob=(3)
cfi=(157)
cfn=(592)
calls=106 0
* 2895
-1 212
+4 940
+3 636
cfi=(216)
cfn=(1178)
calls=106 57
* 19750
* 106
+1 636
+5 744
+2 252
+1 126
+2 1196
+2 288
+2 908
+2 303
-8 598
+12 126
+3 756
+2 756
cfi=(216)
cfn=(1178)
calls=126 57
* 25007
* 126
+1 752
+9 341
+1 1364
cob=(3)
cfi=(157)
cfn=(626)
calls=341 0
* 5460
* 341
+3 898
+2 100
+1 102
+2 3
+3 18
cob=(3)
cfi=(157)
cfn=(592)
calls=3 0
* 66
* 132
cob=(3)
cfi=(157)
cfn=(592)
calls=22 0
* 568
* 200
cob=(3)
cfi=(157)
cfn=(592)
calls=25 0
* 634
* 50
+6 682
+2 6
cfi=(275)
cfn=(1046)
calls=3 89
* 573
* 3
+1 9
+1 9
+3 9
+1 12
cfi=(192)
cfn=(630)
calls=3 51
* 402
* 3
+1 21
cob=(3)
cfi=(157)
cfn=(586)
calls=3 0
* 90
+1 12
+1 9
+3 45
cfi=(275)
cfn=(1294)
calls=3 340
* 407
* 6
+2 12
+3 9
cfn=(1292)
calls=3 88
* 114
* 3
+1 6
+2 9
+1 3
+1 3
+2 18
cfn=(1286)
calls=3 167
* 162
* 3
+2 6
+50 9
cfi=(192)
cfn=(624)
calls=3 91
* 591
* 6
+1 9
+4 18
cob=(3)
cfi=(157)
cfn=(592)
calls=3 0
* 77
* 2028
cob=(3)
cfi=(157)
cfn=(592)
calls=338 0
* 8368
* 1622
+73 1364
cfn=(1292)
calls=341 88
* 150405
* 341
+2 682
+2 312
+1 104
+1 104
+2 624
cfn=(1286)
calls=104 167
* 5354
* 104
+5 318
+1 18
cob=(3)
cfi=(157)
cfn=(592)
calls=3 0
* 66
-1 6
+1 6
cob=(3)
cfi=(157)
cfn=(592)
calls=1 0
* 22
* 2
+2 3
+1 3
+4 21
cfn=(1286)
calls=3 167
* 60
* 3
+7 9
+11 208
+3 30
cob=(3)
cfi=(157)
cfn=(672)
calls=3 0
* 1803
+1 9
cfi=(192)
cfn=(1274)
calls=3 104
* 841
* 3
+2 15
cfi=(278)
cfn=(1170)
calls=3 800
* 8496
* 3
+2 6
+3 9
+1 3
+2 90
+2 16
+1 28
cob=(3)
cfi=(157)
cfn=(592)
calls=4 0
* 132
* 8
+17 30
-22 26
+26 6
2954 2656
+3 1740
+8 1444
+11 1740
+1 420
-1 280
+19 1444
+1 198
-1 132
+18 1180
cfn=(1290)
calls=295 15
* 51954
* 590
+2 82
cfi=(275)
cfn=(1032)
calls=41 109
* 7954
* 82
+1 164
cfi=(275)
cfn=(1136)
calls=41 446
* 9876
* 41
+1 164
cfi=(275)
cfn=(1136)
calls=41 446
* 9914
* 41
+3 205
cob=(3)
cfi=(157)
cfn=(592)
calls=41 0
* 1053
* 287
cob=(3)
cfi=(157)
cfn=(592)
calls=41 0
* 1033
* 164
+1 410
+5 123
cob=(3)
cfi=(157)
cfn=(626)
calls=41 0
* 660
* 205
cob=(3)
cfi=(157)
cfn=(626)
calls=41 0
* 656
* 82
+6 82
+3 123
+1 205
-1 82
+1 246
cob=(3)
cfi=(157)
cfn=(710)
calls=41 0
* 951
* 123
-2 41
+4 123
+1 205
-1 82
+1 246
cob=(3)
cfi=(157)
cfn=(710)
calls=41 0
* 943
* 123
-2 41
+4 82
+4 82
+6 164
cfi=(275)
cfn=(1200)
calls=41 194
* 2413
* 205
+1 164
cfi=(275)
cfn=(1200)
calls=41 194
* 2085
* 205
+2 369
cfi=(275)
cfn=(1294)
calls=41 340
* 5933
* 82
+24 1778
cfi=(275)
cfn=(1294)
calls=254 340
* 29198
* 508
+1 24
cfi=(298)
cfn=(1308)
calls=3 28
* 159
-1 6
+3 1270
3302 1023
+2 1984
1091 529
3305 10080

fn=(1165)
389 44020
+1 11005
cfi=(252)
cfn=(1060)
calls=2201 670
* 927664
+1 2201
+3 6603
663 7307
cfi=(279)
cfn=(1126)
calls=44 224
* 2254
* 132
+2 110
+1 50
cfi=(252)
cfn=(1062)
calls=10 83
* 2430
+1 50
cfi=(252)
cfn=(1060)
calls=10 +3
* 5809
+2 90
+31 6603
826 7307
cfi=(279)
cfn=(1126)
calls=44 224
* 2246
* 804
cfi=(279)
cfn=(1126)
calls=42 224
* 2152
* 638
cfi=(279)
cfn=(1126)
calls=32 224
* 1640
* 96
+1 384
cfi=(279)
cfn=(1126)
calls=24 224
* 1243
* 24
-1 48
+1 80
cfi=(279)
cfn=(1126)
calls=5 224
* 260
* 15
+2 2157
-1 4314
+3 220
cfi=(252)
cfn=(1062)
calls=44 83
* 11317
+3 704
cfi=(279)
cfn=(1126)
calls=44 224
* 1364
* 132
+20 264
cfn=(1163)
calls=44 372
* 1250781
* 44
+1 88
+6 792
cfi=(279)
cfn=(1126)
calls=44 224
* 2263
* 208
+2 36
cfi=(216)
cfn=(1174)
calls=6 93
* 792
* 6
+1 36
+9 44
+1 704
cfi=(279)
cfn=(1126)
calls=44 224
* 2246
* 132
+2 4
+2 32
cfi=(279)
cfn=(1126)
calls=2 224
* 102
* 672
cfi=(279)
cfn=(1126)
calls=42 224
* 2152
* 234
+2 20
+2 160
cfi=(279)
cfn=(1126)
calls=10 224
* 510
* 544
cfi=(279)
cfn=(1126)
calls=34 224
* 1739
* 132
+2 10
+3 156
+2 51
+1 17
+1 17
+1 102
cfn=(1286)
calls=17 167
* 918
* 17
+2 34
+60 88
cfi=(275)
cfn=(1046)
calls=44 89
* 8404
* 44
+1 484
+1 132
+6 616
cfi=(279)
cfn=(1118)
calls=44 230
* 8312
* 132
+2 132
+2 176
+2 672
cfi=(279)
cfn=(1126)
calls=42 224
* 2159
* 126
+2 68
cfi=(275)
cfn=(1044)
calls=17 130
* 3536
* 34
830 17
972 400
cfi=(279)
cfn=(1126)
calls=25 224
* 1283
* 75
+2 40
+2 40
830 8
981 68
830 17
985 2
830 2
989 34512
cfi=(279)
cfn=(1126)
calls=2157 224
* 67808
* 6471
+22 34512
cfi=(279)
cfn=(1126)
calls=2157 224
* 67587
* 6471
+16 34512
cfi=(279)
cfn=(1126)
calls=2157 224
* 67947
* 6471
+22 34512
cfi=(279)
cfn=(1126)
calls=2157 224
* 68805
* 6471
+26 34512
cfi=(279)
cfn=(1126)
calls=2157 224
* 68925
* 6471
+2 140
cfi=(252)
cfn=(1062)
calls=28 83
* 15144
+1 476
cfi=(300)
cfn=(1326)
calls=28 885
* 500407
* 84
830 88
1082 10645
cfi=(297)
cfn=(1166)
calls=676 16
* 18333453
cfi=(297)
cfn=(1167) parse_primary'2
calls=1453 16
* 41629360
* 2129
+1 4258
+9 16130
cfi=(252)
cfn=(1060)
calls=3226 670
* 952834
+2 16145
+6 45164
cfi=(295)
cfn=(1186)
calls=3226 25
* 2005986
* 6452
+3 12735
+1 450
-1 450
+2 450
-1 450
+13 9965
+6 3075
+61 3075
+50 3075
+70 20214
cfi=(279)
cfn=(1126)
calls=879 224
* 33971
* 2637
+23 5125
cfi=(252)
cfn=(1062)
calls=1025 83
* 285739
+3 3075
+2 118
cfi=(275)
cfn=(1046)
calls=59 89
* 11269
* 59
+1 649
+3 59
+1 59
+1 59
+2 236
+2 236
+1 59
+1 59
+2 472
cfn=(1286)
calls=59 167
* 95449
* 59
-1 59
+3 118
+3 649
cob=(3)
cfi=(157)
cfn=(672)
calls=59 0
* 35249
+1 177
cfi=(192)
cfn=(1274)
calls=59 104
* 25511
* 59
+2 295
cfi=(278)
cfn=(1170)
calls=59 800
* 256009
* 59
+2 118
+3 9
+1 3
+2 108
+2 30
+1 42
cob=(3)
cfi=(157)
cfn=(592)
calls=6 0
* 132
-1 12
+19 36
-23 30
+27 118
+4 56
+1 224
+5 280
+5 224
+4 224
+4 224
+3 56
+1 280
+2 224
+3 392
cob=(3)
cfi=(157)
cfn=(592)
calls=56 0
* 1267
* 112
+7 112
+9 168
cfi=(192)
cfn=(624)
calls=56 91
* 10848
* 56
+1 112
+3 112
+2 168
+3 504
+1 224
-1 112
+3 168
+4 60
+3 60
-2 60
-1 60
+2 60
-1 60
+2 60
-1 60
+1 150
-4 30
+6 60
cfi=(275)
cfn=(1046)
calls=30 89
* 5730
* 30
+1 150
cfi=(192)
cfn=(624)
calls=30 91
* 5910
* 60
+1 90
+1 90
cfi=(275)
cfn=(1044)
calls=30 130
* 6240
* 60
+1 60
-13 30
+17 52
-17 26
+49 118
+2 112
cfi=(275)
cfn=(1046)
calls=56 89
* 10696
* 56
+1 168
+1 224
+4 9
+3 6
+1 3
+1 3
+1 3
+2 15
cfi=(252)
cfn=(1060)
calls=3 670
* 852
-5 112
+1 56
+1 56
+1 56
+2 280
cfi=(252)
cfn=(1060)
calls=56 670
* 19252
* 177
+4 40
+3 200
cfi=(252)
cfn=(1060)
calls=40 670
* 15047
+1 120
+3 190
cfi=(252)
cfn=(1184)
calls=38 676
* 24689
+1 114
+9 200
cfi=(295)
cfn=(1161)
calls=40 12
* 1129022
* 40
+3 1240
cfi=(298)
cfn=(1188)
calls=40 431
* 360
* 40
+1 240
+2 96
cfi=(216)
cfn=(1178)
calls=16 57
* 2348
* 16
+1 32
+9 80
cfi=(299)
cfn=(1190)
calls=16 209
* 800
* 32
+10 80
+2 114
+4 6
+2 4
+3 16
cfi=(192)
cfn=(1192)
calls=2 67
* 362
-3 76
+3 304
cfi=(192)
cfn=(1192)
calls=38 67
* 5624
* 40
+1 280
+1 40
+2 200
cfi=(252)
cfn=(1060)
calls=40 670
* 11360
* 120
+2 10
cfi=(252)
cfn=(1062)
calls=2 83
* 502
-61 2
+69 295
cfi=(252)
cfn=(1062)
calls=59 83
* 14809
* 177
+6 118
+2 168
+1 112
+1 56
+2 112
+14 177
+1 295
+1 177
+2 177
cfi=(192)
cfn=(624)
calls=59 91
* 11564
* 118
+2 118
+2 224
+1 224
+2 224
cfi=(275)
cfn=(1136)
calls=56 446
* 25368
* 168
+3 12
+6 118
+1 59
+4 19731
cfi=(279)
cfn=(1126)
calls=879 224
* 41229
* 2637
+2 43
+1 43
+1 43
+3 176
+11 215
cfi=(252)
cfn=(1060)
calls=43 670
* 15817
* 344
cfi=(252)
cfn=(1060)
calls=43 670
* 15817
* 129
+12 215
cfi=(295)
cfn=(1161)
calls=43 12
* 373975
* 43
+1 215
cfi=(252)
cfn=(1060)
calls=43 670
* 12212
* 344
cfi=(252)
cfn=(1060)
calls=43 670
* 12212
* 129
+12 43
+1 43
+1 43
+1 86
+2 258
cfi=(252)
cfn=(1060)
calls=43 670
* 12212
* 129
+17 215
cfi=(252)
cfn=(1062)
calls=43 83
* 10793
* 129
+5 86
+40 86
cfi=(275)
cfn=(1046)
calls=43 89
* 8213
* 43
+1 473
+1 129
+1 129
+1 129
+1 172
+2 43
+1 129
+1 43
+2 86
+2 168
+15 258
+2 129
+1 258
cob=(3)
cfi=(157)
cfn=(1072)
calls=43 0
* 1247
* 86
+4 215
cfi=(278)
cfn=(1268)
calls=43 437
* 857786
* 43
+1 86
+8 86
+2 258
cfi=(278)
cfn=(1268)
calls=43 437
* 857786
* 43
+1 86
+8 86
1985 382
+1 84
-1 56
+3 224
+2 84
+1 196
+8 172
+1 126
-1 84
+1 70
+2 210
+2 172
+2 2
cfi=(275)
cfn=(1032)
calls=1 109
* 194
* 2
+3 2
+2 1
-2 84
+2 42
+4 16833
cfi=(279)
cfn=(1126)
calls=879 224
* 41541
* 2637
+2 1560
cfi=(252)
cfn=(1062)
calls=312 83
* 164041
+1 4368
cfi=(298)
cfn=(1284)
calls=312 14
* 3120
* 936
+5 624
cfi=(275)
cfn=(1046)
calls=312 89
* 59592
* 312
+1 3432
+1 936
+1 4368
cfi=(279)
cfn=(1118)
calls=312 230
* 59760
* 936
+1 624
+3 312
+1 312
+2 2184
cfn=(1286)
calls=312 167
* 210470
* 312
+1 624
+2 1560
cfi=(278)
cfn=(1268)
calls=312 437
* 124664
* 312
+1 3048
+16 4368
cfi=(279)
cfn=(1118)
calls=312 230
* 59760
* 936
+1 624
+2 2808
+2 484
+3 1452
cob=(3)
cfi=(157)
cfn=(592)
calls=242 0
* 6008
* 504
cfi=(252)
cfn=(1060)
calls=4 670
* 1136
* 12
+19 280
+2 96
cfi=(216)
cfn=(1180)
calls=16 76
* 5525
* 16
+1 96
cob=(3)
cfi=(157)
cfn=(710)
calls=16 0
* 368
* 32
+25 96
cob=(3)
cfi=(157)
cfn=(592)
calls=16 0
* 385
* 32
-47 242
+53 1936
cfn=(1288)
calls=242 21
* 113380
* 560
cfn=(1288)
calls=70 21
* 251414
* 624
+2 1512
+2 66
+1 198
+1 264
+2 148
+2 377
+2 116
+3 132
+3 726
cob=(3)
cfi=(157)
cfn=(672)
calls=66 0
* 39439
+1 198
cfi=(192)
cfn=(1274)
calls=66 104
* 28341
* 66
+2 330
cfi=(278)
cfn=(1170)
calls=66 800
* 302593
* 66
+2 132
+3 30
+1 10
+2 387
+2 84
+1 147
cob=(3)
cfi=(157)
cfn=(592)
calls=21 0
* 462
* 42
+18 129
-23 106
+27 132
+4 112
cfi=(275)
cfn=(1032)
calls=56 109
* 10976
* 56
+1 168
cfi=(192)
cfn=(624)
calls=56 91
* 10848
* 112
+1 224
+1 168
+5 1248
+2 1208
cfi=(275)
cfn=(1136)
calls=302 446
* 215417
* 906
+4 30
cfi=(192)
cfn=(624)
calls=10 91
* 1960
* 20
+4 50
cfi=(252)
cfn=(1060)
calls=10 670
* 2923
* 1510
cfi=(252)
cfn=(1060)
calls=302 670
* 89625
* 936
+2 33
+1 15
cfi=(252)
cfn=(1062)
calls=3 83
* 885
+2 3
+1 9
+1 6
+5 15
cfi=(322)
cfn=(1374)
calls=3 16
* 22606
+1 15
cfi=(252)
cfn=(1060)
calls=3 670
* 975
* 9
+5 15
cfi=(252)
cfn=(1060)
calls=3 670
* 975
* 9
+4 3
+2 9
+2 6
2354 624
+1 312
+3 1833
+1 10905
cfi=(279)
cfn=(1126)
calls=567 224
* 24317
* 10773
cfi=(279)
cfn=(1126)
calls=567 224
* 17577
* 1701
+5 3666
cfn=(1163)
calls=611 372
* 11689202
* 611
+1 1222
+6 1222
cfi=(275)
cfn=(1046)
calls=611 89
* 116701
* 611
+1 6721
+1 1833
+2 9072
cfi=(279)
cfn=(1126)
calls=567 224
* 25392
* 9573
cfi=(279)
cfn=(1126)
calls=492 224
* 21538
* 8612
cfi=(279)
cfn=(1126)
calls=446 224
* 19146
* 1338
+2 484
+2 2420
cfi=(217)
cfn=(1296)
calls=121 225
* 3146
* 121
-2 121
+5 7136
cfi=(279)
cfn=(1126)
calls=446 224
* 20506
* 7994
cfi=(279)
cfn=(1126)
calls=416 224
* 18402
* 1248
+2 248
+2 1240
cfi=(217)
cfn=(1296)
calls=62 225
* 1612
* 62
+4 186
+1 186
+3 186
-4 1647
+1 1647
+3 10719
cfi=(279)
cfn=(1126)
calls=567 224
* 25317
* 1701
+77 10387
cfi=(298)
cfn=(1188)
calls=611 431
* 5499
* 611
+1 10387
cfi=(298)
cfn=(1188)
calls=611 431
* 5499
* 1222
+3 1833
+2 78
cfi=(192)
cfn=(624)
calls=26 91
* 5122
* 78
+2 1755
+2 54
cfi=(192)
cfn=(624)
calls=18 91
* 3546
* 54
+2 1701
+4 1701
+6 7938
cfi=(279)
cfn=(1118)
calls=567 230
* 107863
* 1701
+3 2268
cfn=(1290)
calls=567 15
* 96460
* 176
cfn=(1290)
calls=44 15
* 4855
* 1222
+3 980
+2 210
cob=(3)
cfi=(157)
cfn=(592)
calls=30 0
* 737
* 60
+14 456
-14 30
+32 1100
cfi=(298)
cfn=(1302)
calls=131 445
* 6368
* 262
+2 488
+1 90
-1 90
+3 126
cob=(3)
cfi=(157)
cfn=(592)
calls=21 0
* 473
* 42
+4 126
cob=(3)
cfi=(157)
cfn=(592)
calls=21 0
* 473
* 42
+8 3666
cob=(3)
cfi=(157)
cfn=(592)
calls=611 0
* 15244
* 4888
cob=(3)
cfi=(157)
cfn=(592)
calls=611 0
* 17059
* 1222
+1 3666
cob=(3)
cfi=(157)
cfn=(592)
calls=611 0
* 17059
-1 1222
+1 3666
cob=(3)
cfi=(157)
cfn=(592)
calls=611 0
* 17059
* 1222
+1 3666
cob=(3)
cfi=(157)
cfn=(592)
calls=611 0
* 17059
-1 1222
+43 611
+1 2444
cob=(3)
cfi=(157)
cfn=(626)
calls=611 0
* 9782
* 611
+3 2662
+2 400
+1 406
+5 600
cob=(3)
cfi=(157)
cfn=(592)
calls=100 0
* 2482
* 800
cob=(3)
cfi=(157)
cfn=(592)
calls=100 0
* 2482
* 200
+6 1222
+83 3666
cob=(3)
cfi=(157)
cfn=(592)
calls=611 0
* 15244
* 1222
+73 2444
cfn=(1292)
calls=611 88
* 144783
* 611
+2 1222
+2 1779
+1 593
+1 593
+2 3558
cfn=(1286)
calls=593 167
* 111438
* 593
+5 1811
+1 96
cob=(3)
cfi=(157)
cfn=(592)
calls=16 0
* 363
-1 32
+1 90
cob=(3)
cfi=(157)
cfn=(592)
calls=15 0
* 341
* 30
+2 8
+1 8
+4 56
cfn=(1286)
calls=8 167
* 160
* 8
+7 24
+11 1186
+3 510
cob=(3)
cfi=(157)
cfn=(672)
calls=51 0
* 30525
+1 153
cfi=(192)
cfn=(1274)
calls=51 104
* 18735
* 51
+2 255
cfi=(278)
cfn=(1170)
calls=51 800
* 467035
* 51
+2 102
+3 153
+1 51
+2 2250
+2 500
+1 875
cob=(3)
cfi=(157)
cfn=(592)
calls=125 0
* 2782
* 250
+17 750
-22 602
+26 102
2954 4760
+3 3356
+8 2572
+11 3356
+1 840
-1 560
+19 2572
+1 252
-1 168
+18 2236
cfn=(1290)
calls=559 15
* 94510
* 1118
+2 238
cfi=(275)
cfn=(1032)
calls=119 109
* 23086
* 238
+1 476
cfi=(275)
cfn=(1136)
calls=119 446
* 29346
* 119
+1 476
cfi=(275)
cfn=(1136)
calls=119 446
* 29489
* 119
+3 595
cob=(3)
cfi=(157)
cfn=(592)
calls=119 0
* 2966
* 833
cob=(3)
cfi=(157)
cfn=(592)
calls=119 0
* 2980
* 476
+1 1190
+5 357
cob=(3)
cfi=(157)
cfn=(626)
calls=119 0
* 1906
* 243
cob=(3)
cfi=(157)
cfn=(1064)
calls=5 0
* 30
* 397
cob=(3)
cfi=(157)
cfn=(626)
calls=114 0
* 1824
* 228
+2 5
+4 238
+3 342
+1 567
-1 226
+1 678
cob=(3)
cfi=(157)
cfn=(710)
calls=113 0
* 2603
* 341
-2 113
+4 339
+1 226
-5 1
+4 3
+1 341
-1 226
+1 678
cob=(3)
cfi=(157)
cfn=(710)
calls=113 0
* 2599
* 341
-2 113
+4 226
-4 1
+4 6
+4 232
+6 476
cfi=(275)
cfn=(1200)
calls=119 194
* 10259
* 262
cfi=(275)
cfn=(1306)
calls=6 290
* 168
* 250
+1 24
cfi=(275)
cfn=(1200)
calls=6 194
* 2620
-1 113
+1 452
cfi=(275)
cfn=(1200)
calls=113 194
* 4089
* 262
cfi=(275)
cfn=(1306)
calls=6 290
* 168
* 250
+2 12
-2 113
+2 1024
cfi=(275)
cfn=(1294)
calls=114 340
* 16217
* 228
+24 3080
cfi=(275)
cfn=(1294)
calls=440 340
* 65680
* 880
+1 128
cfi=(298)
cfn=(1308)
calls=16 28
* 848
-1 32
+3 2200
3302 1833
+2 4402
1091 414
3305 22010

fl=(281) /app/src/parser/core/core_attributes.c
fn=(1078) parse_attributes
18 1464
+3 610
cob=(3)
cfi=(157)
cfn=(582)
calls=122 -21
* 3416
+1 244
cfi=(192)
cfn=(630)
calls=122 +29
* 16348
* 122
+2 610
cfi=(252)
cfn=(1060)
calls=122 670
* 67686
+1 122
+2 45
cfi=(252)
cfn=(1062)
calls=9 +56
* 3015
+1 45
cfi=(252)
cfn=(1062)
calls=9 +55
* 4787
+1 27
+5 54
cob=(3)
cfi=(157)
cfn=(1072)
calls=9 -34
* 284
* 18
+1 54
cob=(3)
cfi=(157)
cfn=(1072)
calls=9 -35
* 284
-1 18
+19 54
cob=(3)
cfi=(157)
cfn=(1072)
calls=9 -53
* 284
* 18
+4 54
cob=(3)
cfi=(157)
cfn=(1072)
calls=9 -57
* 284
* 18
+19 54
cob=(3)
cfi=(157)
cfn=(1072)
calls=9 -76
* 284
* 18
+4 54
cob=(3)
cfi=(157)
cfn=(1072)
calls=9 -80
* 284
* 18
+4 54
cob=(3)
cfi=(157)
cfn=(1072)
calls=9 -84
* 284
* 18
+4 54
cob=(3)
cfi=(157)
cfn=(1072)
calls=9 -88
* 284
* 18
+4 54
cob=(3)
cfi=(157)
cfn=(1072)
calls=9 -92
* 329
* 18
+4 54
cob=(3)
cfi=(157)
cfn=(1072)
calls=9 -96
* 329
* 18
+4 54
cob=(3)
cfi=(157)
cfn=(1072)
calls=9 0
* 329
* 18
+4 54
cob=(3)
cfi=(157)
cfn=(1072)
calls=9 0
* 329
* 18
+4 54
cob=(3)
cfi=(157)
cfn=(1072)
calls=9 0
* 329
* 18
+4 54
cob=(3)
cfi=(157)
cfn=(1072)
calls=9 0
* 329
* 18
+4 54
cob=(3)
cfi=(157)
cfn=(1072)
calls=9 0
* 329
* 18
+4 54
cob=(3)
cfi=(157)
cfn=(1072)
calls=9 0
* 329
* 18
+4 54
cob=(3)
cfi=(157)
cfn=(1072)
calls=9 0
* 329
* 18
+22 54
cob=(3)
cfi=(157)
cfn=(1072)
calls=9 0
* 254
* 21
+2 5
cfi=(252)
cfn=(1060)
calls=1 670
* 284
* 3
+2 5
cfi=(252)
cfn=(1062)
calls=1 -67
* 251
+1 5
cfi=(252)
cfn=(1062)
calls=1 -68
* 837
+1 3
+2 5
cfi=(192)
cfn=(630)
calls=1 51
* 134
* 1
+1 9
cob=(3)
cfi=(157)
cfn=(586)
calls=1 0
* 29
+1 6
+2 5
cfi=(252)
cfn=(1062)
calls=1 -75
* 251
* 3
+10 48
cob=(3)
cfi=(157)
cfn=(1072)
calls=8 0
* 230
* 16
+4 48
cob=(3)
cfi=(157)
cfn=(1072)
calls=8 0
* 239
* 16
+20 48
cob=(3)
cfi=(157)
cfn=(1072)
calls=8 0
* 215
* 40
+2 40
cfi=(252)
cfn=(1060)
calls=8 670
* 2272
* 24
+2 40
cfi=(252)
cfn=(1062)
calls=8 83
* 2008
+1 40
cfi=(252)
cfn=(1062)
calls=8 83
* 4537
+1 48
+3 20
cfi=(252)
cfn=(1060)
calls=4 670
* 1136
* 12
+4 20
cfi=(252)
cfn=(1062)
calls=4 83
* 1004
+1 20
cfi=(252)
cfn=(1062)
calls=4 83
* 2564
+1 12
+4 56
cfi=(279)
cfn=(1118)
calls=4 +19
* 760
* 8
+1 12
+2 12
cob=(3)
cfi=(157)
cfn=(626)
calls=4 0
* 64
* 12
cfi=(192)
cfn=(630)
calls=4 51
* 536
* 4
+1 28
cob=(3)
cfi=(157)
cfn=(1140)
calls=4 0
* 1760
* 4
+10 20
cfi=(252)
cfn=(1062)
calls=4 83
* 1004
* 12
+5 24
+95 24
+95 12
+2 56
cfi=(279)
cfn=(1118)
calls=4 230
* 760
* 8
+1 12
+2 12
cob=(3)
cfi=(157)
cfn=(626)
calls=4 0
* 64
* 12
cfi=(192)
cfn=(630)
calls=4 51
* 536
* 4
+1 28
cob=(3)
cfi=(157)
cfn=(1140)
calls=4 0
* 1768
* 4
200 8
441 40
cfi=(252)
cfn=(1062)
calls=8 83
* 2008
* 24
148 2
+46 16
605 45
cfi=(252)
cfn=(1060)
calls=9 +65
* 4188
* 90
25 393
607 5002
+1 1098

fl=(337) /app/src/codegen/codegen_main.c
fn=(1608) count_sortable_nodes
213 8
+1 1
+1 6
cfn=(1610) count_sortable_nodes_internal
calls=1 -38
* 535
* 1
+1 3
cfn=(1612) free_visited_modules
calls=1 -46
* 7
+1 1
+1 5

fn=(1654) emit_raw_statements_internal
431 20
+1 4
+7 32
+2 42
cfn=(1656) is_module_visited
calls=6 149
* 934
* 12
+2 36
cfn=(1658) mark_module_visited
calls=6 162
* 936
+1 72
cfn=(1655) emit_raw_statements_internal'2
calls=6 -13
* 72696
+3 18
+1 6
+2 8
+8 16
+20 6
-41 20
+43 8

fn=(1655)
431 240
+1 48
+7 704
+2 126
cfn=(1656)
calls=18 149
* 4202
* 36
+2 108
cfn=(1658)
calls=18 162
* 2808
+1 216
cfn=(1655)
calls=18 -13
* 12140
+3 54
+1 18
+2 632
+8 1256
+1 4
-1 4
+3 6
+1 2
+2 10
-2 80
+5 12
+2 12
+2 7
cfn=(1678) is_content_emitted
calls=1 -76
* 12
* 2
+2 10
cfi=(327)
cfn=(1430)
calls=1 119
* 60542
+1 6
cfn=(1680) mark_content_emitted
calls=1 -65
* 569
+4 474
-41 400
+43 96

fn=(1678)
395 6
+1 3
+8 1
+1 2

fn=(1606) topo_sort_structs
264 9
+1 2
+6 3
cfn=(1608)
calls=1 -58
* 567
* 1
+1 2
+6 5
cfi=(192)
cfn=(630)
calls=1 51
* 134
* 1
+1 5
cfi=(192)
cfn=(1098)
calls=1 56
* 175
* 1
+1 1
+1 6
cfn=(1614) collect_sortable_nodes
calls=1 -25
* 1041
+3 5
cfi=(192)
cfn=(630)
calls=1 51
* 134
* 1
+1 1
+2 1
+1 3
+1 1
+2 1
+2 4
+1 4
+2 8
+2 1504
+6 459
+9 51
+1 102
+2 25343
+6 1119
+1 10071
+2 10071
+7 14547
cfn=(1618) struct_depends_on
calls=1119 14
* 9513840
* 2238
+2 4
+1 4
-17 1222
-4 9501
+25 102
+2 423
+1 282
+1 94
-43 137
-4 764
-5 22
+58 2
+2 376
-2 191
+9 1
+1 1
+2 2
+2 564
+1 94
+2 2
+1 3
+4 138
+1 92
-11 191
+14 2
+2 2
+6 1
+1 5

fn=(1612)
170 12
+4 9

fn=(1766) free_emitted_list
418 4
+1 1
+2 3
+3 2
-5 4
+7 4

fn=(1610)
177 7
+1 2
+4 1
+1 2
+1 1
+2 188
+2 94
+19 141
-23 96
+25 1
+1 2

fn=(1582) codegen_c_program
779 11
+2 2
+2 3
cfn=(1584) flatten_comptime_nodes
calls=1 591
* 3106
+3 2
+4 4
+2 4
+1 3
+1 7
+5 2
+1 2
+1 3
+1 1
+2 4
+2 3
cfi=(338)
cfn=(1586)
calls=1 72
* 388307
+3 2
+2 22
cfi=(327)
cfn=(1430)
calls=1 119
* 4537
-2 11
+6 6
cfi=(340) /app/src/codegen/codegen_decl_defs.c
cfn=(1598) emit_includes_and_aliases
calls=1 92
* 28707
+1 5
+5 4
+2 4
cob=(3)
cfi=(157)
cfn=(888)
calls=1 0
* 128
* 1
+1 4
cob=(3)
cfi=(157)
cfn=(894)
calls=1 0
* 501
+3 13
cob=(3)
cfi=(157)
cfn=(900)
calls=1 0
* 167
* 3
+4 7
cob=(3)
cfi=(157)
cfn=(856)
calls=1 0
* 218
+3 1
+1 1
+2 3
+1 1
+2 62
cfi=(192)
cfn=(630)
calls=31 51
* 4154
* 31
+1 1581
+1 62
+1 62
+2 2
+1 3
+4 90
+1 60
+2 90
-15 60
+15 3
-15 4
+18 3
+1 1
+2 64
+2 32
cfi=(192)
cfn=(630)
calls=16 51
* 2144
* 16
+1 832
+1 32
+1 32
+7 48
+1 32
+3 48
-18 34
+21 3
+1 3
+21 2
+1 1
+2 32
+37 12
-39 10
+43 5
cfn=(1606)
calls=1 264
* 9595683
* 1
+2 5
cfi=(340)
cfn=(1622) print_type_defs
calls=1 1855
* 254762
+1 5
+2 5
cfi=(340)
cfn=(1626) emit_enum_protos
calls=1 213
* 436
+2 3
cfi=(340)
cfn=(1628) emit_global_aliases
calls=1 176
* 15
+2 1
+1 6
cfi=(340)
cfn=(1630) emit_type_aliases
calls=1 163
* 6109
+2 1
+1 6
cfi=(340)
cfn=(1634) emit_trait_defs
calls=1 +22
* 57527
+3 1
+3 1
+1 9
cfn=(1654)
calls=1 431
* 6859
+2 2
+2 6
cfi=(340)
cfn=(1660) emit_struct_defs
calls=1 859
* 507680
+4 1
+1 9
cfn=(1654)
calls=1 431
* 68007
+4 1
+2 4
+2 3
+1 1
+3 8
+1 72
+1 15
-1 10
+3 12
+1 6
+1 3
+2 132
+1 6
-1 6
+1 18
cob=(3)
cfi=(157)
cfn=(592)
calls=3 0
* 66
* 6
+5 54
-8 42
+12 48
+2 16
cfi=(192)
cfn=(630)
calls=8 51
* 1072
* 8
+1 416
+1 24
+1 16
+3 24
-29 18
+33 1
+1 1
+2 4
+2 3
+1 1
+2 144
cfi=(192)
cfn=(630)
calls=72 51
* 9648
* 72
+1 3672
+1 144
+1 144
+2 2
+1 3
+4 213
+1 142
+2 213
-15 142
+15 3
-15 4
+19 4
+2 3
+1 1
+2 68
cfi=(192)
cfn=(630)
calls=34 51
* 4556
* 34
+1 1768
+1 68
+1 68
+7 102
+1 68
+2 102
-15 70
+19 4
+2 3
+1 1
+2 22
cfi=(192)
cfn=(630)
calls=11 51
* 1474
* 11
+1 572
+1 22
+1 22
+7 33
+1 22
+2 33
-15 24
+19 1
+1 6
cfi=(340)
cfn=(1682) emit_trait_wrappers
calls=1 +24
* 43003
+2 1
+1 6
cfi=(340)
cfn=(1688) emit_protos
calls=1 1574
* 5494549
+2 1
+1 6
cfi=(340)
cfn=(1694) emit_globals
calls=1 1236
* 51164
+2 3
cfi=(340)
cfn=(1698) emit_impl_vtables
calls=1 1588
* 2447
+1 5
cfn=(1700) emit_auto_drop_glues
calls=1 483
* 288536
+1 5
cfn=(1702) emit_generic_drop_macro
calls=1 532
* 56956
+2 3
cfi=(340)
cfn=(1704) emit_lambda_defs
calls=1 290
* 15
+2 5
cfi=(340)
cfn=(1706) emit_tests_and_runner
calls=1 1732
* 53
* 1
+2 2
+1 1
+2 468
+2 117
+1 78
+7 195
cfi=(278)
cfn=(1372)
calls=39 137
* 234435
* 39
+2 117
cfi=(341) /app/src/codegen/codegen_shared.c
cfn=(1620) replace_string_type
calls=39 91
* 10662
* 39
+1 195
cfi=(278)
cfn=(1268)
calls=39 437
* 11969
* 39
+1 78
+6 39
+1 78
+2 312
+4 156
+22 78
+6 468
+2 27
+1 18
+6 27
cfi=(341)
cfn=(1620)
calls=9 91
* 2472
* 9
+1 45
cfi=(278)
cfn=(1268)
calls=9 437
* 2096
* 9
+1 9
+1 18
+2 36
+2 4
+20 18
+2 6
+1 2
+3 460
+2 80
cfi=(327)
cfn=(1430)
calls=8 119
* 20732
+2 575
cfi=(342)
cfn=(1670) codegen_node_single
calls=115 18
* 287314500
+1 460
+2 56
cfi=(327)
cfn=(1430)
calls=8 119
* 7848
+2 345
1102 236
1213 1
+1 2
+1 1
+2 508
cob=(3)
cfi=(157)
cfn=(592)
calls=36 0
* 814
* 72
+2 1
+1 1
+2 216
-7 146
+10 2
+5 5
+6 3
cfn=(1766)
calls=1 418
* 18
+1 3
cfn=(1612)
calls=1 170
* 7
* 1
+2 5

fn=(1584)
591 5
+1 2
+6 4
+43 4
+2 3
+1 1
+2 20
+23 16
cfn=(1585) flatten_comptime_nodes'2
calls=4 -78
* 2981
+1 16
+2 20
-28 30
+36 2
+95 2

fn=(1585)
591 160
+1 64
+6 128
+2 12
+1 4
+2 120
+23 96
cfn=(1585)
calls=24 -35
* 2222
+1 96
+2 120
-28 168
+36 4
+4 112
+43 112
+11 112
+4 120
+2 8
cfn=(1585)
calls=2 591
* 262
+2 112
+4 112
+4 112
+4 112
+12 116
+2 4
cfn=(1585)
calls=1 591
* 1320
+2 112
+4 112
+4 112
+4 112
+4 112
+6 112
+4 112
+14 116
+2 4
cfn=(1585)
calls=1 591
* 1320
* 1
637 8
775 64

fn=(1616) collect_sortable_nodes_internal
222 9
+1 2
+4 2
+1 1
+2 188
+2 564
+19 141
-23 96
+25 4

fn=(1658)
162 144
+1 48
cfi=(192)
cfn=(630)
calls=24 51
* 3216
* 24
+1 72
+1 96
+1 72
+1 72

fn=(1618)
14 7833
+1 2238
+6 4476
+2 3357
+1 1119
+2 20784
+2 7794
+3 10392
cob=(3)
cfi=(157)
cfn=(710)
calls=2598 -31
* 59754
* 5196
+2 2691
+1 897
+4 3402
+1 10206
cob=(3)
cfi=(157)
cfn=(1072)
calls=1701 -39
* 47853
* 3402
+4 10206
cob=(3)
cfi=(157)
cfn=(1072)
calls=1701 -43
* 47853
* 3402
+4 10206
cob=(3)
cfi=(157)
cfn=(1072)
calls=1701 -47
* 47853
* 3402
+5 3402
+2 8505
cfi=(278)
cfn=(1372)
calls=1701 +83
* 8584947
* 1701
+1 3402
+6 5103
cfi=(341)
cfn=(1620)
calls=1701 +30
* 469340
* 1701
+3 5103
cob=(3)
cfi=(157)
cfn=(626)
calls=1701 -64
* 27216
* 1701
+1 10206
cob=(3)
cfi=(157)
cfn=(1072)
calls=1701 -65
* 49998
* 6804
+3 3402
+2 8
+3 5091
-49 8541
139 1115
+1 2238

fn=(1656)
149 144
+1 24
+2 792
cob=(3)
cfi=(157)
cfn=(592)
calls=132 0
* 3132
* 264
+4 396
-6 312
+8 24
+1 48

fn=(1702)
532 6
+2 5
+34 7
cfi=(327)
cfn=(1430)
calls=1 119
* 2468
+1 7
cfi=(327)
cfn=(1430)
calls=1 119
* 2382
+2 2
+1 1
+2 611
+1 24
-1 24
+3 30
+1 100
cfi=(327)
cfn=(1430)
calls=10 119
* 48868
+2 141
-8 96
+11 7
cfi=(327)
cfn=(1430)
calls=1 119
* 2173
+2 4

fn=(1614)
256 10
+1 1
+1 7
cfn=(1616)
calls=1 -36
* 1007
+1 3
cfn=(1612)
calls=1 -89
* 7
+1 6

fn=(1680)
409 6
+1 2
cfi=(192)
cfn=(630)
calls=1 51
* 134
* 1
+1 3
cfi=(192)
cfn=(624)
calls=1 91
* 411
* 2
+1 4
+1 3
+1 3

fn=(1700)
483 9
+1 2
+1 1
+2 611
+1 24
-1 24
+3 40
+5 30
+1 90
cfi=(327)
cfn=(1430)
calls=10 119
* 36699
+1 100
cfi=(327)
cfn=(1430)
calls=10 119
* 44718
+3 80
cob=(3)
cfi=(157)
cfn=(672)
calls=10 0
* 4042
+1 50
cfi=(278)
cfn=(1170)
calls=10 800
* 153706
* 20
+2 63
cfi=(327)
cfn=(1430)
calls=7 119
* 21495
+3 30
+1 10
+2 81
+1 174
+2 18
cfi=(278)
cfn=(1268)
calls=3 -75
* 698
* 3
+1 33
+2 36
cfi=(327)
cfn=(1430)
calls=3 119
* 11341
+3 81
-11 74
+13 70
cfi=(327)
cfn=(1430)
calls=10 119
* 7640
+1 40
+4 70
cfi=(327)
cfn=(1430)
calls=10 119
* 6090
+2 141
-42 96
+44 6

fl=(297)
fn=(1166)
16 9894
+1 8245
cfn=(1168) parse_primary_impl
calls=1649 +4
* 56635439
+1 3298

fn=(1167)
16 8718
+1 7265
cfn=(1169) parse_primary_impl'2
calls=1453 +4
* 41610471
+1 2906

fn=(1168)
21 24735
+1 1649
+2 8245
cfi=(252)
cfn=(1060)
calls=1649 670
* 922170
+1 10331
+49 8245
cfi=(252)
cfn=(1062)
calls=1649 +9
* 867753
+5 4947
+2 3808
cfi=(300)
cfn=(1202)
calls=272 357
* 228315
* 816
+2 4131
+4 4131
+2 32
cfi=(300)
cfn=(1194)
calls=2 559
* 12768
* 6
+2 4125
+4 4125
+9 4125
+5 4125
+5 10881
cob=(3)
cfi=(157)
cfn=(1072)
calls=1126 0
* 31211
* 2252
+5 4125
+5 10881
cob=(3)
cfi=(157)
cfn=(1072)
calls=1126 0
* 31205
* 2258
+3 10
cfi=(295)
cfn=(1161)
calls=2 12
* 167108
* 2
+2 2
+1 10
cfi=(252)
cfn=(1060)
calls=2 670
* 646
* 6
+2 10
cfi=(294)
cfn=(1155)
calls=2 777
* 52230
* 4
+11 2
+1 6
cfi=(279)
cfn=(1058)
calls=2 277
* 1078
+1 10
cfi=(252)
cfn=(1060)
calls=2 670
* 1012
* 16
cfi=(252)
cfn=(1060)
calls=2 670
* 1012
* 12
cob=(3)
cfi=(157)
cfn=(1072)
calls=2 0
* 48
* 4
+1 10
cfi=(252)
cfn=(1060)
calls=2 670
* 1012
* 2
-1 4
+3 10
cfi=(252)
cfn=(1062)
calls=2 -65
* 946
+1 10
cfi=(252)
cfn=(1060)
calls=2 670
* 646
* 6
+2 10
cfi=(294)
cfn=(1155)
calls=2 777
* 35423
* 4
+12 4
cfi=(275)
cfn=(1046)
calls=2 -74
* 382
* 2
+1 22
+1 6
+1 6
+1 6
-42 2
+45 10863
cob=(3)
cfi=(157)
cfn=(1072)
calls=1124 0
* 31157
* 2248
415 4119
+2 3432
cob=(3)
cfi=(157)
cfn=(1072)
calls=10 0
* 279
* 20
+8 15736
cfi=(279)
cfn=(1118)
calls=1124 230
* 213685
* 2248
+2 5620
cfi=(252)
cfn=(1060)
calls=1124 670
* 333446
* 6242
cfi=(252)
cfn=(1060)
calls=574 670
* 176132
* 2296
+10 5620
cfi=(252)
cfn=(1060)
calls=1124 670
* 333446
* 3372
+53 5620
cfi=(252)
cfn=(1060)
calls=1124 670
* 333446
* 3372
+6 2248
+3 1124
+1 5620
cfi=(252)
cfn=(1060)
calls=1124 670
* 333446
-1 102
+1 510
cfi=(252)
cfn=(1060)
calls=102 670
* 27801
* 3678
+2 290
cfi=(252)
cfn=(1062)
calls=58 83
* 11252
+1 290
cfi=(252)
cfn=(1062)
calls=58 83
* 31574
+1 174
+6 522
cfi=(278)
cfn=(1250)
calls=58 649
* 1798
* 58
-1 58
+2 116
+56 290
cfi=(278)
cfn=(1452)
calls=58 +51
* 1798
* 58
+1 116
+36 290
cfi=(278)
cfn=(1268)
calls=58 437
* 37127
* 58
+2 58
+1 136
+19 116
+2 25
cfi=(278)
cfn=(1132)
calls=5 149
* 75
* 5
+1 10
+16 290
cfi=(192)
cfn=(630)
calls=58 51
* 7772
* 58
+1 406
cob=(3)
cfi=(157)
cfn=(586)
calls=58 0
* 1833
+1 290
+1 174
cob=(3)
cfi=(157)
cfn=(626)
calls=58 0
* 930
* 348
cfi=(192)
cfn=(630)
calls=58 51
* 7772
* 58
+2 126
+3 53
+1 318
+14 106
+13 530
cob=(3)
cfi=(157)
cfn=(672)
calls=53 0
* 31633
+2 159
cfi=(192)
cfn=(1274)
calls=53 104
* 25206
* 53
+2 265
cfi=(278)
cfn=(1170)
calls=53 800
* 141137
* 106
+3 104
+1 260
cob=(3)
cfi=(157)
cfn=(1280)
calls=52 0
* 1238
-38 52
+43 3
+1 1
+1 1
+2 45
+1 21
cob=(3)
cfi=(157)
cfn=(592)
calls=3 0
* 88
-1 6
+26 15
-28 12
+30 2
+3 2
+1 5
cob=(3)
cfi=(157)
cfn=(1280)
calls=1 0
* 23
-79 1
+91 5
+1 10
+2 30
+1 15
cob=(3)
cfi=(157)
cfn=(626)
calls=5 0
* 80
* 5
+1 35
cob=(3)
cfi=(157)
cfn=(1072)
calls=5 0
* 55
* 10
-4 45
+37 10
+2 15
+1 5
+2 72
+1 72
cob=(3)
cfi=(157)
cfn=(626)
calls=24 0
* 384
* 24
+1 168
cob=(3)
cfi=(157)
cfn=(1072)
calls=24 0
* 651
* 83
+1 30
-1 10
+2 95
cob=(3)
cfi=(157)
cfn=(592)
calls=19 0
* 429
-1 38
+3 15
+1 10
+2 5
+1 20
+23 10
+10 60
cob=(3)
cfi=(157)
cfn=(672)
calls=5 0
* 3190
+2 15
cfi=(192)
cfn=(1274)
calls=5 104
* 2351
* 5
+2 5
+1 5
+3 57
-53 48
+57 10
651 53
853 106
+3 53
+3 265
cfi=(252)
cfn=(1060)
calls=53 670
* 15052
-6 10
+3 5
+3 25
cfi=(252)
cfn=(1060)
calls=5 670
* 1420
* 5840
cfi=(252)
cfn=(1060)
calls=1168 670
* 348081
* 3678
+2 869
+1 395
cfi=(252)
cfn=(1062)
calls=79 83
* 21589
+2 79
+1 237
+1 158
+3 395
cfi=(322)
cfn=(1374)
calls=79 16
* 699319
+1 395
cfi=(252)
cfn=(1060)
calls=79 670
* 23541
* 237
+5 395
cfi=(252)
cfn=(1060)
calls=79 670
* 23541
* 237
+2 44
+2 123
+2 237
+2 158
+2 220
cfi=(252)
cfn=(1062)
calls=44 83
* 11264
+2 88
cfi=(192)
cfn=(630)
calls=44 51
* 5896
* 44
+1 88
cfi=(192)
cfn=(630)
calls=44 51
* 5896
* 44
+1 44
+4 88
+5 220
cfi=(289)
cfn=(1128)
calls=44 16
* 355079
* 44
+1 352
cfi=(275)
cfn=(1136)
calls=44 446
* 10744
* 44
+1 352
cfi=(275)
cfn=(1136)
calls=44 446
* 10744
* 44
+1 44
+2 220
cfi=(252)
cfn=(1060)
calls=44 670
* 12716
* 132
+5 44
+2 220
cfi=(252)
cfn=(1062)
calls=44 83
* 11264
+2 44
+1 132
+1 44
+2 1032
cob=(3)
cfi=(157)
cfn=(592)
calls=172 0
* 4156
* 344
+2 39
+1 39
+2 399
-7 354
+9 113
cob=(3)
cfi=(157)
cfn=(592)
calls=5 0
* 110
* 35
cob=(3)
cfi=(157)
cfn=(592)
calls=5 0
* 110
* 10
+5 88
+3 117
cob=(3)
cfi=(157)
cfn=(626)
calls=39 0
* 626
* 78
+1 78
+2 312
cfi=(323)
cfn=(1380)
calls=39 1544
* 15946
* 39
+1 117
cob=(3)
cfi=(157)
cfn=(626)
calls=39 0
* 624
* 156
-3 273
+6 117
cfi=(192)
cfn=(630)
calls=39 51
* 5226
* 39
+1 195
cob=(3)
cfi=(157)
cfn=(1280)
calls=39 0
* 1044
+1 78
+2 312
cfi=(323)
cfn=(1380)
calls=39 1544
* 15946
* 39
+1 117
cob=(3)
cfi=(157)
cfn=(626)
calls=39 0
* 624
* 195
+1 195
cob=(3)
cfi=(157)
cfn=(1146)
calls=39 0
* 1430
-4 273
+8 39
+1 78
+2 390
cfi=(216)
cfn=(1412)
calls=39 270
* 2101
* 78
+2 16
+1 16
-5 209
+9 78
+3 78
+2 483
cfi=(323)
cfn=(1458)
calls=23 2637
* 25323
* 23
+4 117
+17 1305
+1 1305
+2 10
+2 10
+5 50
cob=(3)
cfi=(157)
cfn=(1146)
calls=5 0
* 190
+1 50
cob=(3)
cfi=(157)
cfn=(1146)
calls=5 0
* 190
-8 35
+12 30
cfi=(323)
cfn=(1376)
calls=5 1970
* 8295
* 5
+1 10
+3 15
+9 396
+8 44
+3 2452
498 102
1025 1124
+4 5620
cfi=(252)
cfn=(1060)
calls=1124 670
* 335365
* 3372
+2 43
+1 473
+1 215
cfi=(252)
cfn=(1062)
calls=43 83
* 12470
+1 215
cfi=(252)
cfn=(1060)
calls=43 670
* 35209
+2 129
+53 129
+2 215
cfi=(252)
cfn=(1062)
calls=43 83
* 33790
+1 215
cfi=(252)
cfn=(1060)
calls=43 670
* 14440
* 129
+2 48
+16 143
cfi=(279)
cfn=(1262)
calls=19 26
* 99779
* 38
+5 86
+3 72
cfi=(279)
cfn=(1262)
calls=24 26
* 131792
* 48
+55 48
+1 96
+2 120
cfi=(278)
cfn=(1250)
calls=24 649
* 744
* 24
+1 48
+7 168
+15 120
cfi=(278)
cfn=(1268)
calls=24 437
* 78019
* 24
+1 136
+11 120
cfi=(252)
cfn=(1062)
calls=24 83
* 6960
+1 48
cfi=(275)
cfn=(1046)
calls=24 89
* 4584
* 24
+1 264
+1 72
+1 48
cfi=(275)
cfn=(1032)
calls=24 109
* 4656
* 24
+1 72
cfi=(192)
cfn=(624)
calls=24 91
* 4682
* 48
+1 72
+2 48
+1 24
+3 24
+1 136
+1 33
-1 22
+18 48
+38 195
cfi=(252)
cfn=(1060)
calls=21 670
* 5964
* 63
+2 105
cfi=(252)
cfn=(1062)
calls=21 83
* 5271
+2 225
cfi=(252)
cfn=(1060)
calls=45 670
* 33344
* 135
+4 225
cfi=(252)
cfn=(1062)
calls=45 83
* 31859
+1 225
cfi=(252)
cfn=(1062)
calls=45 83
* 11520
* 135
+4 225
cfi=(295)
cfn=(1161)
calls=45 12
* 1321285
* 45
+1 90
cfi=(275)
cfn=(1046)
calls=45 89
* 8595
* 45
+1 495
+1 630
cfi=(279)
cfn=(1118)
calls=45 230
* 8634
* 135
+1 135
+1 90
+2 72
+4 63
+2 42
+1 21
-29 105
cfi=(252)
cfn=(1060)
calls=21 670
* 7968
+28 48
+1 24
-29 120
cfi=(252)
cfn=(1060)
calls=24 670
* 7323
* 120
cfi=(252)
cfn=(1060)
calls=24 670
* 15982
* 231
+31 120
cfi=(252)
cfn=(1062)
calls=24 83
* 8535
+2 72
+2 72
+1 24
+2 762
cob=(3)
cfi=(157)
cfn=(592)
calls=127 0
* 3084
* 1016
cob=(3)
cfi=(157)
cfn=(592)
calls=127 0
* 3084
* 254
+4 381
-6 302
+8 48
1423 48
cfi=(275)
cfn=(1032)
calls=24 109
* 4656
* 24
+1 72
cfi=(192)
cfn=(624)
calls=24 91
* 4682
* 48
+1 72
+1 48
+4 5500
cfi=(278)
cfn=(1170)
calls=1100 800
* 13167758
* 1100
+1 5500
cob=(3)
cfi=(157)
cfn=(592)
calls=1100 0
* 25548
* 2200
+71 2590
cfi=(252)
cfn=(1060)
calls=78 670
* 22152
* 234
+2 390
cfi=(252)
cfn=(1062)
calls=78 83
* 19578
+1 468
cfi=(298)
cfn=(1182)
calls=78 184
* 2180979
+1 156
+1 156
+1 156
+1 156
+1 156
+2 390
cfi=(252)
cfn=(1062)
calls=78 83
* 19578
* 234
+4 546
1630 156
+9 156
cfi=(275)
cfn=(1046)
calls=78 89
* 14898
* 78
+1 858
+1 156
cfi=(275)
cfn=(1046)
calls=78 89
* 14898
* 78
+1 234
+1 234
+1 234
+1 390
+1 234
+1 156
+2 936
+2 312
+13 312
+2 312
+1 312
cfi=(275)
cfn=(1136)
calls=78 446
* 22034
* 156
1503 78
1674 7154
cfi=(216)
cfn=(1174)
calls=1022 93
* 543696
* 2214
cfi=(252)
cfn=(1060)
calls=34 670
* 9695
* 102
+2 135
cfi=(252)
cfn=(1062)
calls=27 83
* 6777
+1 162
cfi=(298)
cfn=(1182)
calls=27 184
* 1351058
+1 54
+1 54
+1 54
+1 54
+2 135
cfi=(252)
cfn=(1062)
calls=27 83
* 6777
* 81
+5 54
cfi=(275)
cfn=(1046)
calls=27 89
* 5157
* 27
+1 297
+1 54
cfi=(275)
cfn=(1046)
calls=27 89
* 5157
* 27
+1 297
+1 81
+1 81
+1 81
+1 135
+1 81
+1 81
cfi=(192)
cfn=(624)
calls=27 91
* 5292
* 54
+2 135
cfi=(216)
cfn=(1378)
calls=27 232
* 13169
* 27
+1 110
+2 7
+1 21
+1 21
+2 70
cob=(3)
cfi=(157)
cfn=(710)
calls=7 0
* 161
* 14
+2 14
+1 14
+2 56
+1 14
+6 21
+1 14
+4 14
+6 28
+7 28
+11 56
+1 21
-1 14
+1 35
+1 49
cob=(3)
cfi=(157)
cfn=(592)
calls=7 0
* 198
-1 14
+3 56
+2 28
cfi=(275)
cfn=(1136)
calls=7 446
* 1705
* 7
+2 7
-46 42
+46 7
+7 14
+3 42
cfi=(323)
cfn=(1376)
calls=7 1970
* 4608120
* 7
+1 14
+4 21
+3 35
cfi=(278)
cfn=(1170)
calls=7 800
* 10130
* 7
+1 14
+2 48
+1 16
+2 16
+1 16
cfi=(275)
cfn=(1136)
calls=4 446
* 964
* 8
-79 4
+88 9
cfi=(192)
cfn=(624)
calls=3 91
* 588
* 6
-88 3
1807 60
cfi=(192)
cfn=(624)
calls=20 91
* 3920
* 40
1675 27
1813 4975
cfi=(216)
cfn=(1174)
calls=995 93
* 470487
* 995
+1 5942
+14 1990
cfi=(275)
cfn=(1046)
calls=995 89
* 190901
* 995
+1 10945
+1 2985
+1 4975
cfi=(216)
cfn=(1178)
calls=995 57
* 477423
* 1990
+2 1990
+2 1976
+1 11856
+3 4940
cfi=(216)
cfn=(1180)
calls=988 76
* 658599
* 35
cfi=(216)
cfn=(1180)
calls=7 76
* 10946
* 995
+2 1990
+2 2853
+1 2853
+4 132
cfi=(192)
cfn=(624)
calls=44 91
* 8624
* 88
+1 123
cfi=(216)
cfn=(1332)
calls=7 441
* 1438
* 14
+2 132
+11 747
+3 2739
+1 249
+1 498
cfi=(192)
cfn=(630)
calls=249 51
* 33366
* 249
+1 498
cfi=(192)
cfn=(630)
calls=249 51
* 33366
* 249
+1 249
+4 1245
cfi=(252)
cfn=(1060)
calls=249 670
* 113275
* 747
+2 161
cfi=(252)
cfn=(1060)
calls=23 670
* 6451
* 69
+11 452
+5 1130
cfi=(252)
cfn=(1062)
calls=226 83
* 99366
* 4294
cfi=(279)
cfn=(1118)
calls=226 230
* 43124
* 452
+1 1356
+1 452
+2 1130
cfi=(252)
cfn=(1060)
calls=226 670
* 69656
* 678
+13 226
+2 1130
cfi=(252)
cfn=(1060)
calls=226 670
* 69656
+1 678
+5 678
+2 385
cfi=(252)
cfn=(1062)
calls=77 83
* 19327
+1 385
cfi=(252)
cfn=(1060)
calls=77 670
* 24564
* 231
-35 46
+44 298
-4 77
+8 498
+34 2149
+8 747
+3 1245
cfi=(252)
cfn=(1060)
calls=249 670
* 113275
* 747
+2 2486
+1 1130
cfi=(252)
cfn=(1062)
calls=226 83
* 99366
+1 1356
cfi=(252)
cfn=(1060)
calls=226 670
* 69656
* 904
+14 75
cfi=(252)
cfn=(1060)
calls=15 670
* 4335
+1 15
+1 30
+2 105
-2 105
+7 30
+4 75
cfi=(252)
cfn=(1062)
calls=15 83
* 3840
-15 1205
cfi=(252)
cfn=(1060)
calls=241 670
* 73916
* 1338
cfi=(252)
cfn=(1060)
calls=123 670
* 39436
* 600
+18 1130
cfi=(252)
cfn=(1060)
calls=226 670
* 69581
* 678
+2 460
cfi=(252)
cfn=(1062)
calls=92 83
* 23092
+1 460
cfi=(252)
cfn=(1060)
calls=92 670
* 34209
+1 822
+1 90
-1 180
+1 270
+1 90
-1 180
+2 90
-1 180
+1 16
cfi=(279)
cfn=(1126)
calls=1 224
* 52
* 3
+2 89
-1 178
+1 174
+3 450
cfi=(289)
cfn=(1128)
calls=90 16
* 578670
* 90
+1 270
cfi=(275)
cfn=(1136)
calls=90 446
* 31113
* 90
+2 450
cfi=(252)
cfn=(1062)
calls=90 83
* 22590
+1 270
+5 540
cfi=(296)
cfn=(1163)
calls=90 372
* 9395473
* 90
+2 270
cfi=(275)
cfn=(1298)
calls=90 31
* 42425
* 180
+7 180
cfi=(275)
cfn=(1046)
calls=90 89
* 17190
* 90
+1 990
+1 270
+1 270
+1 270
+1 180
+4 477
+2 795
cfi=(295)
cfn=(1161)
calls=159 12
* 7408240
* 159
+2 795
cfi=(252)
cfn=(1060)
calls=159 670
* 45156
* 477
+6 795
cfi=(252)
cfn=(1062)
calls=159 83
* 39909
* 477
+4 477
2257 8350
cfi=(252)
cfn=(1060)
calls=1670 670
* 499172
* 5010
+2 360
cfi=(252)
cfn=(1062)
calls=72 83
* 18072
+1 432
cfi=(298)
cfn=(1182)
calls=72 184
* 3100502
+2 360
cfi=(252)
cfn=(1062)
calls=72 83
* 18072
* 216
+5 144
cfi=(275)
cfn=(1046)
calls=72 89
* 13752
* 72
+1 792
+1 216
+1 216
+1 432
+1 216
+1 1152
cfi=(298)
cfn=(1198)
calls=72 517
* 27302
* 72
+3 216
cfi=(192)
cfn=(624)
calls=72 91
* 14112
* 144
+1 648
+7 216
+3 7990
cfi=(252)
cfn=(1060)
calls=1598 670
* 478724
* 4794
+2 315
cfi=(252)
cfn=(1062)
calls=63 83
* 15813
+1 315
cfi=(295)
cfn=(1161)
calls=63 12
* 1102011
* 63
+2 63
+1 63
+1 63
+1 378
cfi=(252)
cfn=(1060)
calls=63 670
* 17892
* 189
+17 315
cfi=(252)
cfn=(1062)
calls=63 83
* 15813
+1 189
+7 688
+1 54
-1 36
+3 92
+2 15
+1 35
+7 63
+1 562
+1 132
-1 88
+68 126
+2 126
cfi=(275)
cfn=(1046)
calls=63 89
* 12033
* 63
+1 693
+1 189
+1 189
+1 189
+1 252
+3 189
+1 130
+2 6
cfi=(216)
cfn=(1178)
calls=1 57
* 154
* 1
+3 374
+2 300
+2 14
+20 6
cfi=(275)
cfn=(1032)
calls=3 109
* 582
* 6
+2 6
2257 3
2444 120
2257 60
2450 1535
+4 1535
+1 13192

fn=(1169)
21 21795
+1 1453
+2 7265
cfi=(252)
cfn=(1060)
calls=1453 670
* 598741
+1 8986
+49 7265
cfi=(252)
cfn=(1062)
calls=1453 +9
* 550792
+5 4359
+2 5026
cfi=(300)
cfn=(1202)
calls=359 357
* 312976
* 1077
+2 3282
+4 3282
+2 320
cfi=(300)
cfn=(1194)
calls=20 559
* 26784
* 60
+2 3222
+4 3222
+9 3222
+2 350
cfi=(300)
cfn=(1456)
calls=25 697
* 16160
* 75
+3 3147
+5 7815
cob=(3)
cfi=(157)
cfn=(1072)
calls=778 0
* 21558
* 1556
+5 3147
+5 7815
cob=(3)
cfi=(157)
cfn=(1072)
calls=778 0
* 21558
* 1556
+46 7815
cob=(3)
cfi=(157)
cfn=(1072)
calls=778 0
* 21558
* 1556
415 3147
+2 2484
cob=(3)
cfi=(157)
cfn=(1072)
calls=25 0
* 762
* 50
+8 10892
cfi=(279)
cfn=(1118)
calls=778 230
* 148049
* 1556
+2 3890
cfi=(252)
cfn=(1060)
calls=778 670
* 234981
* 4344
cfi=(252)
cfn=(1060)
calls=402 670
* 125893
* 1703
cfi=(252)
cfn=(1060)
calls=19 670
* 6479
* 57
+10 3890
cfi=(252)
cfn=(1060)
calls=778 670
* 234981
* 2334
+53 3890
cfi=(252)
cfn=(1060)
calls=778 670
* 234981
* 2334
+6 1556
+3 778
+1 3890
cfi=(252)
cfn=(1060)
calls=778 670
* 234981
-1 9
+1 45
cfi=(252)
cfn=(1060)
calls=9 670
* 2829
* 2361
859 3935
cfi=(252)
cfn=(1060)
calls=787 670
* 237810
* 2361
+2 286
+1 130
cfi=(252)
cfn=(1062)
calls=26 83
* 7319
+2 26
+1 78
+1 52
+3 130
cfi=(322)
cfn=(1374)
calls=26 16
* 158946
+1 130
cfi=(252)
cfn=(1060)
calls=26 670
* 8415
* 78
+5 130
cfi=(252)
cfn=(1060)
calls=26 670
* 8415
* 78
+2 9
+2 35
+2 78
+2 52
+2 45
cfi=(252)
cfn=(1062)
calls=9 83
* 2304
+2 18
cfi=(192)
cfn=(630)
calls=9 51
* 1206
* 9
+1 18
cfi=(192)
cfn=(630)
calls=9 51
* 1206
* 9
+1 9
+4 18
+5 45
cfi=(289)
cfn=(1128)
calls=9 16
* 54422
* 9
+1 72
cfi=(275)
cfn=(1136)
calls=9 446
* 2181
* 9
+1 72
cfi=(275)
cfn=(1136)
calls=9 446
* 2181
* 9
+1 9
+2 45
cfi=(252)
cfn=(1060)
calls=9 670
* 2601
* 27
+5 9
+2 45
cfi=(252)
cfn=(1062)
calls=9 83
* 2304
+2 9
+1 27
+1 9
+2 210
cob=(3)
cfi=(157)
cfn=(592)
calls=35 0
* 804
* 70
+2 7
+1 7
+2 84
-7 74
+9 28
cob=(3)
cfi=(157)
cfn=(592)
calls=2 0
* 44
* 14
cob=(3)
cfi=(157)
cfn=(592)
calls=2 0
* 44
* 4
+5 18
+3 21
cob=(3)
cfi=(157)
cfn=(626)
calls=7 0
* 112
* 14
+1 14
+2 56
cfi=(323)
cfn=(1380)
calls=7 1544
* 2711
* 7
+1 21
cob=(3)
cfi=(157)
cfn=(626)
calls=7 0
* 112
* 28
-3 49
+6 21
cfi=(192)
cfn=(630)
calls=7 51
* 938
* 7
+1 35
cob=(3)
cfi=(157)
cfn=(1280)
calls=7 0
* 189
+1 14
+2 56
cfi=(323)
cfn=(1380)
calls=7 1544
* 2711
* 7
+1 21
cob=(3)
cfi=(157)
cfn=(626)
calls=7 0
* 112
* 35
+1 35
cob=(3)
cfi=(157)
cfn=(1146)
calls=7 0
* 252
-4 49
+8 7
+1 14
+2 70
cfi=(216)
cfn=(1412)
calls=7 270
* 133
* 14
-2 49
+9 14
+3 14
+2 147
cfi=(323)
cfn=(1458)
calls=7 2637
* 7589
* 7
+4 21
+17 522
+1 522
+2 4
+2 4
+5 20
cob=(3)
cfi=(157)
cfn=(1146)
calls=2 0
* 76
+1 20
cob=(3)
cfi=(157)
cfn=(1146)
calls=2 0
* 76
-8 14
+12 12
cfi=(323)
cfn=(1376)
calls=2 1970
* 3265
* 2
+1 4
+3 6
+9 81
+8 9
+3 1574
498 9
1025 778
+4 3890
cfi=(252)
cfn=(1060)
calls=778 670
* 235209
* 2334
+2 7
+1 77
+1 35
cfi=(252)
cfn=(1062)
calls=7 83
* 2030
+1 35
cfi=(252)
cfn=(1060)
calls=7 670
* 3560
+2 21
+53 21
+2 35
cfi=(252)
cfn=(1062)
calls=7 83
* 3329
+1 35
cfi=(252)
cfn=(1060)
calls=7 670
* 2023
* 21
+2 14
+16 14
+5 14
+3 21
cfi=(279)
cfn=(1262)
calls=7 26
* 36292
* 14
+55 14
+1 28
+2 35
cfi=(278)
cfn=(1250)
calls=7 649
* 217
* 7
+1 14
+7 49
+15 35
cfi=(278)
cfn=(1268)
calls=7 437
* 1625
* 7
+1 70
+11 35
cfi=(252)
cfn=(1062)
calls=7 83
* 2030
+1 14
cfi=(275)
cfn=(1046)
calls=7 89
* 1337
* 7
+1 77
+1 21
+1 14
cfi=(275)
cfn=(1032)
calls=7 109
* 1358
* 7
+1 21
cfi=(192)
cfn=(624)
calls=7 91
* 1358
* 14
+1 21
+2 14
+1 7
+3 7
+1 70
+1 21
-1 14
+18 14
+38 112
cfi=(252)
cfn=(1060)
calls=14 670
* 3976
* 42
+2 70
cfi=(252)
cfn=(1062)
calls=14 83
* 3514
+2 105
cfi=(252)
cfn=(1060)
calls=21 670
* 11758
* 63
+4 105
cfi=(252)
cfn=(1062)
calls=21 83
* 11065
+1 105
cfi=(252)
cfn=(1062)
calls=21 83
* 5376
* 63
+4 105
cfi=(295)
cfn=(1161)
calls=21 12
* 369064
* 21
+1 42
cfi=(275)
cfn=(1046)
calls=21 89
* 4011
* 21
+1 231
+1 294
cfi=(279)
cfn=(1118)
calls=21 230
* 4032
* 63
+1 63
+1 42
+2 21
+4 42
+2 28
+1 14
-29 70
cfi=(252)
cfn=(1060)
calls=14 670
* 4249
+28 14
+1 7
-29 35
cfi=(252)
cfn=(1060)
calls=7 670
* 1988
* 35
cfi=(252)
cfn=(1060)
calls=7 670
* 3560
* 91
+31 35
cfi=(252)
cfn=(1062)
calls=7 83
* 2030
+2 21
+2 21
+1 7
+2 252
cob=(3)
cfi=(157)
cfn=(592)
calls=42 0
* 1001
* 336
cob=(3)
cfi=(157)
cfn=(592)
calls=42 0
* 1001
* 84
+4 126
-6 98
+8 14
1423 14
cfi=(275)
cfn=(1032)
calls=7 109
* 1358
* 7
+1 21
cfi=(192)
cfn=(624)
calls=7 91
* 1358
* 14
+1 21
+1 14
+4 3855
cfi=(278)
cfn=(1170)
calls=771 800
* 9222684
* 771
+1 3855
cob=(3)
cfi=(157)
cfn=(592)
calls=771 0
* 18110
* 1542
+71 1562
cfi=(252)
cfn=(1060)
calls=4 670
* 1136
* 12
+2 20
cfi=(252)
cfn=(1062)
calls=4 83
* 1004
+1 24
cfi=(298)
cfn=(1182)
calls=4 184
* 177326
+1 8
+1 8
+1 8
+1 8
+1 8
+2 20
cfi=(252)
cfn=(1062)
calls=4 83
* 1004
* 12
+4 28
1630 8
+9 8
cfi=(275)
cfn=(1046)
calls=4 89
* 764
* 4
+1 44
+1 8
cfi=(275)
cfn=(1046)
calls=4 89
* 764
* 4
+1 12
+1 12
+1 12
+1 20
+1 12
+1 8
+2 48
+2 16
+13 16
+2 16
+1 16
cfi=(275)
cfn=(1136)
calls=4 446
* 3460
* 8
1503 4
1674 5369
cfi=(216)
cfn=(1174)
calls=767 93
* 197023
* 1649
cfi=(252)
cfn=(1060)
calls=23 670
* 6636
* 69
+2 15
cfi=(252)
cfn=(1062)
calls=3 83
* 753
+1 18
cfi=(298)
cfn=(1182)
calls=3 184
* 104181
+1 6
+1 6
+1 6
+1 6
+2 15
cfi=(252)
cfn=(1062)
calls=3 83
* 753
* 9
+5 6
cfi=(275)
cfn=(1046)
calls=3 89
* 573
* 3
+1 33
+1 6
cfi=(275)
cfn=(1046)
calls=3 89
* 573
* 3
+1 33
+1 9
+1 9
+1 9
+1 15
+1 9
+1 9
cfi=(192)
cfn=(624)
calls=3 91
* 588
* 6
+2 15
cfi=(216)
cfn=(1378)
calls=3 232
* 1705
* 3
+1 6
1807 9
cfi=(192)
cfn=(624)
calls=3 91
* 588
* 6
1675 3
1813 3820
cfi=(216)
cfn=(1174)
calls=764 93
* 185117
* 764
+1 4504
+14 1528
cfi=(275)
cfn=(1046)
calls=764 89
* 146333
* 764
+1 8404
+1 2292
+1 3820
cfi=(216)
cfn=(1178)
calls=764 57
* 192461
* 1528
+2 1528
+2 1488
+1 8928
+3 3720
cfi=(216)
cfn=(1180)
calls=744 76
* 287445
* 100
cfi=(216)
cfn=(1180)
calls=20 76
* 49720
* 764
+2 1528
+2 2151
+1 2151
+4 141
cfi=(192)
cfn=(624)
calls=47 91
* 9212
* 94
+1 194
cfi=(216)
cfn=(1332)
calls=20 441
* 4030
* 40
+2 141
+11 813
+3 2981
+1 271
+1 542
cfi=(192)
cfn=(630)
calls=271 51
* 36314
* 271
+1 542
cfi=(192)
cfn=(630)
calls=271 51
* 36314
* 271
+1 271
+4 1355
cfi=(252)
cfn=(1060)
calls=271 670
* 108371
* 813
+2 833
cfi=(252)
cfn=(1060)
calls=119 670
* 35055
* 357
+11 304
+5 760
cfi=(252)
cfn=(1062)
calls=152 83
* 68300
* 2888
cfi=(279)
cfn=(1118)
calls=152 230
* 29088
* 304
+1 912
+1 304
+2 760
cfi=(252)
cfn=(1060)
calls=152 670
* 44715
* 456
+13 152
+2 760
cfi=(252)
cfn=(1060)
calls=152 670
* 44715
+1 456
+5 456
+2 415
cfi=(252)
cfn=(1062)
calls=83 83
* 20833
+1 415
cfi=(252)
cfn=(1060)
calls=83 670
* 29611
* 249
-35 238
+44 138
-4 83
+8 542
+34 1963
+8 813
+3 1355
cfi=(252)
cfn=(1060)
calls=271 670
* 108371
* 813
+2 1672
+1 760
cfi=(252)
cfn=(1062)
calls=152 83
* 68300
+1 912
cfi=(252)
cfn=(1060)
calls=152 670
* 44715
* 608
+14 35
cfi=(252)
cfn=(1060)
calls=7 670
* 2101
+1 7
+1 14
+2 49
-2 49
+7 14
+4 35
cfi=(252)
cfn=(1062)
calls=7 83
* 1870
-15 795
cfi=(252)
cfn=(1060)
calls=159 670
* 46791
* 822
cfi=(252)
cfn=(1060)
calls=69 670
* 21143
* 338
+18 760
cfi=(252)
cfn=(1060)
calls=152 670
* 44690
* 456
+2 440
cfi=(252)
cfn=(1062)
calls=88 83
* 22088
+1 440
cfi=(252)
cfn=(1060)
calls=88 670
* 32186
+1 783
+1 85
-1 170
+1 243
+1 81
-1 162
+2 81
-1 162
+3 81
-1 162
+1 114
+3 440
cfi=(289)
cfn=(1128)
calls=88 16
* 579490
* 88
+1 264
cfi=(275)
cfn=(1136)
calls=88 446
* 24310
* 88
+2 440
cfi=(252)
cfn=(1062)
calls=88 83
* 22088
+1 264
+5 528
cfi=(296)
cfn=(1163)
calls=88 372
* 5963598
* 88
+2 264
cfi=(275)
cfn=(1298)
calls=88 31
* 43085
* 176
+7 176
cfi=(275)
cfn=(1046)
calls=88 89
* 16808
* 88
+1 968
+1 264
+1 264
+1 264
+1 176
+4 549
+2 915
cfi=(295)
cfn=(1161)
calls=183 12
* 17772244
* 183
+2 915
cfi=(252)
cfn=(1060)
calls=183 670
* 51972
* 549
+6 915
cfi=(252)
cfn=(1062)
calls=183 83
* 45933
* 549
+4 549
2257 6890
cfi=(252)
cfn=(1060)
calls=1378 670
* 411254
* 4134
+30 6890
cfi=(252)
cfn=(1060)
calls=1378 670
* 411254
* 4134
+2 100
cfi=(252)
cfn=(1062)
calls=20 83
* 5020
+1 100
cfi=(295)
cfn=(1161)
calls=20 12
* 432552
* 20
+2 20
+1 20
+1 20
+1 120
cfi=(252)
cfn=(1060)
calls=20 670
* 5680
* 60
+17 100
cfi=(252)
cfn=(1062)
calls=20 83
* 5020
+1 60
+7 220
+1 9
-1 6
+3 16
+2 3
+1 7
+7 20
+1 180
+1 51
-1 34
+68 40
+2 40
cfi=(275)
cfn=(1046)
calls=20 89
* 3820
* 20
+1 220
+1 60
+1 60
+1 60
+1 80
+3 60
+1 40
+5 120
+2 100
+24 40
2257 20
2450 1358
+4 1358
+1 11624

fl=(332)
fn=(1508)
705 119
+1 85
+2 17
+8 51

fn=(1554)
773 8
+1 5
+2 1
+8 3

fn=(1496) misra_check_struct_decl
722 7
+1 5
+2 2
+41 3

fn=(1506)
1625 10
+1 5
+2 2
+27 6

fn=(1564)
1659 16
+1 10
+2 4
+16 6

fn=(1494)
1333 70
+1 50
+2 10
+9 30

fn=(1562)
413 40
+1 25
+2 10
+42 15

fn=(1500)
831 7
+1 5
+2 1
+10 3

fn=(1568)
225 27
+1 15
+2 6
+18 9

fl=(345)
fn=(1722)
324 2112
+1 704
+6 2744
+2 572
+4 330
cfi=(275)
cfn=(1414)
calls=66 1062
* 26060
* 66
+1 66
+1 132
+2 132
+1 396
cob=(3)
cfi=(157)
cfn=(1072)
calls=66 0
* 1896
* 132
+4 330
cfi=(278)
cfn=(1268)
calls=66 +91
* 1740027
* 66
+3 198
+1 66
+1 132
+2 264
+4 476
+2 70
+2 55
+4 8
+9 132
+2 44
+2 18
+1 36
+17 54
cob=(3)
cfi=(157)
cfn=(592)
calls=9 0
* 209
* 18
+2 99
cfi=(327)
cfn=(1430)
calls=9 119
* 22989
+1 18
+4 8
+3 14
cfi=(327)
cfn=(1430)
calls=2 119
* 2650
+1 10
cfi=(328)
cfn=(1422)
calls=2 24
* 124637
+1 14
cfi=(327)
cfn=(1430)
calls=2 119
* 2478
+1 10
cfi=(328)
cfn=(1422)
calls=2 24
* 124637
+1 14
cfi=(327)
cfn=(1430)
calls=2 119
* 1318
+1 4
+3 55
+1 704

fn=(1742) emit_mangled_name
30 4150
+1 1660
+5 4150
cob=(3)
cfi=(157)
cfn=(672)
calls=415 -36
* 247595
+1 1245
cfi=(192)
cfn=(1274)
calls=415 +67
* 201244
* 415
+2 2905
cfi=(216)
cfn=(1428)
calls=415 +59
* 7642554
* 830
+1 2490
+6 3735
cfi=(327)
cfn=(1430)
calls=415 +73
* 923350
* 415
+3 2075

fn=(1674)
141 3206
+1 2748
cfn=(1676) emit_c_decl
calls=458 -74
* 1113569
+1 1374

fn=(1720) codegen_expression_with_move
419 12528
+1 4176
+5 18000
+3 4725
cfi=(275)
cfn=(1414)
calls=945 1062
* 961832
* 945
+1 945
+1 1890
+2 1790
+1 5370
cob=(3)
cfi=(157)
cfn=(1072)
calls=895 0
* 25421
* 1790
+4 4475
cfi=(278)
cfn=(1268)
calls=895 *
* 27393933
* 895
+3 2685
+1 895
+1 1790
-2 150
+1 50
+1 100
+2 3428
+4 6740
+2 94
+2 45
+4 80
+4 176
+5 1890
+2 36
+2 63
cfi=(327)
cfn=(1430)
calls=9 119
* 6462
+1 45
cfn=(1722)
calls=9 324
* 28846
+1 63
cfi=(327)
cfn=(1430)
calls=9 119
* 5931
+1 45
cfi=(328)
cfn=(1423) codegen_expression'2
calls=9 24
* 160245
+1 63
cfi=(327)
cfn=(1430)
calls=9 119
* 6939
+12 9
+3 10395
cfi=(328)
cfn=(1423)
calls=2079 24
* 103965658
* 2079
+1 4176

fn=(1721) codegen_expression_with_move'2
419 9162
+1 3054
+5 13130
+3 3680
cfi=(275)
cfn=(1414)
calls=736 1062
* 361529
* 736
+1 736
+1 1472
+2 1460
+1 4380
cob=(3)
cfi=(157)
cfn=(1072)
calls=730 0
* 20697
* 1460
+4 3650
cfi=(278)
cfn=(1268)
calls=730 *
* 22932846
* 730
+3 2190
+1 730
+1 1460
-2 18
+1 6
+1 12
+2 2768
+4 5464
+2 36
+6 72
+4 88
+5 1472
+23 7635
cfi=(328)
cfn=(1423)
calls=1527 24
* 59066437
* 1527
+1 3054

fn=(1760)
147 66
+2 11
+1 22
+2 55
cfi=(275)
cfn=(1414)
calls=11 1062
* 560400
* 11
+3 22
+6 77
cfi=(178)
cfn=(718)
calls=11 317
* 1023
* 22
+8 77
cfi=(327)
cfn=(1430)
calls=11 -50
* 14250
+3 44

fn=(1728) emit_pending_closure_frees
16 3980
+1 4776
+5 1592
+1 2388

fn=(1676)
68 18540
+1 7416
cob=(3)
cfi=(157)
cfn=(710)
calls=1854 -69
* 42662
* 1854
+1 7416
cob=(3)
cfi=(157)
cfn=(710)
calls=1854 -70
* 42662
* 1854
+1 9270
cob=(3)
cfi=(157)
cfn=(720)
calls=1854 -71
* 91861
* 1854
+2 3708
+15 3708
+40 3708
+2 42
+1 196
cfi=(327)
cfn=(1430)
calls=14 -12
* 43061
+6 14
-2 18400
cfi=(327)
cfn=(1430)
calls=1840 -16
* 4060446
+2 12964

fn=(1692)
176 6482
+1 5556
+6 4630
+6 4630
+16 926
+3 7556
-1 389
+3 1945
cob=(3)
cfi=(157)
cfn=(592)
calls=389 0
* 8977
-3 537
+3 2685
cob=(3)
cfi=(157)
cfn=(592)
calls=537 0
* 12278
* 1852
+2 6482
cfi=(327)
cfn=(1430)
calls=926 -93
* 953196
+4 3704
+16 3704
+2 3704
cfi=(275)
cfn=(1236)
calls=926 747
* 309085
* 1852
+11 4630
cob=(3)
cfi=(157)
cfn=(720)
calls=926 0
* 45838
* 926
+2 1852
+8 9260
cfi=(327)
cfn=(1430)
calls=926 119
* 2837813
+5 3704
+6 3852
+2 259
cfi=(327)
cfn=(1430)
calls=37 119
* 28527
* 37
+4 1778
+2 2792
+2 3549
cfi=(327)
cfn=(1430)
calls=507 119
* 334113
+3 1396
+2 18148
+4 18148
+2 12564
cfi=(275)
cfn=(1236)
calls=1396 747
* 1006105
* 2792
+7 2792
+2 18148
+2 11168
+4 8376
cfn=(1676)
calls=1396 68
* 3258067
-30 10536
+33 3556
+9 6482
cfi=(327)
cfn=(1430)
calls=926 119
* 552067
+2 1852
+5 1852

fl=(165)
fn=(1870) 0x0000000000009220
0 5

fn=(534)
0 12
cob=(2)
cfi=(166)
cfn=(536)
calls=1 242
0 455221649

fn=(546)
0 12

fn=(1854)
0 9
cob=(3)
cfi=(157)
cfn=(1860)
calls=1 0
0 80
0 1
cfn=(1870)
calls=1 0
0 5
0 3

fl=(212)
fn=(702)
19 22
cfn=(704) zvec_reserve_Str
calls=1 *
* 246
* 16

fn=(704)
19 16
cob=(3)
cfi=(157)
cfn=(706)
calls=1 -19
* 218
* 12

fl=(284)
fn=(1102) zmap_fib_index
519 16
+1 32
+1 8
-2 248
+1 496
+1 124
-2 316
+1 632
+1 158

fn=(1252)
1488 5122

fn=(1094) zmap_next_pow2
499 3
+1 2
+4 1
+1 3
+1 3
+1 3
+1 3
+1 3
+2 3
+2 2
+1 2
-15 6
+1 4
+4 2
+1 6
+1 6
+1 6
+1 6
+1 6
+2 6
+2 4
+1 4

fn=(1454)
1488 754

fn=(1090)
1488 34
cfi=(229) /app/src/driver/../parser/parser.h
cfn=(1100) zmap_hash_cstr
calls=2 166
* 426
* 14
cfn=(1102)
calls=2 519
* 28
* 58
cfn=(1216) zmap_dist
calls=2 524
* 70
* 60
cfi=(229)
cfn=(1218) zmap_cmp_cstr
calls=2 178
* 70
* 214
cfi=(229)
cfn=(1100)
calls=9 166
* 2203
* 63
cfn=(1102)
calls=9 519
* 126
* 244
cfn=(1216)
calls=5 524
* 175
* 544
cfi=(229)
cfn=(1100)
calls=25 166
* 5897
* 175
cfn=(1102)
calls=25 519
* 350
* 800
cfn=(1216)
calls=22 524
* 770
* 501
cfi=(229)
cfn=(1218)
calls=12 178
* 422
* 277

fn=(1092)
1488 151
cfn=(1094)
calls=1 499
* 28
* 6
cfn=(1096) zmap_resize_FileSet
calls=1 *
* 239
* 98
cfi=(229)
cfn=(1100)
calls=12 166
* 2998
* 84
cfn=(1102)
calls=12 519
* 168
* 682
cfn=(1216)
calls=5 524
* 175
* 320
cfn=(1094)
calls=1 499
* 28
* 2
cfn=(1094)
calls=1 499
* 28
* 12
cfn=(1096)
calls=2 *
* 1256
* 100
cfi=(229)
cfn=(1100)
calls=12 166
* 2998
* 84
cfn=(1102)
calls=12 519
* 168
* 910
cfn=(1216)
calls=11 524
* 385
* 347

fn=(1216)
524 14
+1 10
cfn=(1102)
calls=2 -6
* 28
* 2
+1 6
+2 6
+3 4
-7 203
+1 145
cfn=(1102)
calls=29 -6
* 406
* 29
+1 87
+2 84
+2 4
+1 58
-7 252
+1 180
cfn=(1102)
calls=36 -6
* 504
* 36
+1 108
+2 108
+3 72

fn=(1096)
1488 9
cfi=(192)
cfn=(1098)
calls=1 56
* 175
* 73
cfi=(192)
cfn=(1098)
calls=2 56
* 360
* 254
cfn=(1102)
calls=6 519
* 84
* 297
cfn=(1216)
calls=3 524
* 105
* 138

fn=(1214) zmap_remove_FileSet
1488 204
cfi=(229)
cfn=(1100)
calls=12 166
* 2998
* 84
cfn=(1102)
calls=12 519
* 168
* 429
cfn=(1216)
calls=15 524
* 525
* 405
cfi=(229)
cfn=(1218)
calls=12 178
* 422
* 500
cfn=(1216)
calls=4 524
* 141
* 133

fl=(319)
fn=(1362) append_to_gen_fmt
65 570
+2 228
+1 266
cob=(3)
cfi=(157)
cfn=(992)
calls=38 -68
* 22103
* 38
+3 76
+5 190
cfi=(192)
cfn=(630)
calls=38 -25
* 5092
* 38
+1 228
+1 304
cob=(3)
cfi=(157)
cfn=(992)
calls=38 -78
* 20165
+3 228
cfn=(1360) append_to_gen
calls=38 -28
* 4271
* 38
+2 190

fn=(1358)
88 224
+1 48
+1 80
+3 64
+2 16
+1 48
cfi=(192)
cfn=(630)
calls=16 -45
* 2144
* 16
+1 32
+1 96
cfn=(1360)
calls=16 -45
* 1616
+2 32
+8 48
cfi=(192)
cfn=(624)
calls=16 -17
* 3146
* 16
+1 32
+2 16
+2 34
+1 17
+2 1858
+3 25
+7 1828
+5 457
-17 1908
+10 5
+10 51
+2 34
+6 136
cfn=(1362)
calls=17 -77
* 24451
+3 51
+1 85
cfi=(192)
cfn=(630)
calls=17 -95
* 2278
* 17
+1 17
+1 34
+2 3199
+5 3199
+7 5484
-14 1879
+17 85
+2 51
cfi=(300)
cfn=(1196)
calls=17 +23
* 19484
* 17
+1 102
cfn=(1360)
calls=17 53
* 1819
+1 102
cfn=(1360)
calls=17 53
* 2027
+6 68
+5 15
+1 5
+1 5
+1 5
+2 140
+4 140
+2 5
+2 190
+11 70
+4 30
-25 210
+23 5
+5 20
+4 10
+1 15
+2 10
+1 10
+1 5
+2 120
+8 120
+1 30
+1 30
-12 140
+15 10
+1 5
+1 10
+6 10
+1 25
+5 15
cfi=(192)
cfn=(624)
calls=5 91
* 980
* 5
+2 10
+3 40
cfi=(252)
cfn=(936)
calls=5 6
* 135
+1 10
+1 10
+3 20
+1 5
+2 33
+2 45
+2 30
+1 3
+3 70
cfi=(279)
cfn=(1118)
calls=5 -40
* 956
* 10
+1 25
cfi=(216)
cfn=(1174)
calls=5 93
* 838
* 5
+1 10
+2 10
+3 10
+11 80
-28 40
cfi=(252)
cfn=(1062)
calls=8 83
* 2431
* 40
cfi=(252)
cfn=(1062)
calls=8 83
* 2519
* 48
+32 10
+1 10
+3 40
cfi=(252)
cfn=(936)
calls=5 6
* 135
+1 10
+1 10
+2 25
cfi=(295)
cfn=(1161)
calls=5 12
* 129727
* 5
+1 10
+2 25
cfi=(275)
cfn=(1414)
calls=5 1062
* 4780
* 5
+7 5
+1 5
+1 5
+1 5
+2 5
+1 5
+1 10
+2 32
+3 5
+3 15
+1 70
+1 10
-1 10
+3 10
+8 25
+2 10
+2 20
+2 15
+1 5
+1 5
+2 20
+4 65
+6 10
+16 10
+2 25
cfi=(326) /app/src/utils/format_expr.c
cfn=(1416) format_expression_as_c
calls=5 8
* 169213
* 5
+1 10
+2 10
+4 10
+5 10
+39 5
+1 30
+1 25
cfi=(275)
cfn=(1136)
calls=5 +18
* 4325
* 10
+2 5
+2 20
+2 10
+1 5
+1 20
+2 15
+1 5
+3 5
+2 20
+4 20
-6 10
+24 30
+80 30
+75 30
+7 10
+2 20
cob=(3)
cfi=(157)
cfn=(710)
calls=5 0
* 115
* 35
cob=(3)
cfi=(157)
cfn=(720)
calls=5 0
* 320
* 10
+16 10
+82 10
+43 10
+2 10
+9 60
cfn=(1362)
calls=5 65
* 10432
* 5
+44 15
111 88
+66 12
829 32
+2 32
+6 128
cfn=(1362)
calls=16 65
* 19142
* 16
+8 32
+6 96
cfn=(1360)
calls=16 53
* 2124
+4 48
+1 16
+1 96

fn=(1472) normalize_raw_content
19 5
+1 2
+5 3
cob=(3)
cfi=(157)
cfn=(626)
calls=1 -25
* 123
* 1
+1 4
cfi=(192)
cfn=(630)
calls=1 +25
* 134
* 1
+1 2
+1 2
+2 1
+2 3932
+13 7864
-15 3936
+18 2
+1 1
+1 2

fn=(1360)
53 728
+1 416
cob=(3)
cfi=(157)
cfn=(626)
calls=104 -54
* 2398
* 104
+1 312
cob=(3)
cfi=(157)
cfn=(626)
calls=104 -55
* 1773
* 104
+1 832
+5 624
cob=(3)
cfi=(157)
cfn=(1146)
calls=104 -61
* 4254
+1 312

fl=(326)
fn=(1416)
8 30
+1 20
+5 20
cfi=(327)
cfn=(1418) emitter_push
calls=5 252
* 268
+1 20
cfi=(327)
cfn=(1420) emitter_init_buffer
calls=5 +88
* 125
+1 25
cfi=(328)
cfn=(1422)
calls=5 +8
* 168460
+1 20
cfi=(327)
cfn=(1444) emitter_take_string
calls=5 223
* 110
* 5
+1 20
cfi=(327)
cfn=(1446) emitter_pop
calls=5 275
* 75
+1 5
+1 10

fl=(265) /app/src/utils/colors.c
fn=(978) zprintf
101 35
+2 6
+1 6
cfn=(980) zvfprintf
calls=1 -55
* 3090
-3 3
+2 6
+1 6
cfn=(980)
calls=1 -55
* 1952
* 2
+2 2
+1 10

fn=(996) strip_ansi_codes
23 8
+1 4
+1 4
+1 2
+2 454
+2 6
+1 6
+2 12
-2 144
+4 24
+2 6
-2 6
+7 800
-16 432
+19 4
+1 6

fn=(980)
49 24
+1 6
cob=(3)
cfi=(157)
cfn=(982)
calls=2 -50
* 18
* 4
cob=(3)
cfi=(157)
cfn=(986)
calls=2 -50
* 88
* 8
+2 4
+7 16
+1 12
cob=(3)
cfi=(157)
cfn=(992)
calls=2 -60
* 2146
* 2
+3 4
+5 4
+1 4
+10 6
cfn=(996)
calls=2 -56
* 1918
+1 6
cob=(3)
cfi=(157)
cfn=(626)
calls=2 -80
* 48
* 2
+1 14
cob=(3)
cfi=(157)
cfn=(998)
calls=2 -81
* 688
* 2
+7 8
+1 10

fl=(325) /app/src/parser/struct/struct_trait.c
fn=(1404) parse_trait
21 50
+1 25
cfi=(252)
cfn=(1062)
calls=5 +61
* 2621
+1 25
cfi=(252)
cfn=(1062)
calls=5 +60
* 2962
+1 80
cfi=(279)
cfn=(1114)
calls=5 425
* 4555
* 5
+1 15
+4 25
cfi=(192)
cfn=(630)
calls=5 +22
* 670
* 5
+1 35
cob=(3)
cfi=(157)
cfn=(586)
calls=5 -30
* 155
+1 25
+3 5
+1 5
+1 25
cfi=(252)
cfn=(1060)
calls=5 670
* 1547
* 15
+2 10
cfi=(252)
cfn=(1062)
calls=2 +45
* 512
+1 4
cfi=(192)
cfn=(630)
calls=2 +12
* 268
* 2
+3 10
cfi=(252)
cfn=(1062)
calls=2 +41
* 522
+1 32
cfi=(279)
cfn=(1114)
calls=2 425
* 1566
* 2
+1 6
+4 20
cfi=(192)
cfn=(630)
calls=2 +3
* 268
* 2
+1 24
cob=(3)
cfi=(157)
cfn=(586)
calls=2 -49
* 60
+1 20
+1 2
+2 10
cfi=(252)
cfn=(1060)
calls=2 670
* 578
+1 6
+5 6
+2 10
cfi=(252)
cfn=(1062)
calls=2 +22
* 512
* 2
+10 10
+2 4
+2 20
cfi=(216)
cfn=(1324)
calls=2 246
* 452
-2 14
+6 25
cfi=(252)
cfn=(1062)
calls=5 +4
* 1450
+2 10
+3 15
cfi=(279)
cfn=(1058)
calls=5 277
* 2813
* 12
cfi=(279)
cfn=(1058)
calls=4 277
* 1436
+1 45
cfi=(252)
cfn=(1060)
calls=9 670
* 3952
* 27
+2 25
cfi=(252)
cfn=(1062)
calls=5 -4
* 1423
+78 10
cfi=(275)
cfn=(1046)
calls=5 -76
* 955
* 5
+1 15
+1 15
+1 15
+1 15
+2 13
-80 100
+1 20
cfi=(252)
cfn=(1060)
calls=4 670
* 2364
* 12
+6 20
cfi=(252)
cfn=(1062)
calls=4 -15
* 2232
+1 36
cob=(3)
cfi=(157)
cfn=(1072)
calls=4 -99
* 114
* 8
+5 20
cfi=(252)
cfn=(1062)
calls=4 -21
* 2297
+1 64
cfi=(279)
cfn=(1114)
calls=4 425
* 3759
* 4
+1 20
cfi=(192)
cfn=(630)
calls=4 -55
* 536
* 4
+1 28
cob=(3)
cfi=(157)
cfn=(586)
calls=4 0
* 124
+1 20
+2 4
+1 4
+1 4
+1 4
+1 4
+1 4
+1 56
cfi=(288)
cfn=(1124)
calls=4 567
* 26668
* 8
+3 12
cfi=(192)
cfn=(624)
calls=4 -28
* 784
* 4
+1 8
cfi=(275)
cfn=(1032)
calls=4 -11
* 776
* 4
+1 20
cfi=(252)
cfn=(1060)
calls=4 670
* 1118
* 12
+2 15
cfi=(252)
cfn=(1062)
calls=3 -40
* 735
+1 15
cfi=(289)
cfn=(1128)
calls=3 16
* 50580
* 3
+2 9
cfi=(275)
cfn=(1136)
calls=3 446
* 734
* 3
+3 15
cfi=(252)
cfn=(1060)
calls=3 670
* 852
* 5
cfi=(252)
cfn=(1060)
calls=1 670
* 284
* 12
+2 20
cfi=(252)
cfn=(1062)
calls=4 -48
* 1004
+1 8
cfi=(275)
cfn=(1046)
calls=4 -43
* 764
* 4
+1 24
+1 44
+1 12
+1 12
+1 12
+1 12
+1 12
+1 12
+1 12
+1 12
+1 12
+1 8
+1 12
+1 12
+1 12
+1 8
+2 12
+6 12
+17 12
+3 6
cfi=(275)
cfn=(1406)
calls=2 11
* 708
* 9
cfi=(275)
cfn=(1406)
calls=3 11
* 1068
+1 25
cfi=(278)
cfn=(1356)
calls=5 +28
* 1035
+1 5
+1 30

fl=(329) /app/src/codegen/codegen_expr_core.c
fn=(1424) handle_expr_var
445 24468
+1 20390
cfn=(1426) codegen_var_expr
calls=4078 154
* 91281862
+1 12234

fn=(1426)
154 40780
+1 16312
+20 38176
cob=(3)
cfi=(157)
cfn=(592)
calls=3644 0
* 83069
* 7288
+2 816
+12 24468
cob=(3)
cfi=(157)
cfn=(720)
calls=4078 0
* 201446
* 4078
+1 4078
+1 8156
+2 24468
cob=(3)
cfi=(157)
cfn=(720)
calls=4078 0
* 202185
* 4078
+1 4078
+3 8156
+3 1810
+1 1810
cfi=(192)
cfn=(630)
calls=362 51
* 48508
* 362
+1 2896
cob=(3)
cfi=(157)
cfn=(586)
calls=362 0
* 11684
+1 1810
+2 1810
+4 1086
cfi=(192)
cfn=(624)
calls=362 91
* 71420
* 362
+3 724
+2 1810
cfi=(278)
cfn=(1132)
calls=362 -65
* 5430
* 362
+1 1448
+1 724
+8 2172
cfi=(345)
cfn=(1742)
calls=362 30
* 8186779
+5 1086
+28 22296
cob=(3)
cfi=(157)
cfn=(592)
calls=3716 0
* 84811
* 7432
+2 10575
+9 18580
cob=(3)
cfi=(157)
cfn=(710)
calls=3716 0
* 85516
* 3716
+1 9569
+1 1278
cob=(3)
cfi=(157)
cfn=(720)
calls=213 0
* 10495
-1 426
+4 1065
+1 426
+2 1491
cob=(3)
cfi=(157)
cfn=(586)
calls=213 0
* 6971
+1 852
+2 1065
cfi=(278)
cfn=(1268)
calls=213 437
* 6677893
* 213
+2 1278
cob=(3)
cfi=(157)
cfn=(1072)
calls=213 0
* 5898
* 1704
cob=(3)
cfi=(157)
cfn=(1072)
calls=213 0
* 5898
* 426
+1 1278
cob=(3)
cfi=(157)
cfn=(1072)
calls=213 0
* 5898
-1 639
-1 213
+3 852
+7 22296
cfi=(216)
cfn=(1428)
calls=3716 98
* 71109367
* 3716
+1 21908
+6 37160
cfi=(327)
cfn=(1430)
calls=3716 119
* 4074390
* 3716
-43 362
+45 24468

fn=(1734) handle_expr_literal
455 6222
+1 5185
cfn=(1736) codegen_literal_expr
calls=1037 77
* 1639559
+1 3111

fn=(1736)
77 9333
+1 8208
+2 154
cfi=(327)
cfn=(1430)
calls=22 +39
* 13112
+1 44
+2 3066
+1 1752
+29 3942
cfi=(327)
cfn=(1430)
calls=438 +6
* 344268
-32 4118
+35 154
cfi=(327)
cfn=(1430)
calls=22 +3
* 13112
+34 22
-32 4060
+2 100
+6 250
cfi=(327)
cfn=(1430)
calls=25 -7
* 26318
+24 25
-21 3960
+12 3960
+6 9900
cfi=(327)
cfn=(1430)
calls=990 -28
* 1183479
+3 6222

fl=(330) /app/src/codegen/codegen_expr_handlers.c
fn=(1466) handle_expr_member
148 7826
+1 6708
cob=(3)
cfi=(157)
cfn=(592)
calls=1118 0
* 25959
* 2236
+2 4136
+8 12298
+6 6708
cob=(3)
cfi=(157)
cfn=(592)
calls=1118 0
* 25959
* 2236
+15 4472
+18 5590
+2 7469
cfi=(278)
cfn=(1268)
calls=1067 437
* 31988900
* 1067
+1 2134
+7 6708
cfi=(328)
cfn=(1423)
calls=1118 24
* 35716987
+1 6708
cfi=(275)
cfn=(1414)
calls=1118 1062
* 992616
* 1118
+1 1118
+1 5590
cob=(3)
cfi=(157)
cfn=(626)
calls=1118 0
* 17918
* 7220
cob=(3)
cfi=(157)
cfn=(710)
calls=128 0
* 2948
* 256
+2 990
+7 2970
+1 1980
-1 384
+1 9200
+6 5496
cfi=(327)
cfn=(1430)
calls=128 119
* 193923
* 8910
cfi=(327)
cfn=(1430)
calls=990 119
* 1557327
+3 3354

fn=(1467) handle_expr_member'2
148 273
+1 234
cob=(3)
cfi=(157)
cfn=(592)
calls=39 0
* 887
* 78
+10 429
+6 234
cob=(3)
cfi=(157)
cfn=(592)
calls=39 0
* 887
* 78
+15 156
+18 195
+2 252
cfi=(278)
cfn=(1268)
calls=36 437
* 1187715
* 36
+1 72
+7 234
cfi=(328)
cfn=(1423)
calls=39 24
* 1277607
+1 234
cfi=(275)
cfn=(1414)
calls=39 1062
* 33705
* 39
+1 39
+1 195
cob=(3)
cfi=(157)
cfn=(626)
calls=39 0
* 624
* 258
cob=(3)
cfi=(157)
cfn=(710)
calls=6 0
* 138
* 12
+2 33
+7 99
+1 66
-1 18
+1 324
+6 204
cfi=(327)
cfn=(1430)
calls=6 119
* 9009
* 297
cfi=(327)
cfn=(1430)
calls=33 119
* 50859
+3 117

fn=(1746) handle_expr_index
233 3699
+1 411
+1 2055
+2 2394
+1 408
-1 204
+7 2877
+2 3288
cob=(3)
cfi=(157)
cfn=(1072)
calls=411 0
* 11624
* 822
+6 2937
+13 822
+21 2466
cfi=(275)
cfn=(1414)
calls=411 1062
* 440968
* 411
+1 411
+1 107271
+2 2466
cob=(3)
cfi=(157)
cfn=(710)
calls=411 0
* 9457
* 822
+3 624
cob=(3)
cfi=(157)
cfn=(586)
calls=104 0
* 9308
+1 104
+1 624
cob=(3)
cfi=(157)
cfn=(1072)
calls=104 0
* 3015
* 208
+5 832
cob=(3)
cfi=(157)
cfn=(672)
calls=104 0
* 42236
+1 520
cfi=(278)
cfn=(1170)
calls=104 800
* 3114446
* 208
+6 832
cob=(3)
cfi=(157)
cfn=(672)
calls=104 0
* 42236
+1 520
cfi=(278)
cfn=(1170)
calls=104 800
* 3114446
* 208
+7 822
+26 411
+1 4449
+1 1188
-1 594
+3 510
+3 612
cfi=(328)
cfn=(1423)
calls=102 24
* 4603075
* 1854
cfi=(328)
cfn=(1423)
calls=309 24
* 12978286
+1 2877
cfi=(327)
cfn=(1430)
calls=411 119
* 244956
+1 822
+2 714
cfi=(327)
cfn=(1430)
calls=102 119
* 150042
+2 2466
cfi=(328)
cfn=(1423)
calls=411 24
* 7987935
+1 822
+2 918
cfi=(327)
cfn=(1430)
calls=102 119
* 151582
+2 2877
cfi=(327)
cfn=(1430)
calls=411 119
* 245127
+3 2466

fn=(1750) handle_expr_cast
617 738
+1 369
+1 369
cfi=(341)
cfn=(1752) map_to_c_type
calls=123 173
* 311334
* 123
+2 1107
cfi=(327)
cfn=(1430)
calls=123 119
* 200164
+1 492
+1 123
+1 722
+23 246
+7 738
cfi=(328)
cfn=(1423)
calls=123 24
* 14670024
+2 861
cfi=(327)
cfn=(1430)
calls=123 119
* 81057
+1 369

fn=(1751) handle_expr_cast'2
617 432
+1 216
+1 216
cfi=(341)
cfn=(1752)
calls=72 173
* 220619
* 72
+2 648
cfi=(327)
cfn=(1430)
calls=72 119
* 119066
+1 288
+1 72
+1 432
+23 144
+7 432
cfi=(328)
cfn=(1423)
calls=72 24
* 10421470
+2 504
cfi=(327)
cfn=(1430)
calls=72 119
* 47448
+1 216

fn=(1718) handle_expr_struct_init
702 432
+1 216
+1 360
cob=(3)
cfi=(157)
cfn=(592)
calls=72 0
* 3164
* 144
+5 72
+1 72
+1 216
+1 72
+1 72
+2 9531
+1 7413
cob=(3)
cfi=(157)
cfn=(592)
calls=1059 0
* 25507
-1 2118
+3 11
+1 55
+4 121
+6 3144
-16 2301
+14 11
+5 504
+2 72
+1 144
+18 360
854 144
+4 144
+4 144
+2 99
cfi=(327)
cfn=(1430)
calls=11 119
* 22113
* 11
+4 549
cfi=(327)
cfn=(1430)
calls=61 119
* 126697
+3 216
+1 72
+1 144
+1 72
+2 168
+1 504
-3 480
+6 144
+13 72
+1 72
+2 168
+1 1512
+1 168
-1 112
+2 168
-1 112
+3 56
+2 336
+2 224
+2 280
cfi=(327)
cfn=(1430)
calls=40 119
* 26360
+2 224
+2 1120
cfi=(327)
cfn=(1430)
calls=112 119
* 165739
+2 672
cfi=(345)
cfn=(1720)
calls=112 419
* 8389112
+1 112
+2 336
-22 224
+22 168
-22 256
+24 144
+5 504
cfi=(327)
cfn=(1430)
calls=72 119
* 42912
+2 216

fn=(1719) handle_expr_struct_init'2
702 42
+1 21
+1 35
cob=(3)
cfi=(157)
cfn=(592)
calls=7 0
* 308
* 14
+5 7
+1 7
+1 21
+1 7
+1 7
+2 1008
+1 784
cob=(3)
cfi=(157)
cfn=(592)
calls=112 0
* 2778
-1 224
+14 336
-16 245
+19 49
+2 7
+1 14
+18 35
854 14
+4 14
+4 14
+6 63
cfi=(327)
cfn=(1430)
calls=7 119
* 11991
+3 21
+1 7
+1 14
+1 7
+2 21
+1 63
-3 56
+6 14
+13 7
+1 7
+2 21
+1 189
+6 42
+2 42
+2 98
cfi=(327)
cfn=(1430)
calls=14 119
* 9226
+2 42
+2 210
cfi=(327)
cfn=(1430)
calls=21 119
* 30359
+2 126
cfi=(345)
cfn=(1721)
calls=21 419
* 912597
+1 21
+2 63
-22 56
+24 14
+5 49
cfi=(327)
cfn=(1430)
calls=7 119
* 4172
+2 21

fn=(1730) handle_expr_call
1321 9456
+1 2955
cfi=(343)
cfn=(1666)
calls=591 33
* 1311386
+2 2955
+2 170
cfi=(275)
cfn=(1144)
calls=34 1050
* 340
* 34
+1 68
+5 136
+1 136
+2 170
cob=(3)
cfi=(157)
cfn=(592)
calls=34 0
* 770
* 68
+17 136
+3 231
cob=(3)
cfi=(157)
cfn=(586)
calls=33 0
* 2887
+1 33
+2 66
+2 165
cfi=(278)
cfn=(1268)
calls=33 437
* 973570
* 33
+1 66
+52 170
cfi=(275)
cfn=(1414)
calls=34 1062
* 30010
* 34
+1 68
+2 102
cfi=(192)
cfn=(624)
calls=34 91
* 6598
* 34
+1 136
cob=(3)
cfi=(157)
cfn=(710)
calls=34 0
* 782
* 34
+1 68
+2 26
+3 26
+1 78
cob=(3)
cfi=(157)
cfn=(1072)
calls=13 0
* 387
-1 42
+1 126
cob=(3)
cfi=(157)
cfn=(1072)
calls=21 0
* 612
* 68
+5 68
+2 170
cfi=(278)
cfn=(1132)
calls=34 149
* 510
* 34
+1 136
+1 68
+6 102
cfi=(279)
cfn=(1246)
calls=34 366
* 89691
* 34
+1 68
+3 136
cob=(3)
cfi=(157)
cfn=(710)
calls=34 0
* 782
* 34
+1 68
+36 136
cob=(3)
cfi=(157)
cfn=(710)
calls=34 0
* 782
* 68
+1 42
-1 42
+1 80
+1 40
-1 40
+1 80
+1 40
-1 40
+1 80
+2 3
cfi=(279)
cfn=(1246)
calls=1 366
* 2582
* 1
+1 3
+6 4
cob=(3)
cfi=(157)
cfn=(710)
calls=1 0
* 23
* 1
+2 2
+36 6
cfi=(345)
cfn=(1742)
calls=1 30
* 23782
+1 7
cfi=(327)
cfn=(1430)
calls=1 119
* 596
+1 5
+10 9
cfi=(327)
cfn=(1430)
calls=1 119
* 2183
+1 5
cfi=(328)
cfn=(1423)
calls=1 24
* 161209
+1 7
cfi=(327)
cfn=(1430)
calls=1 119
* 659
+2 3
+1 3
+6 7
cfi=(327)
cfn=(1430)
calls=1 119
* 596
-69 1
+73 66
+2 33
+2 330
cob=(3)
cfi=(157)
cfn=(672)
calls=33 0
* 19637
+1 99
cfi=(192)
cfn=(1274)
calls=33 104
* 16899
* 33
+2 198
cob=(3)
cfi=(157)
cfn=(586)
calls=33 0
* 8382
+1 33
+3 33
+2 165
cfi=(278)
cfn=(1170)
calls=33 800
* 286638
* 66
1670 198
cfi=(345)
cfn=(1742)
calls=33 30
* 540413
+1 231
cfi=(327)
cfn=(1430)
calls=33 119
* 19668
+1 66
+4 132
cob=(3)
cfi=(157)
cfn=(710)
calls=33 0
* 759
* 66
+2 140
cfi=(327)
cfn=(1430)
calls=20 119
* 11920
+2 165
cfi=(328)
cfn=(1423)
calls=33 24
* 624330
+1 99
+1 33
+2 98
cfi=(327)
cfn=(1430)
calls=14 119
* 9226
+1 70
cfi=(345)
cfn=(1720)
calls=14 419
* 1137430
+1 42
-4 94
+6 231
cfi=(327)
cfn=(1430)
calls=33 119
* 19668
* 33
+17 1114
+2 2785
+2 3899
cfi=(278)
cfn=(1268)
calls=557 437
* 17648921
* 557
+1 1114
+7 2785
cfi=(275)
cfn=(1144)
calls=557 1050
* 6166
* 557
+1 1722
+49 2785
+1 3899
cob=(3)
cfi=(157)
cfn=(592)
calls=557 0
* 12863
-1 1114
+3 7
cfi=(327)
cfn=(1430)
calls=1 119
* 1701
+1 1
+2 2780
+2 2224
+1 2224
cob=(3)
cfi=(157)
cfn=(710)
calls=556 0
* 12788
* 556
+1 3903
+1 120
cob=(3)
cfi=(157)
cfn=(720)
calls=24 0
* 1256
-1 48
+22 556
+1 3336
cfi=(328)
cfn=(1423)
calls=556 24
* 14556776
+1 556
+2 3892
cfi=(327)
cfn=(1430)
calls=556 119
* 331376
* 7
cfi=(327)
cfn=(1430)
calls=1 119
* 596
+2 2228
+17 557
+1 2785
+2 3899
cfi=(278)
cfn=(1170)
calls=557 800
* 6698907
* 557
+1 2332
cfi=(278)
cfn=(1268)
calls=174 437
* 5252336
* 348
+2 696
+2 522
+2 348
+15 348
+15 1044
cob=(3)
cfi=(157)
cfn=(1072)
calls=174 0
* 4875
* 1392
cob=(3)
cfi=(157)
cfn=(1072)
calls=174 0
* 5064
* 696
+1 870
cfi=(216)
cfn=(1334)
calls=174 429
* 2610
* 174
+1 174
+1 870
+14 348
+13 1671
+1 557
+1 557
+2 917
+1 4218
+2 4768
+1 1788
+2 3576
+10 3576
+1 161
cob=(3)
cfi=(157)
cfn=(1072)
calls=23 0
* 653
-1 46
+23 1834
+9 4585
+18 4585
cfi=(345)
cfn=(1721)
calls=131 419
* 7944832
cfi=(345)
cfn=(1720)
calls=786 419
* 46124276
+4 5502
+2 2702
cfi=(327)
cfn=(1430)
calls=386 119
* 254374
+2 1834
+2 2751
+2 917
-80 2948
+83 3899
cfi=(327)
cfn=(1430)
calls=557 119
* 331972
+1 3546

fn=(1731) handle_expr_call'2
1321 688
+1 215
cfi=(343)
cfn=(1666)
calls=43 33
* 2580
+2 215
+2 95
cfi=(275)
cfn=(1144)
calls=19 1050
* 190
* 19
+1 38
+5 76
+1 76
+2 95
cob=(3)
cfi=(157)
cfn=(592)
calls=19 0
* 429
* 38
+17 76
+3 133
cob=(3)
cfi=(157)
cfn=(586)
calls=19 0
* 1683
+1 19
+2 38
+2 95
cfi=(278)
cfn=(1268)
calls=19 437
* 554543
* 19
+1 38
+52 95
cfi=(275)
cfn=(1414)
calls=19 1062
* 18341
* 19
+1 38
+2 57
cfi=(192)
cfn=(624)
calls=19 91
* 3682
* 19
+1 76
cob=(3)
cfi=(157)
cfn=(710)
calls=19 0
* 437
* 19
+1 38
+2 38
+3 38
+1 114
cob=(3)
cfi=(157)
cfn=(1072)
calls=19 0
* 558
* 38
+5 38
+2 95
cfi=(278)
cfn=(1132)
calls=19 149
* 285
* 19
+1 76
+1 38
+6 57
cfi=(279)
cfn=(1246)
calls=19 366
* 49619
* 19
+1 38
+3 76
cob=(3)
cfi=(157)
cfn=(710)
calls=19 0
* 437
* 19
+1 38
+36 76
cob=(3)
cfi=(157)
cfn=(710)
calls=19 0
* 437
* 38
+77 38
+2 19
+2 190
cob=(3)
cfi=(157)
cfn=(672)
calls=19 0
* 11305
+1 57
cfi=(192)
cfn=(1274)
calls=19 104
* 9672
* 19
+2 114
cob=(3)
cfi=(157)
cfn=(586)
calls=19 0
* 4826
+1 19
+3 19
+2 95
cfi=(278)
cfn=(1170)
calls=19 800
* 149144
* 38
1670 114
cfi=(345)
cfn=(1742)
calls=19 30
* 287839
+1 133
cfi=(327)
cfn=(1430)
calls=19 119
* 11324
+1 38
+4 76
cob=(3)
cfi=(157)
cfn=(710)
calls=19 0
* 437
* 38
+4 95
cfi=(328)
cfn=(1423)
calls=19 24
* 566171
+1 57
+1 19
+2 7
cfi=(327)
cfn=(1430)
calls=1 119
* 659
+1 5
cfi=(345)
cfn=(1720)
calls=1 419
* 55930
+1 3
-4 40
+6 133
cfi=(327)
cfn=(1430)
calls=19 119
* 11324
* 19
+17 48
+2 120
+2 168
cfi=(278)
cfn=(1268)
calls=24 437
* 816705
* 24
+1 48
+7 120
cfi=(275)
cfn=(1144)
calls=24 1050
* 240
* 24
+1 48
+49 120
+1 168
cob=(3)
cfi=(157)
cfn=(592)
calls=24 0
* 568
-1 48
+6 120
+2 96
+1 96
cob=(3)
cfi=(157)
cfn=(710)
calls=24 0
* 552
* 24
+1 225
+22 24
+1 144
cfi=(328)
cfn=(1423)
calls=24 24
* 629390
+1 24
+2 168
cfi=(327)
cfn=(1430)
calls=24 119
* 14304
+2 96
+17 24
+1 120
+2 168
cfi=(278)
cfn=(1170)
calls=24 800
* 295242
* 24
+1 48
+66 72
+1 24
+1 24
+2 31
+1 186
+2 248
+1 93
+2 186
+10 186
+23 62
+9 155
+18 155
cfi=(345)
cfn=(1721)
calls=31 419
* 1843590
+4 186
+2 70
cfi=(327)
cfn=(1430)
calls=10 119
* 6590
+2 62
+2 93
+2 31
-80 110
+83 168
cfi=(327)
cfn=(1430)
calls=24 119
* 14304
+1 258

fn=(1726) handle_expr_binary
928 11060
+1 5530
+4 7742
cob=(3)
cfi=(157)
cfn=(1072)
calls=1106 0
* 30431
* 2212
+10 6636
cob=(3)
cfi=(157)
cfn=(592)
calls=1106 0
* 25052
* 2212
+12 6636
cob=(3)
cfi=(157)
cfn=(592)
calls=1106 0
* 25052
* 8104
cob=(3)
cfi=(157)
cfn=(592)
calls=982 0
* 22306
* 1964
+2 942
cfi=(275)
cfn=(1414)
calls=157 1062
* 1207538
* 157
+1 157
+1 314
+1 314
+1 157
+2 314
+2 274
+1 137
+1 137
+2 548
cob=(3)
cfi=(157)
cfn=(710)
calls=137 0
* 3151
* 274
+2 29
+1 29
+3 108
+1 540
cfi=(278)
cfn=(1132)
calls=108 149
* 1620
* 108
+1 216
+19 216
-29 685
+31 108
+3 216
+3 216
-3 58
+3 1057
cob=(3)
cfi=(157)
cfn=(592)
calls=137 0
* 3108
* 959
cob=(3)
cfi=(157)
cfn=(592)
calls=137 0
* 3108
* 959
cob=(3)
cfi=(157)
cfn=(592)
calls=137 0
* 3108
* 959
cob=(3)
cfi=(157)
cfn=(592)
calls=137 0
* 3094
* 959
cob=(3)
cfi=(157)
cfn=(592)
calls=137 0
* 3141
* 959
cob=(3)
cfi=(157)
cfn=(592)
calls=137 0
* 3141
* 959
cob=(3)
cfi=(157)
cfn=(592)
calls=137 0
* 3141
* 959
cob=(3)
cfi=(157)
cfn=(592)
calls=137 0
* 3141
* 959
cob=(3)
cfi=(157)
cfn=(592)
calls=137 0
* 3141
* 959
cob=(3)
cfi=(157)
cfn=(592)
calls=137 0
* 3141
* 959
cob=(3)
cfi=(157)
cfn=(592)
calls=137 0
* 3141
* 959
cob=(3)
cfi=(157)
cfn=(592)
calls=137 0
* 3141
* 959
cob=(3)
cfi=(157)
cfn=(592)
calls=137 0
* 3141
* 959
cob=(3)
cfi=(157)
cfn=(592)
calls=137 0
* 3141
* 959
cob=(3)
cfi=(157)
cfn=(592)
calls=137 0
* 3141
* 959
cob=(3)
cfi=(157)
cfn=(592)
calls=137 0
* 3141
* 959
cob=(3)
cfi=(157)
cfn=(592)
calls=137 0
* 3141
* 959
cob=(3)
cfi=(157)
cfn=(592)
calls=137 0
* 3141
* 959
cob=(3)
cfi=(157)
cfn=(592)
calls=137 0
* 3141
* 959
cob=(3)
cfi=(157)
cfn=(592)
calls=137 0
* 3141
* 959
cob=(3)
cfi=(157)
cfn=(592)
calls=137 0
* 3141
* 959
cob=(3)
cfi=(157)
cfn=(592)
calls=137 0
* 3141
* 959
cob=(3)
cfi=(157)
cfn=(592)
calls=137 0
* 3141
* 959
cob=(3)
cfi=(157)
cfn=(592)
calls=137 0
* 3141
* 959
cob=(3)
cfi=(157)
cfn=(592)
calls=137 0
* 3141
* 959
cob=(3)
cfi=(157)
cfn=(592)
calls=137 0
* 3141
* 959
cob=(3)
cfi=(157)
cfn=(592)
calls=137 0
* 3141
* 959
cob=(3)
cfi=(157)
cfn=(592)
calls=137 0
* 3141
* 959
cob=(3)
cfi=(157)
cfn=(592)
calls=137 0
* 3141
* 959
cob=(3)
cfi=(157)
cfn=(592)
calls=137 0
* 3141
* 959
cob=(3)
cfi=(157)
cfn=(592)
calls=137 0
* 3141
* 959
cob=(3)
cfi=(157)
cfn=(592)
calls=137 0
* 3152
* 959
cob=(3)
cfi=(157)
cfn=(592)
calls=137 0
* 3152
* 929
cob=(3)
cfi=(157)
cfn=(592)
calls=131 0
* 3020
* 912
cob=(3)
cfi=(157)
cfn=(592)
calls=130 0
* 2937
* 910
cob=(3)
cfi=(157)
cfn=(592)
calls=130 0
* 2998
* 1170
cob=(3)
cfi=(157)
cfn=(592)
calls=130 0
* 2998
* 1170
cob=(3)
cfi=(157)
cfn=(592)
calls=130 0
* 2998
* 1135
cob=(3)
cfi=(157)
cfn=(592)
calls=125 0
* 2888
* 1125
cob=(3)
cfi=(157)
cfn=(592)
calls=125 0
* 2827
* 875
cob=(3)
cfi=(157)
cfn=(592)
calls=125 0
* 2888
* 875
cob=(3)
cfi=(157)
cfn=(592)
calls=125 0
* 2888
* 1125
cob=(3)
cfi=(157)
cfn=(592)
calls=125 0
* 2888
* 875
cob=(3)
cfi=(157)
cfn=(592)
calls=125 0
* 2888
* 875
cob=(3)
cfi=(157)
cfn=(592)
calls=125 0
* 2888
* 1125
cob=(3)
cfi=(157)
cfn=(592)
calls=125 0
* 2888
* 875
cob=(3)
cfi=(157)
cfn=(592)
calls=125 0
* 2888
* 453
cob=(3)
cfi=(157)
cfn=(592)
calls=29 0
* 638
* 203
cob=(3)
cfi=(157)
cfn=(592)
calls=29 0
* 638
* 203
cob=(3)
cfi=(157)
cfn=(592)
calls=29 0
* 638
* 203
cob=(3)
cfi=(157)
cfn=(592)
calls=29 0
* 726
* 372
+1 98
-1 108
+1 901
cfi=(278)
cfn=(1268)
calls=137 437
* 4195019
* 177
+2 20
+1 40
-3 137
+2 137
+1 274
+15 862
+98 999
cob=(3)
cfi=(157)
cfn=(592)
calls=137 0
* 3229
* 274
+29 1099
cfi=(327)
cfn=(1430)
calls=157 119
* 93572
+1 942
cfi=(328)
cfn=(1423)
calls=157 24
* 11941302
+1 1570
cfi=(327)
cfn=(1430)
calls=157 119
* 195779
+1 942
cfi=(328)
cfn=(1423)
calls=157 24
* 1602006
+1 1099
cfi=(327)
cfn=(1430)
calls=157 119
* 93572
956 157
1161 5694
cob=(3)
cfi=(157)
cfn=(592)
calls=949 0
* 22592
* 1898
+8 5694
cob=(3)
cfi=(157)
cfn=(592)
calls=949 0
* 22592
* 1898
+15 5694
cob=(3)
cfi=(157)
cfn=(626)
calls=949 0
* 15198
* 2847
+2 1898
-1 3186
cob=(3)
cfi=(157)
cfn=(592)
calls=531 0
* 12101
-1 1062
+1 3186
cob=(3)
cfi=(157)
cfn=(592)
calls=531 0
* 12101
* 1062
+1 3186
cob=(3)
cfi=(157)
cfn=(592)
calls=531 0
* 12343
-1 1062
+1 3108
cob=(3)
cfi=(157)
cfn=(592)
calls=518 0
* 12057
* 2456
-3 478
+5 478
+1 478
+1 956
-7 471
+5 471
+1 471
+1 3768
cob=(3)
cfi=(157)
cfn=(592)
calls=471 0
* 10939
* 3297
+25 1898
+34 6643
cfi=(327)
cfn=(1430)
calls=949 119
* 769338
+1 1898
+2 2826
cfi=(328)
cfn=(1423)
calls=471 24
* 24636489
* 471
+4 2868
cfi=(345)
cfn=(1721)
calls=153 419
* 10173382
cfi=(345)
cfn=(1720)
calls=325 419
* 21314467
+3 9490
cfi=(327)
cfn=(1430)
calls=949 119
* 1128621
+1 4745
+1 2847
-1 1898
+44 5694
cfi=(345)
cfn=(1721)
calls=153 419
* 5343375
cfi=(345)
cfn=(1720)
calls=796 419
* 54431530
+2 6643
cfi=(327)
cfn=(1430)
calls=949 119
* 565604
+8 5530
+4 7742

fn=(1727) handle_expr_binary'2
928 5590
+1 2795
+4 3913
cob=(3)
cfi=(157)
cfn=(1072)
calls=559 0
* 15334
* 1118
+10 3354
cob=(3)
cfi=(157)
cfn=(592)
calls=559 0
* 12601
* 1118
+12 3354
cob=(3)
cfi=(157)
cfn=(592)
calls=559 0
* 12601
* 4454
cob=(3)
cfi=(157)
cfn=(592)
calls=556 0
* 12535
* 1112
+2 78
cfi=(275)
cfn=(1414)
calls=13 1062
* 4013
* 13
+1 13
+1 26
+1 26
+1 13
+2 26
+2 26
+1 13
+1 13
+2 52
cob=(3)
cfi=(157)
cfn=(710)
calls=13 0
* 299
* 26
+2 2
+1 2
+3 11
+1 55
cfi=(278)
cfn=(1132)
calls=11 149
* 165
* 11
+1 22
+19 22
-29 65
+31 11
+3 22
+3 22
-3 4
+3 95
cob=(3)
cfi=(157)
cfn=(592)
calls=13 0
* 286
* 91
cob=(3)
cfi=(157)
cfn=(592)
calls=13 0
* 286
* 91
cob=(3)
cfi=(157)
cfn=(592)
calls=13 0
* 286
* 91
cob=(3)
cfi=(157)
cfn=(592)
calls=13 0
* 286
* 91
cob=(3)
cfi=(157)
cfn=(592)
calls=13 0
* 286
* 91
cob=(3)
cfi=(157)
cfn=(592)
calls=13 0
* 286
* 91
cob=(3)
cfi=(157)
cfn=(592)
calls=13 0
* 286
* 91
cob=(3)
cfi=(157)
cfn=(592)
calls=13 0
* 286
* 91
cob=(3)
cfi=(157)
cfn=(592)
calls=13 0
* 286
* 91
cob=(3)
cfi=(157)
cfn=(592)
calls=13 0
* 286
* 91
cob=(3)
cfi=(157)
cfn=(592)
calls=13 0
* 286
* 91
cob=(3)
cfi=(157)
cfn=(592)
calls=13 0
* 286
* 91
cob=(3)
cfi=(157)
cfn=(592)
calls=13 0
* 286
* 91
cob=(3)
cfi=(157)
cfn=(592)
calls=13 0
* 286
* 91
cob=(3)
cfi=(157)
cfn=(592)
calls=13 0
* 286
* 91
cob=(3)
cfi=(157)
cfn=(592)
calls=13 0
* 286
* 91
cob=(3)
cfi=(157)
cfn=(592)
calls=13 0
* 286
* 91
cob=(3)
cfi=(157)
cfn=(592)
calls=13 0
* 286
* 91
cob=(3)
cfi=(157)
cfn=(592)
calls=13 0
* 286
* 91
cob=(3)
cfi=(157)
cfn=(592)
calls=13 0
* 286
* 91
cob=(3)
cfi=(157)
cfn=(592)
calls=13 0
* 286
* 91
cob=(3)
cfi=(157)
cfn=(592)
calls=13 0
* 286
* 91
cob=(3)
cfi=(157)
cfn=(592)
calls=13 0
* 286
* 91
cob=(3)
cfi=(157)
cfn=(592)
calls=13 0
* 286
* 91
cob=(3)
cfi=(157)
cfn=(592)
calls=13 0
* 286
* 91
cob=(3)
cfi=(157)
cfn=(592)
calls=13 0
* 286
* 91
cob=(3)
cfi=(157)
cfn=(592)
calls=13 0
* 286
* 91
cob=(3)
cfi=(157)
cfn=(592)
calls=13 0
* 286
* 91
cob=(3)
cfi=(157)
cfn=(592)
calls=13 0
* 286
* 91
cob=(3)
cfi=(157)
cfn=(592)
calls=13 0
* 286
* 91
cob=(3)
cfi=(157)
cfn=(592)
calls=13 0
* 286
* 91
cob=(3)
cfi=(157)
cfn=(592)
calls=13 0
* 286
* 91
cob=(3)
cfi=(157)
cfn=(592)
calls=13 0
* 286
* 81
cob=(3)
cfi=(157)
cfn=(592)
calls=11 0
* 242
* 77
cob=(3)
cfi=(157)
cfn=(592)
calls=11 0
* 242
* 77
cob=(3)
cfi=(157)
cfn=(592)
calls=11 0
* 242
* 99
cob=(3)
cfi=(157)
cfn=(592)
calls=11 0
* 242
* 99
cob=(3)
cfi=(157)
cfn=(592)
calls=11 0
* 242
* 43
cob=(3)
cfi=(157)
cfn=(592)
calls=3 0
* 66
* 27
cob=(3)
cfi=(157)
cfn=(592)
calls=3 0
* 66
* 21
cob=(3)
cfi=(157)
cfn=(592)
calls=3 0
* 66
* 21
cob=(3)
cfi=(157)
cfn=(592)
calls=3 0
* 66
* 27
cob=(3)
cfi=(157)
cfn=(592)
calls=3 0
* 66
* 21
cob=(3)
cfi=(157)
cfn=(592)
calls=3 0
* 66
* 21
cob=(3)
cfi=(157)
cfn=(592)
calls=3 0
* 66
* 27
cob=(3)
cfi=(157)
cfn=(592)
calls=3 0
* 66
* 21
cob=(3)
cfi=(157)
cfn=(592)
calls=3 0
* 66
* 20
cob=(3)
cfi=(157)
cfn=(592)
calls=2 0
* 44
* 14
cob=(3)
cfi=(157)
cfn=(592)
calls=2 0
* 44
* 14
cob=(3)
cfi=(157)
cfn=(592)
calls=2 0
* 44
* 14
cob=(3)
cfi=(157)
cfn=(592)
calls=2 0
* 44
* 30
+1 4
-1 11
+1 87
cfi=(278)
cfn=(1268)
calls=13 437
* 441809
* 26
+2 13
+1 26
+15 78
+98 91
cob=(3)
cfi=(157)
cfn=(592)
calls=13 0
* 286
* 26
+29 91
cfi=(327)
cfn=(1430)
calls=13 119
* 7748
+1 78
cfi=(328)
cfn=(1423)
calls=13 24
* 163044
+1 130
cfi=(327)
cfn=(1430)
calls=13 119
* 16211
+1 78
cfi=(328)
cfn=(1423)
calls=13 24
* 138040
+1 91
cfi=(327)
cfn=(1430)
calls=13 119
* 7748
956 13
1161 3276
cob=(3)
cfi=(157)
cfn=(592)
calls=546 0
* 12975
* 1092
+8 3276
cob=(3)
cfi=(157)
cfn=(592)
calls=546 0
* 12975
* 1092
+15 3276
cob=(3)
cfi=(157)
cfn=(626)
calls=546 0
* 8744
* 1638
+2 1092
-1 108
cob=(3)
cfi=(157)
cfn=(592)
calls=18 0
* 414
-1 36
+1 108
cob=(3)
cfi=(157)
cfn=(592)
calls=18 0
* 414
* 36
+1 108
cob=(3)
cfi=(157)
cfn=(592)
calls=18 0
* 414
-1 36
+1 66
cob=(3)
cfi=(157)
cfn=(592)
calls=11 0
* 242
* 568
-3 546
+5 546
+1 546
+1 1092
+25 1092
+34 3822
cfi=(327)
cfn=(1430)
calls=546 119
* 325416
+1 1092
+6 3276
cfi=(345)
cfn=(1720)
calls=27 419
* 1094298
cfi=(345)
cfn=(1721)
calls=519 419
* 42658982
+3 5460
cfi=(327)
cfn=(1430)
calls=546 119
* 651943
+1 2730
+1 1638
-1 1092
+44 3276
cfi=(345)
cfn=(1720)
calls=27 419
* 100850
cfi=(345)
cfn=(1721)
calls=519 419
* 13574933
+2 3822
cfi=(327)
cfn=(1430)
calls=546 119
* 325416
+8 2795
+4 3913

fn=(1732) handle_expr_unary
60 1799
+1 2570
cob=(3)
cfi=(157)
cfn=(592)
calls=257 -61
* 6085
* 514
+2 5
+10 7
cfi=(327)
cfn=(1430)
calls=1 +46
* 1298
+1 6
cfi=(328)
cfn=(1423)
calls=1 -50
* 190798
+1 7
cfi=(327)
cfn=(1430)
calls=1 +44
* 889
+1 6
cfi=(328)
cfn=(1423)
calls=1 -52
* 191023
+1 7
cfi=(327)
cfn=(1430)
calls=1 +42
* 596
-14 1
+17 2560
cob=(3)
cfi=(157)
cfn=(592)
calls=256 -80
* 6959
* 512
+8 2560
cob=(3)
cfi=(157)
cfn=(592)
calls=256 -88
* 6959
* 512
+2 84
cfi=(327)
cfn=(1430)
calls=12 +29
* 12696
+1 72
cfi=(328)
cfn=(1423)
calls=12 -67
* 20128
+1 84
cfi=(327)
cfn=(1430)
calls=12 +27
* 8616
* 12
+2 2440
cob=(3)
cfi=(157)
cfn=(592)
calls=244 -94
* 6640
* 488
+2 42
cfi=(327)
cfn=(1430)
calls=6 +23
* 6348
+1 36
cfi=(328)
cfn=(1423)
calls=6 -73
* 8677
+1 42
cfi=(327)
cfn=(1430)
calls=6 +21
* 4308
* 6
+4 2380
cfi=(327)
cfn=(1430)
calls=238 +17
* 250317
+1 1428
cfi=(328)
cfn=(1423)
calls=238 -79
* 13698004
+1 1666
cfi=(327)
cfn=(1430)
calls=238 +15
* 141848
+2 1266

fn=(1733) handle_expr_unary'2
60 56
+1 80
cob=(3)
cfi=(157)
cfn=(592)
calls=8 -61
* 176
* 16
+19 80
cob=(3)
cfi=(157)
cfn=(592)
calls=8 -80
* 209
* 16
+8 80
cob=(3)
cfi=(157)
cfn=(592)
calls=8 -88
* 209
* 16
+6 80
cob=(3)
cfi=(157)
cfn=(592)
calls=8 -94
* 209
* 16
+8 80
cfi=(327)
cfn=(1430)
calls=8 +17
* 8408
+1 48
cfi=(328)
cfn=(1423)
calls=8 -79
* 233014
+1 56
cfi=(327)
cfn=(1430)
calls=8 +15
* 4768
+2 40

fn=(1762) handle_if_expr
451 12
+1 14
cfi=(327)
cfn=(1430)
calls=2 119
* 1436
+2 2
+1 18
+2 8
+1 14
+4 4
-6 2
+13 4
+2 14
cfi=(327)
cfn=(1430)
calls=2 119
* 2360
+1 10
cfi=(328)
cfn=(1423)
calls=2 24
* 75603
+1 14
cfi=(327)
cfn=(1430)
calls=2 119
* 2242
* 2
+7 14
cfi=(327)
cfn=(1430)
calls=2 119
* 1542
+1 12
cfi=(328)
cfn=(1423)
calls=2 24
* 178042
+1 14
cfi=(327)
cfn=(1430)
calls=2 119
* 1542
+1 18
+2 8
+1 14
+5 4
+2 14
cfi=(327)
cfn=(1430)
calls=2 119
* 2124
+1 10
cfi=(328)
cfn=(1423)
calls=2 24
* 75637
+1 14
cfi=(327)
cfn=(1430)
calls=2 119
* 1318
-11 4
+20 14
cfi=(327)
cfn=(1430)
calls=2 119
* 2124
+1 18
+2 8
+1 14
+5 4
+2 14
cfi=(327)
cfn=(1430)
calls=2 119
* 2124
+1 10
cfi=(328)
cfn=(1423)
calls=2 24
* 2742
+1 14
cfi=(327)
cfn=(1430)
calls=2 119
* 1318
-11 4
+20 14
cfi=(327)
cfn=(1430)
calls=2 119
* 2478
+1 6

fn=(1738) handle_expr_sizeof
18 462
+1 308
+2 308
cfi=(275)
cfn=(1236)
calls=77 747
* 26697
* 77
+1 693
cfi=(327)
cfn=(1430)
calls=77 +97
* 142254
+15 308

fl=(187) /app/src/codegen/codegen_backend_json.c
fn=(608) codegen_register_json_backend
589 3
+1 3
cfi=(183)
cfn=(600)
calls=1 29
* 24
+1 3

fl=(192)
fn=(624)
91 195715
+1 78286
+4 117429
cob=(3)
cfi=(157)
cfn=(626)
calls=39143 -96
* 628726
* 39143
+1 156572
cfn=(630)
calls=39143 -46
* 5246994
* 39143
+1 234858
cob=(3)
cfi=(157)
cfn=(668)
calls=39143 -98
* 641843
+1 156572
+1 39143
+1 78286

fn=(1098)
56 6414
+1 3207
+1 3207
cfn=(632) arena_alloc_raw
calls=1069 -16
* 132556
* 1069
+1 2138
+2 5345
cob=(3)
cfi=(157)
cfn=(582)
calls=1069 -61
* 22095
+2 1069
+1 2138

fn=(632)
42 609840
+1 609840
cfn=(634) arena_alloc
calls=121968 -17
* 13666534
+1 243936

fn=(934) scan_build_directives
486 15
+2 2
+1 1
+2 110
840 50
+3 783
-2 6464
+4 100
+2 25
489 104
850 6

fn=(808) load_file
366 78
+1 78
cfn=(810) z_resolve_path
calls=13 235
* 16797
* 13
+1 26
+5 65
cob=(3)
cfi=(157)
cfn=(752)
calls=13 0
* 6382
* 13
+1 26
+4 65
cob=(3)
cfi=(157)
cfn=(856)
calls=13 0
* 7630
+1 39
cob=(3)
cfi=(157)
cfn=(888)
calls=13 0
* 1521
* 13
+1 39
cob=(3)
cfi=(157)
cfn=(894)
calls=13 0
* 2504
+1 52
cfn=(630)
calls=13 51
* 1742
* 13
+1 78
cob=(3)
cfi=(157)
cfn=(900)
calls=13 0
* 4413
+1 52
+1 39
cob=(3)
cfi=(157)
cfn=(912)
calls=13 0
* 8213
+1 13
+1 26

fn=(1222) is_std_import
167 125
+1 150
cob=(3)
cfi=(157)
cfn=(1072)
calls=25 0
* 717
* 176
cob=(3)
cfi=(157)
cfn=(1072)
calls=21 0
* 621
* 71
+1 50

fn=(1192)
67 3684
+1 1228
+2 1449
cfn=(630)
calls=483 -19
* 64722
* 483
+4 393
+1 393
+2 393
+5 393
cfn=(630)
calls=131 -31
* 17554
* 131
+1 262
+2 786
cob=(3)
cfi=(157)
cfn=(668)
calls=131 -85
* 1879
+2 131
+1 1228

fn=(1274)
104 7845
+1 3138
+5 4707
cob=(3)
cfi=(157)
cfn=(626)
calls=1569 0
* 25257
* 1569
+1 6276
cfn=(630)
calls=1569 -60
* 210246
* 1569
+1 3138
+1 3138
+2 1569
+2 149945
+3 44
+1 44
+1 11
+1 55
-6 11
+13 213832
-15 113236
+18 3138
+1 1569
+1 3138

fn=(634)
26 731808
+3 365904
+1 731808
cfi=(194) /app/./src/utils/zalloc.h
cfn=(636) zarena_alloc_align
calls=121968 204
* 10617334
* 121968
+1 243936
+5 365904
+1 243936
+1 243936

fn=(814) try_resolve_at
196 392
+5 280
cob=(3)
cfi=(157)
cfn=(672)
calls=28 0
* 16531
+1 140
cob=(3)
cfi=(157)
cfn=(816)
calls=28 0
* 451
* 164
+2 81
cfn=(822) z_realpath_arena
calls=27 -49
* 30996
* 27
+1 135
cfn=(850) maybe_lock_std_root
calls=27 -33
* 552
+1 54
+4 3
cob=(3)
cfi=(157)
cfn=(626)
calls=1 0
* 16
* 2
+4 10
cob=(3)
cfi=(157)
cfn=(672)
calls=1 0
* 625
+1 5
cob=(3)
cfi=(157)
cfn=(816)
calls=1 0
* 19
* 2
+7 10
cob=(3)
cfi=(157)
cfn=(672)
calls=1 0
* 623
+1 5
cob=(3)
cfi=(157)
cfn=(816)
calls=1 0
* 19
* 2
+8 1
+1 140

fn=(1574) z_basename
905 5
+1 2
+4 4
cob=(3)
cfi=(157)
cfn=(622)
calls=1 0
* 24
* 1
+1 4
cob=(3)
cfi=(157)
cfn=(622)
calls=1 0
* 22
* 1
+1 5
+1 2
+2 4
cfn=(624)
calls=1 91
* 194
* 1
+3 2

fn=(810)
235 546
+1 78
+8 117
cfi=(213)
cfn=(812) z_is_abs_path
calls=39 44
* 480
* 78
+3 60
cob=(3)
cfi=(157)
cfn=(816)
calls=12 0
* 192
* 72
+2 36
cfn=(822)
calls=12 -94
* 11478
* 12
+18 183
cfn=(1222)
calls=25 167
* 1910
* 50
+2 28
cfn=(814)
calls=4 -73
* 6385
* 4
+1 8
+4 46
+2 69
cfn=(624)
calls=23 91
* 4426
* 23
+1 69
cfi=(213)
cfn=(714)
calls=23 63
* 828
* 23
+1 46
+2 46
+1 138
cfn=(814)
calls=23 -85
* 42929
* 23
+2 46
+2 44
+10 6
cob=(3)
cfi=(157)
cfn=(672)
calls=1 0
* 212
+1 6
cfn=(814)
calls=1 196
* 1971
* 1
+1 2
+2 2
+64 195

fn=(850)
172 162
+1 112
+4 10
cob=(3)
cfi=(157)
cfn=(720)
calls=2 0
* 119
* 2
+1 4
+4 3
+1 2
+4 7
cob=(3)
cfi=(157)
cfn=(668)
calls=1 0
* 17
+1 5
+1 3
-14 50
+5 2
+10 54

fn=(1576) z_strip_ext
921 5
+1 2
+4 3
cfn=(624)
calls=1 91
* 194
* 1
+1 4
cob=(3)
cfi=(157)
cfn=(622)
calls=1 0
* 24
* 1
+1 2
+2 2
+2 1
+1 2

fn=(630)
51 604495
+1 362697
cfn=(632)
calls=120899 -10
* 14997594
+1 241798

fn=(822)
155 195
+1 156
cob=(3)
cfi=(157)
cfn=(824)
calls=39 0
* 30288
* 39
+1 78
+2 117
cfn=(624)
calls=39 -68
* 7506
* 39
+1 117
cfi=(194)
cfn=(846) libc_free
calls=39 32
* 3783
+1 78
+3 78

fn=(1710) sanitize_path_for_c_string
138 14670
+1 5868
+4 8802
cfn=(624)
calls=2934 -52
* 564198
* 2934
+1 5868
+2 464464
-2 551354
+7 2934
+1 5868

fl=(194)
fn=(666) _zarena_align_ptr
148 609900
+1 609900
+1 853860
+1 243960

fn=(636)
204 731808
+1 243936
+5 487872
+2 487868
+1 731802
+1 609835
cfn=(666)
calls=121967 -66
* 2317373
* 121967
+1 365901
+1 487868
+2 1219670
+2 975640
+1 731730
+1 853685
+4 112
+16 114
+1 5
-1 12
+1 60
+5 39
cfn=(638) _zarena_new_block
calls=13 -94
* 5237
* 13
+1 26
+5 52
+2 60
+1 60
+4 3
+2 3
+2 3
+1 5
cfn=(666)
calls=1 148
* 19
-3 36
+2 36
+1 60
cfn=(666)
calls=12 148
* 228
* 13
+1 39
+2 65
+1 78
+1 65
+1 243936

fn=(638)
154 65
+1 39
+1 39
cob=(3)
cfi=(157)
cfn=(640)
calls=13 0
* 4925
* 13
+1 26
+4 26
+1 39
+1 26
+1 13
+1 26

fn=(846)
32 156
+1 117
cob=(3)
cfi=(157)
cfn=(848)
calls=39 -33
* 3393
+1 117

fl=(213)
fn=(714)
63 4
+1 4
cob=(3)
cfi=(157)
cfn=(622)
calls=1 -64
* 24
* 1
+8 1
+1 2
-10 92
+1 92
cob=(3)
cfi=(157)
cfn=(622)
calls=23 -64
* 552
* 23
+8 23
+1 46

fn=(812)
44 117
+1 78
+4 156
+2 24
+8 27
+1 78

fl=(341)
fn=(1652) parse_original_method_name
72 20
+1 20
cob=(3)
cfi=(157)
cfn=(720)
calls=4 -73
* 196
* 4
+1 8
+2 8
+12 8

fn=(1686) extract_call_args
30 10
+1 12
+4 6
cob=(3)
cfi=(157)
cfn=(626)
calls=2 -35
* 32
* 6
cfi=(192)
cfn=(630)
calls=2 +16
* 268
* 2
+1 4
+2 6
cfi=(192)
cfn=(624)
calls=2 +53
* 388
* 2
+1 10
cob=(3)
cfi=(157)
cfn=(1310)
calls=2 -39
* 222
* 2
+1 2
+2 8
+4 8
cob=(3)
cfi=(157)
cfn=(622)
calls=2 -46
* 48
* 2
+1 8
cob=(3)
cfi=(157)
cfn=(622)
calls=2 -47
* 48
* 2
+2 4
+1 4
+2 6
+2 10
+5 8
+4 10
cob=(3)
cfi=(157)
cfn=(1146)
calls=2 -63
* 72
+2 8
cob=(3)
cfi=(157)
cfn=(1310)
calls=2 -65
* 60
* 2
-25 8
+28 2
+1 4

fn=(1620)
91 9000
+1 3600
+4 5400
cob=(3)
cfi=(157)
cfn=(626)
calls=1800 -96
* 28800
* 7200
cfi=(192)
cfn=(630)
calls=1800 -45
* 241200
* 1800
+1 3600
+1 3600
+1 1800
+2 9000
cob=(3)
cfi=(157)
cfn=(720)
calls=1800 0
* 88200
* 1800
+1 3600
+22 9000
cob=(3)
cfi=(157)
cfn=(1146)
calls=1800 0
* 64436
+1 1800
-26 7200
+29 1800
+1 3600

fn=(1752)
173 975
+1 975
cob=(3)
cfi=(157)
cfn=(592)
calls=195 0
* 4875
* 390
+4 975
cob=(3)
cfi=(157)
cfn=(592)
calls=195 0
* 4875
* 390
+4 975
cob=(3)
cfi=(157)
cfn=(592)
calls=195 0
* 4875
* 390
+4 975
cob=(3)
cfi=(157)
cfn=(592)
calls=195 0
* 4875
* 390
+4 975
cob=(3)
cfi=(157)
cfn=(592)
calls=195 0
* 4875
* 390
+4 975
cob=(3)
cfi=(157)
cfn=(592)
calls=195 0
* 5414
* 390
+4 975
cob=(3)
cfi=(157)
cfn=(592)
calls=195 0
* 5414
* 390
+4 975
cob=(3)
cfi=(157)
cfn=(592)
calls=195 0
* 5414
* 390
+4 975
cob=(3)
cfi=(157)
cfn=(592)
calls=195 0
* 5414
* 390
+4 975
cob=(3)
cfi=(157)
cfn=(592)
calls=195 0
* 4952
* 390
+4 975
cob=(3)
cfi=(157)
cfn=(592)
calls=195 0
* 5414
* 390
+5 585
cfi=(279)
cfn=(1246)
calls=195 366
* 458591
+1 390

fl=(342)
fn=(1664)
1026 888
+1 148
+2 2780
cfi=(343)
cfn=(1666)
calls=556 33
* 1830231
+1 2780
cfn=(1671)
calls=466 18
* 284306719
cfn=(1670)
calls=90 18
* 276891
+1 1668
-4 1408
+6 592

fn=(1665)
1026 7782
+1 1297
+2 12475
cfi=(343)
cfn=(1666)
calls=2495 33
* 10092734
+1 12475
cfn=(1671)
calls=2495 18
* 632274089
+1 7485
-4 7584
+6 5188

fn=(1670)
18 2050
+1 410
+26 2460
+2 2255
cfi=(344)
cfn=(1754)
calls=7 581
* 868672
cfi=(344)
cfn=(1712)
calls=69 +98
* 46054591
cfi=(344)
cfn=(1708)
calls=39 +62
* 240386407
cfi=(344)
cfn=(1672)
calls=90 975
* 273111
+1 205
1022 1230

fn=(1671)
18 35220
+1 7044
+26 42264
+2 22825
cfi=(344)
cfn=(1741)
calls=21 988
* 22721039
cfi=(344)
cfn=(1745)
calls=8 1062
* 8246820
cfi=(344)
cfn=(1744)
calls=68 1062
* 49346480
cfi=(344)
cfn=(1717)
calls=440 +46
* 132219815
cfi=(344)
cfn=(1740)
calls=300 988
* 106463280
cfi=(344)
cfn=(1724)
calls=376 709
* 50308132
cfi=(344)
cfn=(1716)
calls=461 +46
* 278505080
cfi=(344)
cfn=(1712)
calls=401 +98
* 239405766
+1 2075
+3 18811
+4 84
+4 84
+2 168
+2 105
+1 147
cfi=(327)
cfn=(1430)
calls=21 +55
* 24752
+1 84
+2 105
+2 48
+1 160
cob=(3)
cfi=(157)
cfn=(592)
calls=16 -70
* 418
* 32
+2 240
cfi=(327)
cfn=(1430)
calls=16 +47
* 47774
+2 96
cfi=(328)
cfn=(1422)
calls=16 -50
* 54811
+1 112
cfi=(327)
cfn=(1430)
calls=16 +44
* 9536
* 16
+11 30
cfi=(328)
cfn=(1422)
calls=5 -62
* 33995
+3 147
cfi=(327)
cfn=(1430)
calls=21 +30
* 13839
+1 84
+2 126
cfi=(328)
cfn=(1758) codegen_expression_bare
calls=21 -17
* 669933
+2 147
cfi=(327)
cfn=(1430)
calls=21 +25
* 13839
+1 84
+2 126
cfi=(328)
cfn=(1758)
calls=21 -22
* 994556
+2 147
cfi=(327)
cfn=(1430)
calls=21 +20
* 13839
+1 84
+11 105
+5 126
cfn=(1671)
calls=21 -98
* 12331876
+1 105
+6 105
+1 84
+8 44
+2 88
+1 88
+6 44
+6 77
cfi=(327)
cfn=(1430)
calls=11 -28
* 18247
+2 11
+3 8
+2 16
+1 10
+2 9
cfi=(343)
cfn=(1714)
calls=1 26
* 5379
+1 9
cfn=(1671)
calls=1 18
* 4883
-3 10
+6 8
+6 14
cfi=(327)
cfn=(1430)
calls=2 -48
* 3600
+2 2
565 868
+1 3472
+1 434
+2 3796
+60 3796
+2 696
cfi=(275)
cfn=(1414)
calls=116 1062
* 68868
* 116
+1 232
+2 232
+1 696
cob=(3)
cfi=(157)
cfn=(1072)
calls=116 0
* 3245
* 232
+5 580
cfi=(278)
cfn=(1268)
calls=116 437
* 2274871
* 116
+1 601
+2 150
+6 210
cfi=(327)
cfn=(1430)
calls=30 119
* 43710
+3 210
cfi=(178)
cfn=(718)
calls=30 317
* 2790
* 60
+8 210
cfi=(327)
cfn=(1430)
calls=30 119
* 28440
+2 210
cfi=(327)
cfn=(1430)
calls=30 119
* 38940
+1 288
cob=(3)
cfi=(157)
cfn=(592)
calls=24 0
* 615
* 48
+4 180
cfi=(328)
cfn=(1422)
calls=30 24
* 203121
+1 210
cfi=(327)
cfn=(1430)
calls=30 119
* 33630
+1 288
cob=(3)
cfi=(157)
cfn=(592)
calls=24 0
* 615
* 48
+4 180
cfi=(328)
cfn=(1422)
calls=30 24
* 203121
+1 210
cfi=(327)
cfn=(1430)
calls=30 119
* 60060
+1 210
cob=(3)
cfi=(157)
cfn=(592)
calls=30 0
* 758
* 60
+2 330
cfi=(327)
cfn=(1430)
calls=30 119
* 73478
+2 150
+2 279
cfi=(343)
cfn=(1714)
calls=31 26
* 151941
+1 279
cfn=(1671)
calls=31 18
* 145882
-3 275
+5 210
cfi=(327)
cfn=(1430)
calls=30 119
* 52770
+2 150
+4 30
+6 868
+2 876
+2 119
cfi=(327)
cfn=(1430)
calls=17 119
* 17797
+1 68
cfi=(327)
cfn=(1594)
calls=17 236
* 238
+1 68
+2 68
cfi=(275)
cfn=(1236)
calls=17 +43
* 4270
* 17
+1 153
cfi=(327)
cfn=(1430)
calls=17 119
* 25027
* 17
+13 119
cfi=(327)
cfn=(1430)
calls=17 119
* 19057
+1 97
+1 21
cob=(3)
cfi=(157)
cfn=(592)
calls=3 0
* 66
-1 6
+3 7
cfi=(327)
cfn=(1430)
calls=1 119
* 596
+2 102
cfi=(328)
cfn=(1422)
calls=17 24
* 1686846
+1 119
cfi=(327)
cfn=(1430)
calls=17 119
* 11203
+1 85
+2 171
cfi=(343)
cfn=(1714)
calls=19 26
* 96038
+1 171
cfn=(1671)
calls=19 18
* 86283
-3 163
+5 85
+7 68
cfi=(327)
cfn=(1596)
calls=17 244
* 306
+1 119
cfi=(327)
cfn=(1430)
calls=17 119
* 32723
-8 17
+11 774
+18 1935
+13 2709
cfi=(327)
cfn=(1430)
calls=387 119
* 510452
+3 3373
+1 166
-1 166
+1 525
cob=(3)
cfi=(157)
cfn=(592)
calls=75 0
* 1881
* 150
+3 126
cfi=(327)
cfn=(1430)
calls=18 119
* 10728
* 18
+2 3211
+1 203
cob=(3)
cfi=(157)
cfn=(592)
calls=29 0
* 788
-1 58
+2 56
-1 28
+2 8
cob=(3)
cfi=(157)
cfn=(592)
calls=1 0
* 22
-1 2
+12 1548
+2 2190
cfi=(328)
cfn=(1422)
calls=365 24
* 38533931
+2 2709
cfi=(327)
cfn=(1430)
calls=387 119
* 257913
+1 1935
+6 17
928 732
+58 1830
cfi=(327)
cfn=(1430)
calls=183 119
* 1021697
+2 183
+8 3980
cfi=(328)
cfn=(1422)
calls=796 24
* 120905623
+1 5572
cfi=(327)
cfn=(1430)
calls=796 119
* 530136
+1 4428
+1 622
-1 622
+22 2388
cfi=(345)
cfn=(1728)
calls=796 16
* 12736
* 796
128 42
807 868
1022 21132

fl=(222) /app/src/plugins/plugin_manager.c
fn=(746) zptr_plugin_mgr_init
26 3
+1 1
+1 3

fn=(1836) zptr_plugin_mgr_cleanup
213 4
+1 2
+1 3
+10 1
+1 3

fl=(272) /app/src/parser/core/core_program.c
fn=(1076) parse_program_nodes
16 10
+1 2
+3 3
cfi=(279)
cfn=(1058)
calls=1 277
* 686
* 12
cfi=(279)
cfn=(1058)
calls=4 277
* 2061
+5 20
+31 15
cfi=(279)
cfn=(1058)
calls=5 277
* 2747
+1 25
cfi=(252)
cfn=(1060)
calls=5 670
* 2582
+1 15
505 2
63 12
+18 4
+1 24
cfi=(281)
cfn=(1078)
calls=4 -64
* 3400
+1 20
cfi=(252)
cfn=(1060)
calls=4 670
* 2436
* 40
+3 12
+17 12
+14 12
+4 12
+3 24
cob=(3)
cfi=(157)
cfn=(1072)
calls=4 0
* 117
* 8
+14 24
cob=(3)
cfi=(157)
cfn=(1072)
calls=4 0
* 114
* 11
+2 10
cfi=(287) /app/src/parser/decl/decl_function.c
cfn=(1112) parse_function
calls=1 19
* 1257698
* 2
+2 18
cob=(3)
cfi=(157)
cfn=(1072)
calls=3 0
* 90
* 6
+20 18
cob=(3)
cfi=(157)
cfn=(1072)
calls=3 0
* 90
* 6
+4 9
+4 9
+4 9
+4 27
cob=(3)
cfi=(157)
cfn=(1072)
calls=3 0
* 90
* 6
+9 27
cob=(3)
cfi=(157)
cfn=(1072)
calls=3 0
* 81
* 6
+2 18
cfi=(282) /app/src/parser/stmt/stmt_import.c
cfn=(1080) parse_import
calls=3 408
* 147794513
* 6
390 24
+2 3
+1 10
+1 3
+1 3
+1 3
+1 3
+1 3
+1 3
+1 3
+1 3
+1 3
+1 3
+1 3
+1 3
+1 3
+1 3
+1 3
+1 3
+2 3
+5 6
+16 18
+20 18
-36 1
+46 8
+2 4
+1 24
+1 12
+1 12
+2 8
+2 3
+4 9
+2 6
+1 3
-1 2
+1 21
+28 6

fn=(1077) parse_program_nodes'2
16 120
+1 24
+3 36
cfi=(279)
cfn=(1058)
calls=12 277
* 7880
* 354
cfi=(279)
cfn=(1058)
calls=118 277
* 91777
+5 520
+31 390
cfi=(279)
cfn=(1058)
calls=130 277
* 71250
+1 650
cfi=(252)
cfn=(1060)
calls=130 670
* 66960
+1 390
505 24
63 354
+18 118
+1 708
cfi=(281)
cfn=(1078)
calls=118 -64
* 138990
+1 590
cfi=(252)
cfn=(1060)
calls=118 670
* 66126
* 1180
+3 354
+17 354
+14 354
+4 354
+3 570
cob=(3)
cfi=(157)
cfn=(1072)
calls=95 0
* 2739
* 190
+14 570
cob=(3)
cfi=(157)
cfn=(1072)
calls=95 0
* 2616
* 313
+2 410
cfi=(287)
cfn=(1112)
calls=41 19
* 16028575
* 82
+2 324
cob=(3)
cfi=(157)
cfn=(1072)
calls=54 0
* 1491
* 156
+2 192
cfi=(303)
cfn=(1234)
calls=16 22
* 6763626
* 32
+1 96
+2 48
+1 48
+1 48
+1 48
+2 3
cfi=(192)
cfn=(624)
calls=1 -61
* 194
* 2
+3 48
+7 228
cob=(3)
cfi=(157)
cfn=(1072)
calls=38 0
* 1071
* 76
+4 114
+4 114
+4 174
cob=(3)
cfi=(157)
cfn=(1072)
calls=10 0
* 240
* 20
+2 50
cfi=(282)
cfn=(1104) parse_include
calls=10 360
* 28547
* 20
+2 228
cob=(3)
cfi=(157)
cfn=(1072)
calls=24 0
* 747
* 48
+9 228
cob=(3)
cfi=(157)
cfn=(1072)
calls=24 0
* 633
* 48
+2 120
cfi=(282)
cfn=(1081) parse_import'2
calls=20 408
* 224815656
* 40
+2 48
cob=(3)
cfi=(157)
cfn=(1072)
calls=4 0
* 144
* 8
+18 48
cob=(3)
cfi=(157)
cfn=(1072)
calls=4 0
* 108
* 8
+2 18
cfi=(306)
cfn=(1258)
calls=3 64
* 81423
* 6
+2 39
cob=(3)
cfi=(157)
cfn=(1072)
calls=4 0
* 114
* 8
+2 20
cfi=(252)
cfn=(1062)
calls=4 83
* 2645
+2 20
cfi=(252)
cfn=(1060)
calls=4 670
* 1728
+1 48
cob=(3)
cfi=(157)
cfn=(1072)
calls=4 0
* 114
* 8
+2 40
cfi=(287)
cfn=(1112)
calls=4 19
* 391013
* 8
-6 4
+66 6
cob=(3)
cfi=(157)
cfn=(1072)
calls=1 0
* 36
* 2
+4 6
cob=(3)
cfi=(157)
cfn=(1072)
calls=1 0
* 33
* 5
+2 5
cfi=(252)
cfn=(1062)
calls=1 83
* 613
+1 5
cfi=(252)
cfn=(1060)
calls=1 670
* 323
* 3
+4 5
cfi=(252)
cfn=(1062)
calls=1 83
* 290
+2 7
+2 1
+1 1
+2 770
cfi=(252)
cfn=(1062)
calls=154 83
* 60374
+1 462
+4 462
+2 2
+2 462
+2 3
-13 310
+17 8
+1 3
+2 4
cfi=(192)
cfn=(630)
calls=1 51
* 134
* 1
+1 6
cob=(3)
cfi=(157)
cfn=(668)
calls=1 0
* 127
+1 4
+2 2
cfi=(275)
cfn=(1046)
calls=1 89
* 191
* 1
+1 11
+1 3
cfi=(319)
cfn=(1472)
calls=1 19
* 16015
* 2
-37 1
+45 69
+22 69
+4 69
+13 69
+4 69
+2 25
cfi=(325)
cfn=(1404)
calls=5 21
* 129568
* 10
+2 54
+2 90
cfi=(304) /app/src/parser/struct/struct_impl.c
cfn=(1244) parse_impl
calls=18 21
* 123582328
* 36
145 32
390 588
+2 99
+1 330
+1 99
+1 99
+1 99
+1 99
+1 99
+1 99
+1 99
+1 99
+1 99
+1 99
+1 99
+1 99
+1 99
+1 99
+1 99
+1 99
+2 99
+5 198
+16 390
+2 48
+1 48
+1 160
+1 48
+4 48
+4 48
+7 294
-36 33
+46 236
+2 88
+1 528
+1 264
+1 264
+2 176
+2 36
+4 228
+2 152
+1 76
-1 24
+1 452
+28 72

fn=(1026) parse_program
509 6
+1 2
+1 4
+2 4
cfi=(273)
cfn=(1028) symbol_scope_create
calls=1 9
* 371
* 2
+1 4
+1 3
cfi=(274)
cfn=(1030)
calls=1 13
* 135942
* 1
+7 2
cfi=(275)
cfn=(1046)
calls=1 89
* 467
* 1
+1 3
cfi=(279)
cfn=(1058)
calls=1 277
* 1891
+1 6
+1 5
cfn=(1076)
calls=1 16
* 149067450
* 2
+3 5
cfi=(276)
cfn=(1474)
calls=1 170
* 2573
+2 1
+1 2

fl=(307)
fn=(1260)
188 1880
+1 940
cfi=(252)
cfn=(1062)
calls=188 83
* 171172
+2 752
+5 376
cfi=(275)
cfn=(1046)
calls=188 89
* 35908
* 188
+1 2068
+2 188
+2 1692
cob=(3)
cfi=(157)
cfn=(1072)
calls=188 0
* 5534
* 376
+49 376
+2 940
cfi=(252)
cfn=(1060)
calls=188 670
* 101820
* 564
+2 12
+4 920
cfi=(295)
cfn=(1160)
calls=184 12
* 10542044
* 368
+4 920
cfi=(252)
cfn=(1060)
calls=184 670
* 52256
* 20
cfi=(252)
cfn=(1060)
calls=4 670
* 1136
* 564
+2 940
cfi=(252)
cfn=(1062)
calls=188 83
* 47188
+2 188
+1 1128

fl=(348) /app/src/utils/cmd.c
fn=(1778) arg_list_add_fmt
476 60
+2 24
+1 28
cob=(3)
cfi=(157)
cfn=(992)
calls=4 0
* 1741
* 4
+3 8
+5 20
cfi=(192)
cfn=(630)
calls=4 51
* 536
* 4
+1 24
+1 32
cob=(3)
cfi=(157)
cfn=(992)
calls=4 0
* 1537
+3 20
cfn=(1774) arg_list_add
calls=4 -31
* 945
* 4
+2 20

fn=(1770) build_compile_arg_list
196 15
+2 6
cfn=(1772) arg_list_add_from_string
calls=1 514
* 464
+3 6
cfn=(1772)
calls=1 514
* 24
+1 5
cfn=(1772)
calls=1 514
* 24
+4 8
+2 5
cfn=(1774)
calls=1 461
* 232
+1 5
cfn=(1774)
calls=1 461
* 232
+1 5
cfn=(1774)
calls=1 461
* 232
+1 5
cfn=(1774)
calls=1 461
* 232
+1 5
cfn=(1774)
calls=1 461
* 232
+1 5
cfn=(1774)
calls=1 461
* 232
+1 5
cfn=(1774)
calls=1 461
* 232
+1 5
cfn=(1774)
calls=1 461
* 232
+6 4
+6 4
+6 4
+7 4
+8 5
cfn=(1774)
calls=1 461
* 239
+1 5
cfn=(1774)
calls=1 461
* 234
+3 5
cfn=(1774)
calls=1 461
* 234
+1 6
+18 4
+2 5
cfn=(1774)
calls=1 461
* 239
+4 5
cfn=(1772)
calls=1 514
* 24
+7 9
+3 7
cfi=(178)
cfn=(1776)
calls=1 173
* 597
+1 7
cfn=(1778)
calls=1 476
* 1251
+3 8
cob=(3)
cfi=(157)
cfn=(672)
calls=1 0
* 404
+2 1
+1 8
cob=(3)
cfi=(157)
cfn=(694)
calls=1 0
* 8
* 2
+2 7
cfn=(1778)
calls=1 476
* 1266
+1 1
+5 2
+17 2
+11 2
+7 4
+2 8
cfn=(1778)
calls=1 476
* 1251
+4 6
+8 4
+3 7
cfi=(178)
cfn=(1776)
calls=1 173
* 1133
+1 7
cfn=(1778)
calls=1 476
* 1239
+3 6
cfi=(178)
cfn=(718)
calls=1 -41
* 122
* 2
+4 5
cfn=(1774)
calls=1 +99
* 236
+1 5
cfn=(1774)
calls=1 +98
* 232
+3 6

fn=(1772)
514 44
+1 24
+5 2
+1 1
+2 5
cob=(3)
cfi=(157)
cfn=(1064)
calls=1 0
* 6
* 11
+4 4
+6 2
+1 1
+2 1
+2 12
+8 12
+7 15
+2 27
-19 25
cob=(3)
cfi=(157)
cfn=(1064)
calls=3 0
* 18
* 45
+27 2
+1 5
cfn=(1774)
calls=1 461
* 239
-43 9
-4 6
+49 20

fn=(1804) arg_list_free
497 4
+1 101
+5 2
+1 2
+1 2
+1 3

fn=(1768) arg_list_init
454 5
+1 2
+1 2
+1 5
cfi=(192)
cfn=(630)
calls=1 51
* 134
* 2
+1 3

fn=(1774)
461 133
+1 38
+4 133
+5 228
cfi=(192)
cfn=(624)
calls=19 91
* 3694
* 19
+1 152
+1 57

fn=(1782) arg_run
509 5
+1 4
cfi=(178)
cfn=(1784)
calls=1 -43
* 165
+1 2

fl=(327)
fn=(1578) emitter_init_file
89 5
+1 2
+4 2
+1 3
+1 2
+1 2
+1 2
+1 3
+1 2

fn=(1434) emitter_flush_buffered
55 225148
+1 64328
+2 1153254
+2 27711
cfn=(1436) emitter_write_indent
calls=9237 -35
* 2264515
+1 18474
+2 1078860
+2 1078728
+2 2696820
cob=(3)
cfi=(157)
cfn=(1588)
calls=269682 -67
* 7024249
* 269682
+5 132
+1 165
cfn=(1438) emitter_grow
calls=33 -65
* 2345
* 66
+4 429
+1 198
+2 1618290
+2 24788
+1 61970
-27 1207516
+30 64328

fn=(1444)
223 20
+1 30
+4 15
+1 10
+1 10
+1 10
+1 5
+1 10

fn=(1446)
275 25
+1 30
+2 10
+21 10

fn=(1436)
25 46185
+1 55422
+4 26028
+1 26028
+2 26028
+2 13014
+2 288640
cob=(3)
cfi=(157)
cfn=(1588)
calls=57728 -37
* 1502296
-2 256940
-7 5460
+24 18474

fn=(1430)
119 482460
+1 64328
+5 192984
+1 192984
cfn=(1432) emitter_vprintf
calls=32164 +5
* 44442670
* 32164
+2 160820

fn=(1432)
131 385968
+1 128656
+5 257312
+1 225148
cob=(3)
cfi=(157)
cfn=(992)
calls=32164 0
* 12544007
* 32164
+2 64328
+5 64328
+11 64328
+1 160820
+8 257312
cob=(3)
cfi=(157)
cfn=(992)
calls=32164 0
* 10893843
+1 225148
cfn=(1434)
calls=32164 55
* 18881996
+1 96492
+4 160820

fn=(1438)
8 198
+1 132
+2 40
+2 78
+1 78
cob=(3)
cfi=(157)
cfn=(706)
calls=13 -14
* 1623
* 13
+1 26
+4 39
+1 39
+1 13
+1 66

fn=(1594)
236 5704
+1 2852
+2 7130
+2 4278

fn=(1418)
252 20
+1 30
+4 70
+1 20
+1 20
+2 5
+4 16
+1 16
+1 16
+2 16
+1 16
+1 4
+1 8
-3 4
+1 4
+1 1
+1 2

fn=(1420)
103 20
+1 10
+4 10
+1 10
+1 10
+1 10
+1 10
+1 10
+1 10
+1 15
+1 10

fn=(1596)
244 5704
+1 8556
+2 7130
+2 4278

fl=(305) /app/src/parser/utils/utils_validation.c
fn=(1484) fix_type_refs_has_drop
206 5
+1 2
+5 4
+2 102
+1 204
+5 68
+2 408
+1 306
-3 391
+13 306
-21 172
+32 4
+2 48
+1 96
+4 64
+2 99
+1 222
+2 12
cfi=(278)
cfn=(1268)
calls=2 437
* 58762
* 2
+1 4
-6 213
-7 82
+21 4
+2 124
+4 124
+2 225
+1 482
+2 12
cfi=(278)
cfn=(1268)
calls=2 437
* 55523
* 2
+1 4
-6 468
-6 158
+19 2

fn=(1480) propagate_vector_inner_types
91 4
+1 3
+1 1
+2 48
+1 160
+1 48
-1 32
+8 48
-11 34
+13 4

fn=(1486) validate_types
27 9
+1 1
+1 3
+1 1
+2 540
cfi=(278)
cfn=(1268)
calls=90 437
* 100731
* 90
+1 180
+2 18
cfi=(278)
cfn=(1372)
calls=3 137
* 15141
* 3
+1 6
+2 18
cfi=(278)
cfn=(1250)
calls=3 649
* 93
* 3
+1 24
cfi=(216)
cfn=(1334)
calls=3 429
* 45
* 6
+2 12
cfi=(275)
cfn=(1298)
calls=3 -10
* 1538
* 14
cfi=(291)
cfn=(1264)
calls=2 +70
* 7319
* 4
+44 270
-55 182
+57 3
+1 6

fn=(1256) register_type_usage
13 952
+1 544
+5 180
cfi=(192)
cfn=(630)
calls=90 +32
* 12060
* 90
+1 270
cfi=(192)
cfn=(624)
calls=90 +71
* 17675
* 180
+1 990
+1 360
+1 360
-7 46
+8 408

fn=(1482) propagate_drop_traits
109 5
+1 1
+1 1
+2 2
+2 6
+1 2
+2 96
+1 320
+1 96
-1 64
+3 75
+1 25
+2 153
+1 102
+2 204
+7 204
+7 224
+2 30
cfi=(278)
cfn=(1268)
calls=5 437
* 117753
* 5
+1 19
+2 3
+1 2
+1 1
+1 1
+4 150
-31 150
+34 96
-41 68
+44 6
+1 2
+2 806
+2 144
+1 48
+2 324
+1 216
+2 432
+7 432
+7 456
+2 36
cfi=(278)
cfn=(1268)
calls=6 437
* 111515
* 6
+1 30
+2 6
+1 4
+1 2
+1 2
+4 318
-31 308
+34 186
-39 128
-50 6
+92 4

fl=(277)
fn=(1122)
13 3090
+1 3090
cfi=(273)
cfn=(1028)
calls=618 -5
* 105060
* 618
+1 1854
+1 1854

fn=(1210)
19 3090
+1 6180
+5 2472
+1 618
+2 2230
cob=(3)
cfi=(157)
cfn=(592)
calls=5 -28
* 110
* 5
+3 15
-5 10
+5 1635
-5 2326
+8 3708
+1 1236

fn=(1042)
38 8832
+1 5888
+5 4416
+1 1472
+2 4710912
+1 120096
-1 60048
+1 238952
+1 209083
cob=(3)
cfi=(157)
cfn=(592)
calls=29869 -49
* 731968
-1 59738
+5 1620348
-8 1083176
+11 1834
cfi=(192)
cfn=(630)
calls=917 -5
* 123425
* 917
+1 5502
cob=(3)
cfi=(157)
cfn=(668)
calls=917 -57
* 29344
+1 2751
+1 3668
+1 2751
+1 3668
+2 3668
cfi=(192)
cfn=(624)
calls=917 +28
* 178287
* 1834
+2 3668
+5 4585
-19 555
+20 2944

fl=(183)
fn=(598)
110 3
+1 3
+4 3
cfn=(600)
calls=1 -86
* 24
+1 1
cfi=(184)
cfn=(602)
calls=1 14
* 33
+1 1
cfi=(185)
cfn=(604)
calls=1 14
* 33
+1 1
cfi=(186) /app/src/codegen/codegen_backend_objc.c
cfn=(606) codegen_register_objc_backend
calls=1 14
* 33
+1 1
cfi=(187)
cfn=(608)
calls=1 589
* 33
+1 1
cfi=(188)
cfn=(610)
calls=1 1570
* 33
+1 1
cfi=(189)
cfn=(612)
calls=1 515
* 33
+1 1
cfi=(190) /app/src/codegen/codegen_backend_astdump.c
cfn=(614) codegen_register_astdump_backend
calls=1 504
* 33
* 1
+1 2

fn=(600)
29 32
+1 72
+4 72
+1 16

fn=(1572) codegen_get_backend
94 10
+1 4
+2 4
+10 4

fn=(1580) codegen_node
126 6
+1 5
cfn=(1572)
calls=1 -33
* 11
* 1
+1 6
+2 7
cfi=(337)
cfn=(1582)
calls=1 779
* 304506643
+2 3

fl=(340)
fn=(1626)
213 6
+1 1
+2 188
+68 141
-70 96
+72 4

fn=(1636) emit_trait_defs_internal
896 8
+1 2
+6 16
+2 21
cfn=(1602) is_module_visited
calls=3 22
* 467
* 6
+2 18
cfn=(1604) mark_module_visited
calls=3 35
* 468
+1 24
cfn=(1637) emit_trait_defs_internal'2
calls=3 -12
* 56439
+2 9
+1 3
+2 4
+61 3
-73 10
+75 4

fn=(1637)
896 96
+1 24
+6 352
+2 63
cfn=(1602)
calls=9 22
* 2101
* 18
+2 54
cfn=(1604)
calls=9 35
* 1404
+1 72
cfn=(1637)
calls=9 -12
* 108098
+2 27
+1 9
+2 316
+2 20
+2 6
+1 2
+2 12
+4 30
cfi=(327)
cfn=(1430)
calls=3 119
* 8270
+1 12
cfi=(327)
cfn=(1594)
calls=3 236
* 42
+1 9
+1 3
+2 12
cfn=(1638) substitute_proto_self
calls=2 -56
* 613
* 2
+1 8
cfi=(341)
cfn=(1652)
calls=2 72
* 132
* 2
+1 20
cfi=(327)
cfn=(1430)
calls=2 119
* 4786
+3 20
cob=(3)
cfi=(157)
cfn=(720)
calls=2 0
* 128
* 10
+1 4
+5 18
+2 16
cfi=(323)
cfn=(1386)
calls=2 281
* 7740
* 2
+3 10
cob=(3)
cfi=(157)
cfn=(720)
calls=2 0
* 200
* 4
+3 18
cfi=(327)
cfn=(1430)
calls=2 119
* 2886
* 2
+12 14
cfi=(327)
cfn=(1430)
calls=2 119
* 1450
+1 6
-34 10
+36 12
cfi=(327)
cfn=(1596)
calls=3 244
* 54
+1 30
cfi=(327)
cfn=(1430)
calls=3 119
* 5840
+1 45
cfi=(327)
cfn=(1430)
calls=3 119
* 17064
+3 12
+4 21
cfi=(327)
cfn=(1430)
calls=3 119
* 1827
+2 231
-73 200
+75 48

fn=(1690) emit_protos_internal
1254 9
+1 2
+4 2
+1 1
+2 468
+11 468
+2 345
+30 276
+2 80
cfi=(327)
cfn=(1430)
calls=8 119
* 20732
+2 276
+64 345
+4 414
cfi=(345)
cfn=(1692)
calls=69 176
* 745337
+1 483
cfi=(327)
cfn=(1430)
calls=69 119
* 45954
+2 276
+2 56
cfi=(327)
cfn=(1430)
calls=8 119
* 7848
* 8
+3 192
+2 117
+1 78
+7 195
cfi=(278)
cfn=(1132)
calls=39 149
* 585
* 39
+1 156
+1 156
+2 117
cfi=(341)
cfn=(1620)
calls=39 91
* 10662
* 39
+1 195
cfi=(278)
cfn=(1268)
calls=39 437
* 11938
* 39
+1 78
+6 39
+1 78
+2 312
+4 156
+23 78
+6 156
+4 117
+1 39
+2 1576
+2 15
+1 5
+2 1556
+4 1167
+3 389
+1 1167
cob=(3)
cfi=(157)
cfn=(626)
calls=389 0
* 6224
* 389
+1 2723
cob=(3)
cfi=(157)
cfn=(1072)
calls=389 0
* 10028
* 3501
+1 2334
-1 778
+4 1945
+1 1167
cob=(3)
cfi=(157)
cfn=(626)
calls=389 0
* 6224
* 1556
cob=(3)
cfi=(157)
cfn=(626)
calls=389 0
* 6246
* 1556
cfi=(192)
cfn=(630)
calls=389 51
* 52126
* 389
+1 2723
cob=(3)
cfi=(157)
cfn=(1140)
calls=389 0
* 215515
-4 389
+12 2334
cfi=(345)
cfn=(1692)
calls=389 176
* 3985857
+1 2723
cfi=(327)
cfn=(1430)
calls=389 119
* 259074
+1 1556
+6 1167
-38 866
+40 156
+5 36
+2 27
+1 18
+6 27
cfi=(341)
cfn=(1620)
calls=9 91
* 2472
* 9
+1 45
cfi=(278)
cfn=(1268)
calls=9 437
* 2063
* 9
+1 9
+1 18
+2 36
+2 4
+21 18
+2 6
+1 2
+3 28
+4 21
+1 7
+2 28
+5 28
+4 42
cfi=(345)
cfn=(1692)
calls=7 176
* 59807
+1 49
cfi=(327)
cfn=(1430)
calls=7 119
* 4662
+1 28
+4 21
-17 28
+19 28
+9 345
1260 236
1571 5

fn=(1622)
1855 6
+1 3
cfn=(1624) emit_mangled_pointer_typedefs
calls=1 -51
* 12545
+2 10
+2 7
cfi=(327)
cfn=(1430)
calls=1 119
* 1858
+2 7
cfi=(327)
cfn=(1430)
calls=1 119
* 3839
+1 7
cfi=(327)
cfn=(1430)
calls=1 119
* 3485
+2 5
+13 7
cfi=(327)
cfn=(1430)
calls=1 119
* 11475
+3 7
cfi=(327)
cfn=(1430)
calls=1 119
* 17342
+5 7
cfi=(327)
cfn=(1430)
calls=1 119
* 4370
+1 7
cfi=(327)
cfn=(1430)
calls=1 119
* 12790
* 1
+10 2
+1 1
+2 376
+2 360
+5 320
+2 273
+1 234
+1 468
cfi=(327)
cfn=(1430)
calls=39 119
* 183881
+3 188
+24 141
-40 96
+42 7
cfi=(327)
cfn=(1430)
calls=1 119
* 609
+2 1
+1 3
+1 3
+7 3
+2 3
+1 3
+13 1
+1 3
+1 3
+5 2
+25 3

fn=(1624)
1805 25
+2 1
+2 3
+1 1
+2 434
cob=(3)
cfi=(157)
cfn=(720)
calls=31 0
* 1555
* 62
+1 20
cob=(3)
cfi=(157)
cfn=(710)
calls=4 0
* 92
-1 8
+4 4
+1 8
+2 24
cob=(3)
cfi=(157)
cfn=(592)
calls=3 0
* 66
* 6
+2 3
+1 3
-5 12
+9 10
+3 12
cfi=(327)
cfn=(1430)
calls=1 119
* 3185
+1 7
+3 3
-23 2
+23 90
-23 62
+27 3
+1 1
+2 638
cob=(3)
cfi=(157)
cfn=(720)
calls=35 0
* 1785
* 70
+2 210
cob=(3)
cfi=(157)
cfn=(720)
calls=35 0
* 1785
* 70
+1 175
cob=(3)
cfi=(157)
cfn=(720)
calls=35 0
* 1742
+6 216
-11 146
+13 6

fn=(1628)
176 5
+1 3
+1 3
+31 4

fn=(1698)
1588 42
+1 3
+6 1
+2 1
+2 33
+1 66
+2 9
+3 3
+1 9
+1 3
+2 135
+1 105
cob=(3)
cfi=(157)
cfn=(592)
calls=15 0
* 345
-1 30
+3 15
+6 36
-11 30
+9 3
+4 6
+6 9
+3 9
cfi=(341)
cfn=(1620)
calls=3 91
* 828
* 3
+1 15
cfi=(278)
cfn=(1268)
calls=3 437
* 479
* 3
+1 3
+1 6
+2 24
+2 4
+2 4
+22 6
+2 6
+1 2
+4 1
+1 5
+8 2
+6 8
+1 8
+1 1
+2 5
cob=(3)
cfi=(157)
cfn=(592)
calls=1 0
* 22
* 7
cob=(3)
cfi=(157)
cfn=(592)
calls=1 0
* 22
* 2
+1 5
cob=(3)
cfi=(157)
cfn=(592)
calls=1 0
* 22
-1 2
+5 3
+1 1
+34 24
1597 24
1728 7

fn=(1638)
873 28
+1 8
+4 20
cob=(3)
cfi=(157)
cfn=(1640)
calls=4 0
* 220
* 8
+2 6
cfi=(192)
cfn=(624)
calls=2 91
* 392
* 2
+3 12
cob=(3)
cfi=(157)
cfn=(1646)
calls=2 0
* 116
* 4
+7 6
cfi=(192)
cfn=(624)
calls=2 91
* 392
+1 12

fn=(1706)
1732 6
+1 2
+1 1
+1 1
+2 16
+31 12
-33 10
+35 2
+29 1
+1 2

fn=(1630)
163 10
+1 2
+2 6
cfn=(1632) emit_type_aliases_internal
calls=1 -59
* 6084
+7 7

fn=(1632)
107 8
+1 2
+6 16
+2 21
cfn=(1602)
calls=3 -94
* 467
* 6
+2 18
cfn=(1604)
calls=3 -83
* 468
+1 24
cfn=(1633) emit_type_aliases_internal'2
calls=3 -12
* 5021
* 3
+3 4
+36 12
-46 10
+48 4

fn=(1633)
107 96
+1 24
+6 352
+2 63
cfn=(1602)
calls=9 -94
* 2101
* 18
+2 54
cfn=(1604)
calls=9 -83
* 1404
+1 72
cfn=(1633)
calls=9 -12
* 5262
* 9
+3 316
+36 264
-46 200
+48 48

fn=(1634)
979 10
+1 2
+2 6
cfn=(1636)
calls=1 -86
* 57502
+7 7

fn=(1660)
859 10
+1 2
+2 7
cfn=(1662) emit_struct_defs_internal
calls=1 502
* 507654
+7 7

fn=(1682)
1109 10
+1 2
+2 6
cfn=(1684) emit_trait_wrappers_internal
calls=1 994
* 42978
+7 7

fn=(1684)
994 8
+1 2
+6 16
+2 21
cfn=(1602)
calls=3 22
* 467
* 6
+2 18
cfn=(1604)
calls=3 35
* 468
+1 24
cfn=(1685) emit_trait_wrappers_internal'2
calls=3 -12
* 41915
+3 9
+1 3
+2 4
+92 3
999 10
1106 4

fn=(1685)
994 96
+1 24
+6 352
+2 63
cfn=(1602)
calls=9 22
* 2101
* 18
+2 54
cfn=(1604)
calls=9 35
* 1404
+1 72
cfn=(1685)
calls=9 -12
* 79050
+3 27
+1 9
+2 316
+2 20
+2 6
+1 2
+2 12
+4 9
+1 3
+2 14
cfn=(1638)
calls=2 873
* 613
* 2
+1 8
cfi=(341)
cfn=(1652)
calls=2 72
* 132
* 2
+1 4
+1 4
-1 8
+1 6
-1 4
+1 14
-1 2
+2 36
cfi=(327)
cfn=(1430)
calls=2 119
* 8518
* 2
+3 18
+2 18
cfi=(323)
cfn=(1386)
calls=2 281
* 7738
* 2
+1 10
cob=(3)
cfi=(157)
cfn=(720)
calls=2 0
* 200
* 4
+2 8
cob=(3)
cfi=(157)
cfn=(710)
calls=2 0
* 46
* 2
+1 4
-2 2
+13 14
cfi=(327)
cfn=(1430)
calls=2 119
* 1556
+1 8
cfi=(327)
cfn=(1594)
calls=2 236
* 28
+2 20
cob=(3)
cfi=(157)
cfn=(1640)
calls=2 0
* 110
* 8
+1 2
-1 1
+1 2
+2 9
cfi=(327)
cfn=(1430)
calls=1 119
* 3649
* 1
+4 9
cfi=(327)
cfn=(1430)
calls=1 119
* 3295
+3 18
+2 8
cfi=(341)
cfn=(1686)
calls=2 30
* 1294
* 2
+1 12
+2 10
cob=(3)
cfi=(157)
cfn=(592)
calls=2 0
* 88
* 4
+18 14
cfi=(327)
cfn=(1430)
calls=2 119
* 1450
+2 4
+2 10
cfi=(327)
cfn=(1430)
calls=1 119
* 4339
+3 8
cfi=(327)
cfn=(1596)
calls=2 244
* 36
+1 14
cfi=(327)
cfn=(1430)
calls=2 119
* 1528
+2 6
-72 10
+74 12
+4 21
cfi=(327)
cfn=(1430)
calls=3 119
* 1827
+2 231
999 200
1106 48

fn=(1694)
1236 10
+1 2
+1 2
+1 2
+2 6
cfn=(1696) emit_globals_internal
calls=1 1124
* 51135
+8 7

fn=(1688)
1574 10
+1 2
+2 6
cfn=(1690)
calls=1 1254
* 5494524
+7 7

fn=(1598)
92 10
+1 2
+2 6
cfn=(1600) emit_includes_and_aliases_internal
calls=1 -44
* 28682
+7 7

fn=(1600)
51 8
+1 2
+6 16
+2 21
cfn=(1602)
calls=3 -38
* 467
* 6
+2 18
cfn=(1604)
calls=3 -27
* 468
+1 24
cfn=(1601) emit_includes_and_aliases_internal'2
calls=3 -12
* 27615
+3 9
+1 3
+2 4
+14 4
+4 3
-31 10
+33 4

fn=(1601)
51 96
+1 24
+6 352
+2 63
cfn=(1602)
calls=9 -38
* 2101
* 18
+2 54
cfn=(1604)
calls=9 -27
* 1404
+1 72
cfn=(1601)
calls=9 -12
* 5630
+3 27
+1 9
+2 316
+2 40
+2 40
+2 100
cfi=(327)
cfn=(1430)
calls=10 +44
* 22128
* 10
+8 276
+4 237
-31 200
+33 48

fn=(1604)
35 288
+1 96
cfi=(192)
cfn=(630)
calls=48 +15
* 6432
* 48
+1 144
+1 192
+1 144
+1 144

fn=(1704)
290 5
+1 3
+1 3
497 4

fn=(1602)
22 288
+1 48
+2 1584
cob=(3)
cfi=(157)
cfn=(592)
calls=264 -25
* 6264
* 528
+4 792
-6 624
+8 48
+1 96

fn=(1662)
502 9
+1 2
+6 188
+12 188
+11 376
+2 21
+1 7
+2 160
+5 80
+5 80
+5 160
+2 160
+7 160
+5 4
+4 12
cfi=(327)
cfn=(1430)
calls=1 119
* 3438
+1 4
+4 3
+1 1
+3 156
+5 351
+14 156
+6 273
cfi=(327)
cfn=(1430)
calls=39 119
* 35685
+3 78
+1 78
-1 156
+1 78
-1 78
+1 195
-1 39
+2 78
+57 156
+2 546
cfi=(327)
cfn=(1430)
calls=39 119
* 72160
+3 273
cfi=(327)
cfn=(1430)
calls=39 119
* 25701
+1 273
cfi=(327)
cfn=(1430)
calls=39 119
* 23517
+1 156
cfi=(327)
cfn=(1594)
calls=39 236
* 546
+1 156
+2 222
cfi=(342)
cfn=(1664)
calls=37 1026
* 282952
* 37
+5 14
cfi=(327)
cfn=(1430)
calls=2 119
* 3674
+2 156
cfi=(327)
cfn=(1596)
calls=39 244
* 702
+1 273
cfi=(327)
cfn=(1430)
calls=39 119
* 24258
+2 273
cfi=(327)
cfn=(1430)
calls=39 119
* 28782
+1 156
854 117
507 96
856 4

fn=(1696)
1124 9
+1 2
+6 32
+10 52
+2 21
cfi=(327)
cfn=(1430)
calls=3 119
* 3441
+1 12
+4 12
+4 12
+2 24
cfi=(345)
cfn=(1674)
calls=3 141
* 10195
* 3
+24 12
+2 7
cfi=(327)
cfn=(1430)
calls=1 119
* 718
+2 2
+2 2
-1 4
cfi=(192)
cfn=(624)
calls=1 91
* 196
* 1
-2 1
+5 5
+9 6
cfi=(328)
cfn=(1422)
calls=1 24
* 34273
+7 21
cfi=(327)
cfn=(1430)
calls=3 119
* 1998
+1 15
+23 12
+5 24
1129 18
1233 5

fl=(214)
fn=(716)
32 5
+2 6
cfi=(178)
cfn=(718)
calls=1 317
* 93
* 2
+4 6
cfi=(178)
cfn=(718)
calls=1 317
* 93
* 2
+4 6
cfi=(178)
cfn=(718)
calls=1 317
* 93
* 2
+4 6
cfi=(178)
cfn=(718)
calls=1 317
* 93
* 2
+5 1
cfi=(216)
cfn=(724)
calls=1 +61
* 10
+1 1
cfi=(217)
cfn=(726)
calls=1 182
* 6305
+3 1
cfi=(222)
cfn=(746)
calls=1 -29
* 7
+3 3
cfi=(223)
cfn=(748)
calls=1 +38
* 2690
+2 3
cfn=(788) driver_compile
calls=1 +22
* 455198237
* 1
+3 4
+5 1
cfi=(222)
cfn=(1836)
calls=1 213
* 13
+3 4
+5 3
cfi=(217)
cfn=(1838)
calls=1 280
* 25
+2 1
+1 2

fn=(788)
82 558
+2 5
cob=(3)
cfi=(157)
cfn=(582)
calls=1 -84
* 558915
+1 2
+1 2
+1 3
+1 4
cfi=(229)
cfn=(790) module_state_init
calls=1 345
* 549
+1 2
+3 4
+14 2
+1 2
+3 2
+2 6
cfi=(192)
cfn=(808)
calls=1 366
* 6832
* 1
+1 2
+7 5
cfi=(192)
cfn=(934)
calls=1 486
* 7660
+3 6
cfi=(252)
cfn=(936)
calls=1 6
* 27
+2 1
cfi=(178)
cfn=(938)
calls=1 368
* 1611
* 1
+1 3
+6 1
cfi=(178)
cfn=(976)
calls=1 -77
* 38
* 3
+2 4
+2 7
cfi=(265)
cfn=(978)
calls=1 -35
* 1986
+2 3
cob=(3)
cfi=(157)
cfn=(1012)
calls=1 0
* 182
+3 5
cfi=(272)
cfn=(1026)
calls=1 509
* 149208747
* 1
+1 2
+6 4
+85 4
+2 3
cfi=(305)
cfn=(1480)
calls=1 91
* 382
+1 3
cfi=(305)
cfn=(1482)
calls=1 109
* 235275
+1 3
cfi=(305)
cfn=(1484)
calls=1 -31
* 118704
+2 3
cfi=(305)
cfn=(1486)
calls=1 27
* 126260
* 2
+5 8
+2 5
cfi=(331)
cfn=(1488) check_moves_only
calls=1 1164
* 406235
* 2
+7 1
+1 8
+15 4
+6 4
+13 4
cfi=(183)
cfn=(1572)
calls=1 94
* 11
* 1
+1 6
+3 4
+2 4
cfi=(192)
cfn=(1574)
calls=1 905
* 271
* 1
+1 3
cfi=(192)
cfn=(1576)
calls=1 921
* 241
* 1
+2 4
+8 3
+4 4
+2 4
cob=(3)
cfi=(157)
cfn=(626)
calls=1 0
* 16
* 1
+1 3
cob=(3)
cfi=(157)
cfn=(626)
calls=1 0
* 16
* 1
+1 3
+1 9
cob=(3)
cfi=(157)
cfn=(592)
calls=1 0
* 22
-1 2
+8 11
cob=(3)
cfi=(157)
cfn=(672)
calls=1 0
* 559
* 1
+9 5
cob=(3)
cfi=(157)
cfn=(752)
calls=1 0
* 469
* 1
+1 2
+5 6
cfi=(327)
cfn=(1578)
calls=1 89
* 23
+1 5
cfi=(183)
cfn=(1580)
calls=1 126
* 304506682
+1 3
cob=(3)
cfi=(157)
cfn=(912)
calls=1 0
* 704
+2 4
+11 6
+15 2
+1 5
-1 1
+3 3
cfi=(348)
cfn=(1768)
calls=1 +85
* 153
+1 6
cfi=(348)
cfn=(1770)
calls=1 196
* 11324
+2 4
+10 3
cfi=(348)
cfn=(1782)
calls=1 509
* 176
* 1
+1 3
cfi=(348)
cfn=(1804)
calls=1 497
* 114
+2 4
+2 3
cob=(3)
cfi=(157)
cfn=(1806)
calls=1 0
* 20
+2 2
+6 4
+42 1
cfi=(178)
cfn=(976)
calls=1 55
* 38
* 2
+1 4
+2 4
+2 2
-2 9
cfi=(265)
cfn=(978)
calls=1 101
* 3132
+5 1
+1 6

fl=(290) /app/src/parser/type/type_base.c
fn=(1130) parse_type_base
16 9648
+1 7236
+1 4020
cfi=(252)
cfn=(1060)
calls=804 670
* 419307
+2 2412
+2 789
+2 2673
cob=(3)
cfi=(157)
cfn=(1072)
calls=51 -24
* 1607
* 102
+1 789
-1 1578
+1 1416
cob=(3)
cfi=(157)
cfn=(1072)
calls=236 -25
* 7499
* 472
+14 3945
cfi=(252)
cfn=(1062)
calls=789 +44
* 387561
+1 11046
cfi=(279)
cfn=(1118)
calls=789 230
* 150359
* 1578
+3 3945
cfi=(278)
cfn=(1132)
calls=789 149
* 11835
* 789
+1 1578
+25 3945
cob=(3)
cfi=(157)
cfn=(592)
calls=789 -69
* 18508
* 1590
+2 8
cfi=(192)
cfn=(624)
calls=2 +20
* 398
* 2
+4 3947
cfi=(252)
cfn=(1060)
calls=789 670
* 231589
* 2367
+51 2367
cfi=(291)
cfn=(1134)
calls=789 -47
* 1264060
* 789
+1 1578
+3 2064
cfi=(275)
cfn=(1032)
calls=516 -21
* 100104
* 516
+1 2580
+1 1032
+4 2177
cob=(3)
cfi=(157)
cfn=(1064)
calls=5 0
* 30
* 60
+95 546
+10 1092
+2 1365
cfi=(278)
cfn=(1250)
calls=273 649
* 8463
* 273
+1 546
+15 1092
+23 1365
cfi=(216)
cfn=(1254)
calls=273 -24
* 10861
* 1221
cob=(3)
cfi=(157)
cfn=(592)
calls=135 0
* 3167
* 270
+2 2278
cfi=(305)
cfn=(1256)
calls=134 13
* 33370
* 134
+3 268
cfi=(275)
cfn=(1032)
calls=134 109
* 25996
* 278
cfi=(275)
cfn=(1032)
calls=139 109
* 26966
* 273
+1 819
+1 819
+3 1365
cfi=(252)
cfn=(1060)
calls=273 670
* 80353
* 819
+1 1155
cfi=(252)
cfn=(1060)
calls=231 670
* 68215
* 231
-1 462
+1 360
cfi=(252)
cfn=(1060)
calls=72 670
* 20908
* 576
+2 210
cfi=(252)
cfn=(1062)
calls=42 83
* 10752
+1 210
cfi=(289)
cfn=(1129) parse_type_formal'2
calls=42 16
* 8303512
* 42
+1 126
cfi=(275)
cfn=(1136)
calls=42 446
* 10292
* 42
+3 210
cfi=(252)
cfn=(1060)
calls=42 670
* 11928
+1 126
+76 126
+2 180
cfi=(252)
cfn=(1062)
calls=36 83
* 9216
* 36
+2 36
+1 36
cob=(3)
cfi=(157)
cfn=(1072)
calls=6 0
* 144
-1 12
+4 30
+1 36
+7 126
cfi=(275)
cfn=(1136)
calls=42 +53
* 10292
* 42
+2 210
cfi=(216)
cfn=(1412)
calls=42 270
* 3122
* 42
+2 84
+2 285
cfi=(323)
cfn=(1458)
calls=15 2637
* 37835608
* 15
+4 45
cfi=(323)
cfn=(1380)
calls=15 1544
* 8043
* 81
cfi=(323)
cfn=(1380)
calls=27 1544
* 7043
* 42
+1 126
cob=(3)
cfi=(157)
cfn=(626)
calls=42 0
* 672
* 168
cob=(3)
cfi=(157)
cfn=(626)
calls=42 0
* 672
* 126
+1 126
cfi=(192)
cfn=(630)
calls=42 51
* 5628
* 42
+1 420
cob=(3)
cfi=(157)
cfn=(672)
calls=42 0
* 25154
+4 126
+4 84
+1 84
+1 84
+2 210
+1 84
-1 1155
+1 462
+3 45
+2 5
cfi=(252)
cfn=(1062)
calls=1 83
* 290
+1 5
cfi=(289)
cfn=(1129)
calls=1 16
* 5779
* 1
+3 5
cfi=(252)
cfn=(1060)
calls=1 670
* 284
* 3
+2 5
cfi=(252)
cfn=(1062)
calls=1 83
* 251
+1 5
cfi=(295)
cfn=(1160)
calls=1 12
* 3858
* 1
+1 1
+1 1
+1 6
cfi=(317)
cfn=(1352)
calls=1 10
* 36
* 2
+2 3
+7 5
cfi=(252)
cfn=(1062)
calls=1 83
* 251
* 3
+5 2
cfi=(275)
cfn=(1032)
calls=1 109
* 194
* 1
+1 3
+1 3
+1 5
+1 2
+22 42
+57 42
+11 70
+1 28
cfi=(275)
cfn=(1032)
calls=14 109
* 2716
+1 7236

fn=(1131) parse_type_base'2
16 528
+1 396
+1 220
cfi=(252)
cfn=(1060)
calls=44 670
* 16219
+2 132
+2 44
+2 138
cob=(3)
cfi=(157)
cfn=(1072)
calls=1 -24
* 36
* 2
+1 44
-1 88
+1 30
cob=(3)
cfi=(157)
cfn=(1072)
calls=5 -25
* 153
* 10
+14 220
cfi=(252)
cfn=(1062)
calls=44 +44
* 14767
+1 616
cfi=(279)
cfn=(1118)
calls=44 230
* 8357
* 88
+3 220
cfi=(278)
cfn=(1132)
calls=44 149
* 660
* 44
+1 88
+25 220
cob=(3)
cfi=(157)
cfn=(592)
calls=44 -69
* 1052
* 88
+6 220
cfi=(252)
cfn=(1060)
calls=44 670
* 12466
* 132
+51 132
cfi=(291)
cfn=(1134)
calls=44 -47
* 91564
* 44
+1 88
+3 60
cfi=(275)
cfn=(1032)
calls=15 -21
* 2910
* 15
+1 75
+1 30
+4 232
+95 58
+10 116
+2 145
cfi=(278)
cfn=(1250)
calls=29 649
* 899
* 29
+1 58
+15 116
+23 145
cfi=(216)
cfn=(1254)
calls=29 -24
* 1391
* 68
cob=(3)
cfi=(157)
cfn=(592)
calls=2 0
* 44
* 4
+2 34
cfi=(305)
cfn=(1256)
calls=2 13
* 745
* 2
+3 4
cfi=(275)
cfn=(1032)
calls=2 109
* 388
* 54
cfi=(275)
cfn=(1032)
calls=27 109
* 5238
* 29
+1 87
+1 87
+3 145
cfi=(252)
cfn=(1060)
calls=29 670
* 8381
* 87
+1 140
cfi=(252)
cfn=(1060)
calls=28 670
* 8092
* 28
-1 56
+3 5
cfi=(252)
cfn=(1062)
calls=1 83
* 256
+1 5
cfi=(289)
cfn=(1129)
calls=1 16
* 5247
* 1
+1 3
cfi=(275)
cfn=(1136)
calls=1 446
* 241
* 1
+3 5
cfi=(252)
cfn=(1060)
calls=1 670
* 254
+1 3
+76 3
+4 6
+1 6
cob=(3)
cfi=(157)
cfn=(1072)
calls=1 0
* 24
-1 2
+4 5
+1 6
+7 3
cfi=(275)
cfn=(1136)
calls=1 +53
* 241
* 1
+2 5
cfi=(216)
cfn=(1412)
calls=1 270
* 19
* 1
+2 2
+2 19
cfi=(323)
cfn=(1458)
calls=1 2637
* 7994156
* 1
+4 3
cfi=(323)
cfn=(1380)
calls=1 1544
* 542
* 1
+1 3
cob=(3)
cfi=(157)
cfn=(626)
calls=1 0
* 16
* 4
cob=(3)
cfi=(157)
cfn=(626)
calls=1 0
* 16
* 3
+1 3
cfi=(192)
cfn=(630)
calls=1 51
* 134
* 1
+1 10
cob=(3)
cfi=(157)
cfn=(672)
calls=1 0
* 600
+4 3
+4 2
+1 2
+1 2
+2 5
+1 2
-1 140
+1 56
544 396

fl=(295)
fn=(1186)
25 25440
+1 61056
+1 5085
-1 10170
+3 6
+3 15255
+5 15255
+5 15255
+5 15255
+5 15255
+5 15255
+5 15255
+5 15255
+5 30321
+2 180
+3 14985
+2 26688
cfi=(279)
cfn=(1126)
calls=1668 224
* 80203
* 27932
cfi=(279)
cfn=(1126)
calls=1433 224
* 54929
* 27179
cfi=(279)
cfn=(1126)
calls=1430 224
* 54716
* 27170
cfi=(279)
cfn=(1126)
calls=1430 224
* 54716
* 4290
+1 22880
cfi=(279)
cfn=(1126)
calls=1430 224
* 54716
* 1430
-1 2860
+1 22880
cfi=(279)
cfn=(1126)
calls=1430 224
* 54716
* 27170
cfi=(279)
cfn=(1126)
calls=1430 224
* 54716
* 27170
cfi=(279)
cfn=(1126)
calls=1430 224
* 54716
* 4290
+1 22880
cfi=(279)
cfn=(1126)
calls=1430 224
* 54716
* 1430
-1 2860
+1 22880
cfi=(279)
cfn=(1126)
calls=1430 224
* 44330
* 27170
cfi=(279)
cfn=(1126)
calls=1430 224
* 44330
* 27170
cfi=(279)
cfn=(1126)
calls=1430 224
* 44330
* 4290
+2 476
+3 22880
cfi=(279)
cfn=(1126)
calls=1430 224
* 54710
* 27122
cfi=(279)
cfn=(1126)
calls=1427 224
* 53786
* 4281
+2 6
+3 22832
cfi=(279)
cfn=(1126)
calls=1427 224
* 53698
* 26409
cfi=(279)
cfn=(1126)
calls=1383 224
* 42873
* 4149
+2 88
+3 22128
cfi=(279)
cfn=(1126)
calls=1383 224
* 66495
* 4149
+2 124
+3 21136
cfi=(279)
cfn=(1126)
calls=1321 224
* 63287
* 3963
+2 32
+3 20880
cfi=(279)
cfn=(1126)
calls=1305 224
* 62583
* 3915
+2 256
+3 18832
cfi=(279)
cfn=(1126)
calls=1177 224
* 44290
* 21643
cfi=(279)
cfn=(1126)
calls=1132 224
* 41165
* 3396
+2 154
+3 17600
cfi=(279)
cfn=(1126)
calls=1100 224
* 38895
* 19956
cfi=(279)
cfn=(1126)
calls=1041 224
* 34876
* 3123
+2 176
+3 16192
cfi=(279)
cfn=(1126)
calls=1012 224
* 50812
* 19228
cfi=(279)
cfn=(1126)
calls=1012 224
* 50812
* 19228
cfi=(279)
cfn=(1126)
calls=1012 224
* 32934
* 18956
cfi=(279)
cfn=(1126)
calls=995 224
* 31712
* 2985
+2 74
+3 15600
cfi=(279)
cfn=(1126)
calls=975 +98
* 49873
* 15197
cfi=(279)
cfn=(1126)
calls=767 +98
* 39119
* 2301
+2 540
+3 11280
cfi=(279)
cfn=(1126)
calls=705 +93
* 35935
* 12755
cfi=(279)
cfn=(1126)
calls=665 +93
* 33859
* 12571
cfi=(279)
cfn=(1126)
calls=661 +93
* 33652
* 1983
+2 90
+3 10560
cfi=(279)
cfn=(1126)
calls=660 +88
* 20586
* 1980
+5 10560
cfi=(279)
cfn=(1126)
calls=660 +83
* 34257
* 1980
+2 1314
+3 48
cfi=(279)
cfn=(1126)
calls=3 +78
* 219
* 9
+6 19716
+2 566
+3 48752
cfi=(279)
cfn=(1126)
calls=3047 +67
* 94583
* 9141
+5 48752
cfi=(279)
cfn=(1126)
calls=3047 +62
* 94457
* 9141
+5 3047
+1 15264

fn=(1160)
12 10080
+1 6048
cfi=(296)
cfn=(1162)
calls=1008 372
* 71029821
* 1008
+3 2016
+5 1008
+1 6048

fn=(1161)
12 10120
+1 6072
cfi=(296)
cfn=(1163)
calls=1012 372
* 41452873
* 1012
+3 2024
+5 1012
+1 6072

fl=(309)
fn=(1300)
156 1190
+1 595
cfi=(252)
cfn=(1062)
calls=119 -74
* 91074
+1 595
cfi=(295)
cfn=(1160)
calls=119 12
* 6469280
* 119
+1 357
cfn=(1304) check_assignment_condition
calls=119 21
* 5691
+2 119
+1 595
cfi=(252)
cfn=(1060)
calls=119 670
* 39436
* 357
+2 580
cfi=(294)
cfn=(1155)
calls=116 777
* 12874328
* 232
+4 15
+4 9
cfi=(277)
cfn=(1122)
calls=3 13
* 561
+1 15
cfi=(294)
cfn=(1159)
calls=3 19
* 217603
* 3
+1 9
cfi=(277)
cfn=(1210)
calls=3 19
* 90
+1 6
cfi=(275)
cfn=(1046)
calls=3 -86
* 573
* 3
+1 9
+3 3
+1 9
cfi=(279)
cfn=(1058)
calls=3 +97
* 2135
-1 116
+1 348
cfi=(279)
cfn=(1058)
calls=116 +97
* 114578
+1 595
cfi=(252)
cfn=(1060)
calls=119 670
* 103170
* 902
cfi=(252)
cfn=(1060)
calls=109 670
* 97258
* 654
cob=(3)
cfi=(157)
cfn=(1072)
calls=109 0
* 3422
* 218
+2 65
cfi=(252)
cfn=(1062)
calls=13 83
* 6843
+1 65
cfi=(252)
cfn=(1060)
calls=13 670
* 4853
* 69
cfi=(252)
cfn=(1060)
calls=6 670
* 2592
* 36
cob=(3)
cfi=(157)
cfn=(1072)
calls=6 0
* 180
* 12
+2 30
cfn=(1301)
calls=6 -30
* 7908639
* 12
+2 35
cfi=(252)
cfn=(1060)
calls=7 670
* 2261
* 21
+2 35
cfi=(294)
cfn=(1155)
calls=7 777
* 1474307
* 14
+15 238
cfi=(275)
cfn=(1046)
calls=119 89
* 22729
* 119
+1 1309
+1 357
+1 357
+1 357
+1 119
+1 714

fn=(1301)
156 210
+1 105
cfi=(252)
cfn=(1062)
calls=21 -74
* 13470
+1 105
cfi=(295)
cfn=(1160)
calls=21 12
* 1055350
* 21
+1 63
cfn=(1304)
calls=21 21
* 1027
+2 21
+1 105
cfi=(252)
cfn=(1060)
calls=21 670
* 6783
* 63
+2 105
cfi=(294)
cfn=(1155)
calls=21 777
* 7522430
* 42
+15 21
+1 63
cfi=(279)
cfn=(1058)
calls=21 +97
* 20548
+1 105
cfi=(252)
cfn=(1060)
calls=21 670
* 15930
* 148
cfi=(252)
cfn=(1060)
calls=17 670
* 12754
* 102
cob=(3)
cfi=(157)
cfn=(1072)
calls=17 0
* 574
* 34
+2 50
cfi=(252)
cfn=(1062)
calls=10 83
* 5434
+1 50
cfi=(252)
cfn=(1060)
calls=10 670
* 4120
* 70
cfi=(252)
cfn=(1060)
calls=8 670
* 3474
* 48
cob=(3)
cfi=(157)
cfn=(1072)
calls=8 0
* 237
* 16
+2 40
cfn=(1301)
calls=8 -30
* 7647415
* 16
+2 10
cfi=(252)
cfn=(1060)
calls=2 670
* 646
* 6
+2 10
cfi=(294)
cfn=(1155)
calls=2 777
* 1448304
* 4
+15 42
cfi=(275)
cfn=(1046)
calls=21 89
* 4011
* 21
+1 231
+1 63
+1 63
+1 63
+1 21
+1 126

fn=(1464)
254 228
+1 95
cfi=(252)
cfn=(1062)
calls=19 83
* 18383
+2 95
cfi=(252)
cfn=(1060)
calls=19 670
* 6137
* 57
840 57
cfi=(277)
cfn=(1122)
calls=19 13
* 3553
+1 95
cfi=(252)
cfn=(1060)
calls=19 670
* 6137
* 57
+2 95
cfi=(252)
cfn=(1062)
calls=19 83
* 5510
+3 19
+1 95
cfi=(252)
cfn=(1060)
calls=19 670
* 9129
* 57
+2 95
cfi=(252)
cfn=(1060)
calls=19 670
* 9129
* 152
cfi=(252)
cfn=(1060)
calls=19 670
* 9129
* 114
cob=(3)
cfi=(157)
cfn=(1072)
calls=19 0
* 494
* 38
+2 84
cfi=(306)
cfn=(1258)
calls=14 64
* 639697
* 28
+4 25
cfi=(295)
cfn=(1160)
calls=5 12
* 207039
* 5
+1 25
cfi=(252)
cfn=(1060)
calls=5 670
* 1420
* 15
+2 25
cfi=(252)
cfn=(1062)
calls=5 83
* 1255
* 5
+9 19
+1 95
cfi=(252)
cfn=(1060)
calls=19 670
* 6327
* 57
+2 95
cfi=(295)
cfn=(1160)
calls=19 12
* 1151308
* 38
+9 95
cfi=(252)
cfn=(1060)
calls=19 670
* 5396
* 57
+2 95
cfi=(252)
cfn=(1062)
calls=19 83
* 4769
+3 19
+1 95
cfi=(252)
cfn=(1060)
calls=19 670
* 6327
* 152
cfi=(252)
cfn=(1060)
calls=19 670
* 6327
* 57
+2 95
cfi=(295)
cfn=(1160)
calls=19 12
* 1215810
* 19
+3 95
cfi=(252)
cfn=(1060)
calls=19 670
* 5396
* 57
+2 95
cfi=(252)
cfn=(1062)
calls=19 83
* 4769
+4 95
cfi=(252)
cfn=(1060)
calls=19 670
* 6137
* 57
+2 95
cfi=(294)
cfn=(1155)
calls=19 777
* 9975366
* 38
+10 57
cfi=(277)
cfn=(1210)
calls=19 19
* 696
+2 38
cfi=(275)
cfn=(1046)
calls=19 89
* 3629
* 19
+1 209
+1 57
+1 57
+1 57
+1 57
+1 19
+1 114

fn=(1465)
254 24
+1 10
cfi=(252)
cfn=(1062)
calls=2 83
* 2051
+2 10
cfi=(252)
cfn=(1060)
calls=2 670
* 646
* 6
840 6
cfi=(277)
cfn=(1122)
calls=2 13
* 374
+1 10
cfi=(252)
cfn=(1060)
calls=2 670
* 646
* 6
+2 10
cfi=(252)
cfn=(1062)
calls=2 83
* 580
+3 2
+1 10
cfi=(252)
cfn=(1060)
calls=2 670
* 1097
* 6
+2 10
cfi=(252)
cfn=(1060)
calls=2 670
* 1097
* 16
cfi=(252)
cfn=(1060)
calls=2 670
* 1097
* 12
cob=(3)
cfi=(157)
cfn=(1072)
calls=2 0
* 48
* 4
+2 12
cfi=(306)
cfn=(1258)
calls=2 64
* 78329
* 4
+16 2
+1 10
cfi=(252)
cfn=(1060)
calls=2 670
* 666
* 6
+2 10
cfi=(295)
cfn=(1160)
calls=2 12
* 103680
* 4
+9 10
cfi=(252)
cfn=(1060)
calls=2 670
* 568
* 6
+2 10
cfi=(252)
cfn=(1062)
calls=2 83
* 502
+3 2
+1 10
cfi=(252)
cfn=(1060)
calls=2 670
* 666
* 16
cfi=(252)
cfn=(1060)
calls=2 670
* 666
* 6
+2 10
cfi=(295)
cfn=(1160)
calls=2 12
* 97528
* 2
+3 10
cfi=(252)
cfn=(1060)
calls=2 670
* 568
* 6
+2 10
cfi=(252)
cfn=(1062)
calls=2 83
* 502
+4 10
cfi=(252)
cfn=(1060)
calls=2 670
* 646
* 6
+2 10
cfi=(294)
cfn=(1155)
calls=2 777
* 507220
* 4
+10 6
cfi=(277)
cfn=(1210)
calls=2 19
* 78
+2 4
cfi=(275)
cfn=(1046)
calls=2 89
* 382
* 2
+1 22
+1 6
+1 6
+1 6
+1 6
+1 2
+1 12

fn=(1448)
214 240
+1 120
cfi=(252)
cfn=(1062)
calls=24 83
* 23766
+1 120
cfi=(295)
cfn=(1160)
calls=24 12
* 1459992
* 24
+1 72
cfn=(1304)
calls=24 21
* 1193
+1 48
+6 96
+2 48
-1 48
+1 6
cob=(3)
cfi=(157)
cfn=(592)
calls=1 0
* 22
* 2
+2 4
+2 20
cfi=(217)
cfn=(1296)
calls=1 -5
* 26
* 1
+4 5
cfi=(252)
cfn=(1060)
calls=1 670
* 323
* 115
cfi=(252)
cfn=(1060)
calls=23 670
* 7429
* 72
+2 120
cfi=(294)
cfn=(1155)
calls=24 777
* 13792997
* 48
+10 48
cfi=(275)
cfn=(1046)
calls=24 89
* 4584
* 24
+1 264
+1 72
+1 72
+1 24
+1 144

fn=(1449)
214 20
+1 10
cfi=(252)
cfn=(1062)
calls=2 83
* 1948
+1 10
cfi=(295)
cfn=(1160)
calls=2 12
* 111827
* 2
+1 6
cfn=(1304)
calls=2 21
* 98
+1 4
+6 8
+2 4
-1 4
+9 10
cfi=(252)
cfn=(1060)
calls=2 670
* 646
* 6
+2 10
cfi=(294)
cfn=(1155)
calls=2 777
* 776424
* 4
+10 4
cfi=(275)
cfn=(1046)
calls=2 89
* 382
* 2
+1 22
+1 6
+1 6
+1 2
+1 12

fn=(1304)
21 996
+1 332
+4 664
+2 1510
cob=(3)
cfi=(157)
cfn=(592)
calls=151 -28
* 3707
* 302
+6 498

fl=(289)
fn=(1128)
16 8040
+1 7236
+1 804
+1 804
+2 4020
cfi=(252)
cfn=(1060)
calls=804 670
* 420369
* 2412
+2 3945
cfi=(252)
cfn=(1060)
calls=789 670
* 414660
* 2397
cfi=(252)
cfn=(1060)
calls=6 670
* 4102
* 36
cob=(3)
cfi=(157)
cfn=(1072)
calls=6 -23
* 176
* 12
+5 3945
cfi=(252)
cfn=(1060)
calls=789 670
* 414660
* 3102
cfi=(252)
cfn=(1060)
calls=147 670
* 101395
* 882
cob=(3)
cfi=(157)
cfn=(1072)
calls=147 -28
* 4259
* 294
+2 30
cfi=(252)
cfn=(1062)
calls=6 +53
* 3900
+1 6
+4 30
cfi=(252)
cfn=(1060)
calls=6 670
* 3036
* 3990
cfi=(252)
cfn=(1060)
calls=798 670
* 416271
* 2412
+6 804
+3 4020
cfi=(252)
cfn=(1060)
calls=804 670
* 419307
* 6357
cfi=(252)
cfn=(1060)
calls=789 670
* 413598
* 4734
cob=(3)
cfi=(157)
cfn=(1072)
calls=789 -44
* 23112
* 1578
+86 4020
cfi=(290)
cfn=(1130)
calls=804 16
* 49236795
* 804
+4 804
+2 675
cfi=(252)
cfn=(1060)
calls=135 670
* 39015
+1 135
+1 270
+2 945
-2 945
+7 270
+5 675
cfi=(252)
cfn=(1062)
calls=135 -67
* 34560
+1 270
+2 405
cfi=(275)
cfn=(1044)
calls=135 -23
* 28080
* 135
-2 945
-17 4695
cfi=(252)
cfn=(1060)
calls=939 670
* 277775
* 3832
cfi=(252)
cfn=(1060)
calls=203 670
* 60990
* 880
+23 804
+1 804
+1 804
+2 804
+2 35
cfi=(252)
cfn=(1062)
calls=7 -80
* 1757
+2 21
+2 28
+1 49
cfi=(192)
cfn=(1192)
calls=7 67
* 1036
* 7
+3 35
cfi=(252)
cfn=(1060)
calls=7 670
* 2392
* 21
+12 35
cfi=(295)
cfn=(1160)
calls=7 12
* 23520
* 7
+1 7
+1 7
+1 14
+4 42
cfi=(317)
cfn=(1352)
calls=7 10
* 252
* 14
+2 21
+17 35
cfi=(252)
cfn=(1062)
calls=7 83
* 1757
* 21
+5 63
-53 35
cfi=(252)
cfn=(1060)
calls=7 670
* 1988
* 4020
cfi=(252)
cfn=(1060)
calls=804 670
* 238760
* 2433
+56 3216
+2 14
cfi=(275)
cfn=(1032)
calls=7 109
* 1358
* 7
+1 21
+1 56
+1 14
-5 1629
+13 1608
+4 1608
+2 12
+3 30
+1 6
+1 18
-2 3990
+1 798
+1 4806

fn=(1129)
16 440
+1 396
+1 44
+1 44
+2 220
cfi=(252)
cfn=(1060)
calls=44 670
* 16219
* 132
+2 220
cfi=(252)
cfn=(1060)
calls=44 670
* 16219
* 132
+5 220
cfi=(252)
cfn=(1060)
calls=44 670
* 16219
* 147
cfi=(252)
cfn=(1060)
calls=3 670
* 2004
* 18
cob=(3)
cfi=(157)
cfn=(1072)
calls=3 -28
* 81
* 6
+7 220
cfi=(252)
cfn=(1060)
calls=44 670
* 16219
* 132
+6 44
+3 220
cfi=(252)
cfn=(1060)
calls=44 670
* 16219
* 352
cfi=(252)
cfn=(1060)
calls=44 670
* 16219
* 264
cob=(3)
cfi=(157)
cfn=(1072)
calls=44 -44
* 1301
* 88
+86 220
cfi=(290)
cfn=(1131)
calls=44 16
* 8181563
* 44
+4 264
cfi=(252)
cfn=(1060)
calls=44 670
* 12466
* 167
cfi=(252)
cfn=(1060)
calls=7 670
* 1778
* 35
+23 44
+1 44
+1 44
+2 264
cfi=(252)
cfn=(1060)
calls=44 670
* 12466
* 132
+56 264
+13 88
+4 88
+5 220
+1 44
+1 264

fl=(308) /app/src/parser/struct/struct_shared.c
fn=(1276) patch_and_fix_self
74 1064
+2 912
cfi=(287)
cfn=(1278) patch_self_args
calls=152 250
* 180613
* 152
+2 456
+1 456

fn=(1348) auto_import_std_mem
16 24
+2 18
cfi=(278)
cfn=(1350)
calls=3 763
* 1785
+6 24
cfi=(192)
cfn=(810)
calls=3 235
* 5079
* 3
+1 6
+5 15
cfi=(278)
cfn=(1088)
calls=3 744
* 1239
* 6
+5 12
cfi=(284)
cfn=(1090)
calls=2 1488
* 788
* 4
-2 2
+5 2
+22 15

fn=(1272) mangle_method_name
63 1368
+1 304
+2 36
cob=(3)
cfi=(157)
cfn=(672)
calls=3 -66
* 2472
+6 3
-2 1490
cob=(3)
cfi=(157)
cfn=(672)
calls=149 -70
* 89019
+2 456

fl=(334)
fn=(1566)
396 25
+1 20
+2 25
+2 20
cfi=(277)
cfn=(1210)
calls=5 19
* 222
+1 15

fn=(1502)
432 54
+1 18
+6 18
+1 27
+1 18
-1 18
+1 72
+5 18
+5 64
+2 8
+4 4
-1 24
cfi=(273)
cfn=(1172)
calls=2 135
* 8090
* 2
+2 4
+2 4
-7 2
+11 28
-11 2
+24 54
+6 36
+8 18

fn=(1504)
390 25
+1 25
+1 20
cfi=(277)
cfn=(1122)
calls=5 13
* 935
+1 15

fn=(1546)
263 88
+1 32
+1 32
+2 8
+62 48

fn=(1548)
515 64
+1 32
+4 208
+20 20
+9 12
+7 32

fn=(1560)
197 55
+1 20
+1 20
+2 5
+59 30

fn=(1524)
405 72
+1 32
+1 32
+5 168
cfi=(216)
cfn=(1036)
calls=8 19
* 209748
* 8
+1 56
cfi=(273)
cfn=(1176)
calls=8 115
* 690
* 8
+1 16
+2 24
+1 32
+2 32

fn=(1526)
422 234
+1 273
cfi=(273)
cfn=(1176)
calls=39 115
* 75942
* 39
+1 78
+2 78
+2 39
+1 78

fl=(282)
fn=(1080)
408 39
+1 15
cfi=(252)
cfn=(1062)
calls=3 83
* 1860
+2 15
cfi=(252)
cfn=(1060)
calls=3 670
* 3483
+1 9
+51 3
+1 9
+1 9
+2 15
cfi=(252)
cfn=(1060)
calls=3 670
* 3483
* 9
+56 15
cfi=(252)
cfn=(1062)
calls=3 83
* 3384
+1 9
+5 42
cfi=(279)
cfn=(1084)
calls=3 238
* 702
* 6
+2 24
cfi=(192)
cfn=(810)
calls=3 235
* 7563
* 3
+1 6
+14 6
+2 6
+7 15
cfi=(278)
cfn=(1088)
calls=3 744
* 884
* 6
+6 18
cfi=(284)
cfn=(1090)
calls=3 1488
* 39
* 6
+6 21
cfi=(284)
cfn=(1092)
calls=3 1488
* 1329
+2 3
+1 6
+9 3
+1 3
+1 6
+2 15
cfi=(252)
cfn=(1060)
calls=3 +87
* 1783
+1 18
+1 6
cob=(3)
cfi=(157)
cfn=(1072)
calls=1 0
* 27
-1 2
+44 9
cob=(3)
cfi=(157)
cfn=(626)
calls=3 0
* 48
* 15
cob=(3)
cfi=(157)
cfn=(626)
calls=3 0
* 48
* 21
cob=(3)
cfi=(157)
cfn=(592)
calls=3 0
* 66
* 6
+8 18
cfi=(192)
cfn=(808)
calls=3 366
* 11074
* 3
+1 6
+16 24
cfi=(252)
cfn=(936)
calls=3 6
* 81
+2 9
+1 3
+2 6
+5 12
+7 3
+1 6
+3 6
+7 9
+1 9
+2 6
cfi=(275)
cfn=(1046)
calls=3 89
* 573
* 3
+1 9
cfi=(279)
cfn=(1058)
calls=3 277
* 1922
+1 18
+2 15
cfi=(272)
cfn=(1077)
calls=3 16
* 147751208
* 3
+2 18
cfi=(284)
cfn=(1214)
calls=3 1488
* 1407
+1 15
cfi=(278)
cfn=(1220)
calls=3 +58
* 2245
+2 6
+6 9
+2 9
+6 6
+24 33
+1 9
cfi=(192)
cfn=(624)
calls=3 91
* 576
* 6
+1 9
+2 3
+1 18

fn=(1081)
408 260
+1 100
cfi=(252)
cfn=(1062)
calls=20 83
* 12151
+2 100
cfi=(252)
cfn=(1060)
calls=20 670
* 16626
+1 60
+51 20
+1 60
+1 60
+2 100
cfi=(252)
cfn=(1060)
calls=20 670
* 16626
* 60
+56 100
cfi=(252)
cfn=(1062)
calls=20 83
* 15966
+1 60
+5 280
cfi=(279)
cfn=(1084)
calls=20 238
* 4716
* 40
+2 160
cfi=(192)
cfn=(810)
calls=20 235
* 43429
* 20
+1 40
+14 40
+2 40
+7 100
cfi=(278)
cfn=(1088)
calls=20 744
* 7947
* 40
+3 22
+3 54
cfi=(284)
cfn=(1090)
calls=9 1488
* 3066
* 18
+6 63
cfi=(284)
cfn=(1092)
calls=9 1488
* 3461
+2 9
+1 18
+9 9
+1 9
+1 18
+2 45
cfi=(252)
cfn=(1060)
calls=9 +87
* 9931
+1 48
+44 27
cob=(3)
cfi=(157)
cfn=(626)
calls=9 0
* 144
* 45
cob=(3)
cfi=(157)
cfn=(626)
calls=9 0
* 144
* 63
cob=(3)
cfi=(157)
cfn=(592)
calls=9 0
* 249
* 18
+8 54
cfi=(192)
cfn=(808)
calls=9 366
* 32024
* 9
+1 18
+16 72
cfi=(252)
cfn=(936)
calls=9 6
* 243
+2 27
+1 9
+2 18
+5 36
+7 9
+1 18
+3 18
+7 27
+1 27
+2 18
cfi=(275)
cfn=(1046)
calls=9 89
* 2128
* 9
+1 27
cfi=(279)
cfn=(1058)
calls=9 277
* 5958
+1 54
+2 45
cfi=(272)
cfn=(1077)
calls=9 16
* 224626890
* 9
+2 54
cfi=(284)
cfn=(1214)
calls=9 1488
* 4602
+1 45
cfi=(278)
cfn=(1220)
calls=9 +58
* 4424
+2 18
+6 27
+2 27
+6 18
+24 99
+1 27
cfi=(192)
cfn=(624)
calls=9 91
* 1732
* 18
+1 27
+2 9
+1 120

fn=(1104)
360 100
+1 50
cfi=(252)
cfn=(1062)
calls=10 83
* 5254
+1 50
cfi=(252)
cfn=(1062)
calls=10 83
* 2950
+1 10
+1 10
+2 30
+2 10
+2 10
+3 50
cfi=(252)
cfn=(1062)
calls=10 83
* 5526
* 160
cfi=(252)
cfn=(1062)
calls=32 83
* 8475
+1 126
+5 126
+4 224
cob=(3)
cfi=(157)
cfn=(1106)
calls=32 0
* 1240
-11 32
+9 10
+4 30
cfi=(192)
cfn=(624)
calls=10 91
* 1944
* 10
+2 30
+8 20
cfi=(275)
cfn=(1046)
calls=10 89
* 1910
* 10
+1 30
+1 30
+2 20
+5 10
+1 60

fl=(304)
fn=(1244)
21 288
+2 90
cfi=(252)
cfn=(1062)
calls=18 +60
* 8712
+3 18
+1 90
cfi=(252)
cfn=(1060)
calls=18 670
* 11284
* 54
+12 90
cfi=(252)
cfn=(1062)
calls=18 +44
* 10690
+1 252
cfi=(279)
cfn=(1118)
calls=18 230
* 3421
* 36
+4 54
cfi=(279)
cfn=(1246)
calls=18 366
* 49919
* 18
+1 54
cfi=(192)
cfn=(624)
calls=18 +46
* 3527
* 18
+2 36
+3 126
cfi=(252)
cfn=(1060)
calls=18 670
* 6329
* 54
+3 35
cfi=(252)
cfn=(1062)
calls=7 +30
* 1792
+1 35
cfi=(252)
cfn=(1062)
calls=7 +29
* 1827
+1 98
cfi=(279)
cfn=(1118)
calls=7 230
* 1323
* 14
+1 35
cfi=(252)
cfn=(1062)
calls=7 +27
* 1792
* 21
+4 35
cfi=(216)
cfn=(1324)
calls=7 246
* 1582
-9 7
+11 22
+12 90
cfi=(252)
cfn=(1060)
calls=18 670
* 6567
+1 54
+1 18
-1 36
+1 18
cob=(3)
cfi=(157)
cfn=(1072)
calls=3 -76
* 72
* 15
+2 9
+2 15
cfi=(252)
cfn=(1062)
calls=3 +3
* 1623
* 3
+6 15
cfi=(252)
cfn=(1062)
calls=3 -3
* 1732
+1 42
cfi=(279)
cfn=(1118)
calls=3 230
* 576
* 6
+2 3
+1 15
cfi=(252)
cfn=(1060)
calls=3 670
* 969
* 9
+14 9
cfi=(275)
cfn=(1298)
calls=3 -73
* 1232
* 9
cfi=(275)
cfn=(1298)
calls=1 -73
* 320
* 2
+9 15
cob=(3)
cfi=(157)
cfn=(592)
calls=3 0
* 66
* 6
+2 9
cfi=(308)
cfn=(1348)
calls=3 -99
* 9022
+3 18
cfi=(278)
cfn=(1056)
calls=3 754
* 1674
+3 15
cob=(3)
cfi=(157)
cfn=(592)
calls=3 0
* 66
* 6
+2 15
cfi=(216)
cfn=(1174)
calls=3 -30
* 3312
* 3
+1 10
+2 4
+5 10
cfi=(278)
cfn=(1268)
calls=2 437
* 304
* 2
+1 12
+2 8
+24 9
+2 15
cfi=(252)
cfn=(1062)
calls=3 -77
* 870
+1 6
+2 6
+1 6
+8 9
cfi=(192)
cfn=(624)
calls=3 -81
* 594
* 3
+5 9
+1 9
cfi=(279)
cfn=(1058)
calls=3 +99
* 1872
-1 9
+1 9
cfi=(279)
cfn=(1058)
calls=3 +99
* 1077
+1 30
cfi=(252)
cfn=(1060)
calls=6 670
* 2751
* 18
+2 15
cfi=(252)
cfn=(1062)
calls=3 -98
* 879
298 6
+1 6
cfi=(275)
cfn=(1046)
calls=3 89
* 573
* 3
+1 9
+1 9
+1 9
+1 15
cfi=(278)
cfn=(1346)
calls=3 188
* 558
+3 15
cfi=(278)
cfn=(1268)
calls=3 437
* 481
* 3
+1 9
184 75
+1 15
cfi=(252)
cfn=(1060)
calls=3 670
* 1773
* 9
+5 15
cfi=(252)
cfn=(1060)
calls=3 670
* 1773
* 24
cfi=(252)
cfn=(1060)
calls=3 670
* 1773
* 18
cob=(3)
cfi=(157)
cfn=(1072)
calls=3 0
* 72
* 6
+2 27
cfi=(287)
cfn=(1112)
calls=3 19
* 161425
* 3
+1 18
+4 27
cfi=(308)
cfn=(1272)
calls=3 63
* 2553
+2 9
cfi=(192)
cfn=(1274)
calls=3 -95
* 1382
* 6
+3 18
cfi=(308)
cfn=(1276)
calls=3 74
* 3538
+2 9
+4 9
+1 9
+3 12
+8 6
-2 138
cfi=(216)
cfn=(1152)
calls=3 -94
* 16394
* 3
+6 6
+2 9
+6 6
-41 3
-15 3
307 30
+1 2
-1 2
+3 4
+1 4
+4 20
+2 10
+6 12
cfi=(216)
cfn=(1410)
calls=2 -15
* 1142
+3 6
+4 6
+4 6
+7 60
+11 75
cfi=(278)
cfn=(1132)
calls=15 149
* 225
* 15
+1 30
+10 45
+2 30
+3 35
cfi=(252)
cfn=(1062)
calls=7 83
* 2030
* 21
+4 21
cob=(3)
cfi=(157)
cfn=(626)
calls=7 0
* 112
* 28
cob=(3)
cfi=(157)
cfn=(626)
calls=7 0
* 112
* 28
cfi=(192)
cfn=(630)
calls=7 51
* 938
* 7
+1 21
cob=(3)
cfi=(157)
cfn=(626)
calls=7 0
* 112
* 28
cob=(3)
cfi=(157)
cfn=(626)
calls=7 0
* 112
* 77
cob=(3)
cfi=(157)
cfn=(672)
calls=7 0
* 4433
+3 14
+1 14
+3 21
+1 21
cfi=(279)
cfn=(1058)
calls=7 277
* 4368
-1 189
+1 189
cfi=(279)
cfn=(1058)
calls=63 277
* 88069
+1 350
cfi=(252)
cfn=(1060)
calls=70 670
* 44081
* 210
+2 35
cfi=(252)
cfn=(1062)
calls=7 83
* 2051
488 14
cfi=(275)
cfn=(1046)
calls=7 89
* 1337
* 7
+1 77
+1 21
+1 21
+1 42
cfi=(216)
cfn=(1410)
calls=7 308
* 4771
+1 14
+1 14
387 1575
+1 315
cfi=(252)
cfn=(1060)
calls=63 670
* 41799
* 189
+5 315
cfi=(252)
cfn=(1060)
calls=63 670
* 41799
* 504
cfi=(252)
cfn=(1060)
calls=63 670
* 41799
* 378
cob=(3)
cfi=(157)
cfn=(1072)
calls=63 0
* 1671
* 126
+2 567
cfi=(287)
cfn=(1112)
calls=63 19
* 14580805
* 63
+1 378
+3 567
cfi=(308)
cfn=(1272)
calls=63 63
* 39246
+2 189
cfi=(192)
cfn=(1274)
calls=63 104
* 24785
* 126
+3 378
cfi=(308)
cfn=(1276)
calls=63 74
* 77830
+3 492
+1 420
cob=(3)
cfi=(157)
cfn=(592)
calls=60 0
* 1422
-1 120
+3 110
cfi=(275)
cfn=(1032)
calls=55 109
* 10670
* 55
+1 165
cfi=(192)
cfn=(624)
calls=55 91
* 10877
* 110
+1 110
+1 110
cfi=(192)
cfn=(630)
calls=55 51
* 7370
* 110
+1 220
cfi=(275)
cfn=(1032)
calls=55 109
* 10670
* 55
+1 330
cfi=(192)
cfn=(624)
calls=55 91
* 10835
* 55
+2 110
cfi=(275)
cfn=(1032)
calls=55 109
* 10670
* 55
+1 165
+2 220
+3 126
+2 21
+4 168
+2 112
-37 56
+37 14
-37 7
-15 63
496 35
+2 14
+5 40
cfi=(252)
cfn=(1062)
calls=8 83
* 2320
+1 16
+3 24
+1 24
cfi=(279)
cfn=(1058)
calls=8 277
* 4992
-1 258
+1 258
cfi=(279)
cfn=(1058)
calls=86 277
* 56794
+1 470
cfi=(252)
cfn=(1060)
calls=94 670
* 58684
* 282
+2 40
cfi=(252)
cfn=(1062)
calls=8 83
* 2344
613 16
+1 16
cfi=(275)
cfn=(1046)
calls=8 89
* 1528
* 8
+1 24
+1 24
+1 40
cfi=(278)
cfn=(1346)
calls=8 188
* 1719
+2 24
515 2150
+1 430
cfi=(252)
cfn=(1060)
calls=86 670
* 56076
* 258
+5 430
cfi=(252)
cfn=(1060)
calls=86 670
* 56076
* 688
cfi=(252)
cfn=(1060)
calls=86 670
* 56076
* 516
cob=(3)
cfi=(157)
cfn=(1072)
calls=86 0
* 2256
* 172
+2 774
cfi=(287)
cfn=(1112)
calls=86 19
* 106387749
* 86
+4 774
cfi=(308)
cfn=(1272)
calls=86 63
* 53349
+2 258
cfi=(192)
cfn=(1274)
calls=86 104
* 38346
* 172
+3 516
cfi=(308)
cfn=(1276)
calls=86 74
* 102285
+2 258
+4 258
+1 258
+2 344
+2 40
cfi=(216)
cfn=(1338)
calls=5 199
* 2929
* 5
+6 162
-2 3402
cfi=(216)
cfn=(1152)
calls=81 124
* 1274042
* 81
+6 172
+2 24
+4 234
+2 156
-39 78
+39 16
-39 8
-16 86
623 8
+3 198

fl=(287)
fn=(1112)
19 2772
+1 990
cfi=(252)
cfn=(1062)
calls=198 +63
* 114690
+1 990
cfi=(252)
cfn=(1062)
calls=198 +62
* 123219
+1 3168
cfi=(279)
cfn=(1114)
calls=198 425
* 170505
* 198
+1 2772
cfi=(279)
cfn=(1118)
calls=198 230
* 37565
* 396
+2 396
+6 594
cfi=(279)
cfn=(1120)
calls=198 313
* 262868
* 396
+5 198
+1 990
cfi=(252)
cfn=(1060)
calls=198 670
* 56317
* 594
+2 85
cfi=(252)
cfn=(1062)
calls=17 +44
* 4352
+2 17
+1 51
cfi=(192)
cfn=(630)
calls=17 +9
* 2278
* 17
+1 34
+4 85
cfi=(252)
cfn=(1062)
calls=17 +36
* 4437
+1 51
+4 238
cfi=(279)
cfn=(1118)
calls=17 230
* 3213
* 34
+2 51
cob=(3)
cfi=(157)
cfn=(626)
calls=17 -54
* 274
* 68
cob=(3)
cfi=(157)
cfn=(626)
calls=17 -54
* 272
* 68
+6 68
+4 85
cob=(3)
cfi=(157)
cfn=(1146)
calls=17 -64
* 646
+3 85
cfi=(216)
cfn=(1254)
calls=17 258
* 255
* 34
+7 85
cfi=(252)
cfn=(1060)
calls=17 670
* 4913
* 51
+8 85
cfi=(252)
cfn=(1062)
calls=17 +1
* 4352
* 51
+4 51
cfi=(192)
cfn=(624)
calls=17 +5
* 3351
* 17
+5 51
+1 34
-1 543
+1 362
+2 51
cfi=(192)
cfn=(624)
calls=17 -3
* 3349
* 17
+1 85
cob=(3)
cfi=(157)
cfn=(1310)
calls=17 -95
* 1649
* 17
+1 17
+2 85
cfi=(216)
cfn=(1324)
calls=17 246
* 3842
+1 68
cob=(3)
cfi=(157)
cfn=(1310)
calls=17 -99
* 510
* 17
-3 68
+8 594
cfi=(277)
cfn=(1122)
calls=198 -91
* 37026
+7 198
+2 2970
cfi=(288)
cfn=(1124)
calls=198 567
* 7090912
* 396
+3 396
+1 396
cfi=(275)
cfn=(1032)
calls=198 -8
* 38412
* 198
+2 990
cob=(3)
cfi=(157)
cfn=(592)
calls=198 0
* 4702
* 396
+2 2
+1 2
cfi=(275)
cfn=(1032)
calls=1 -13
* 194
* 1
+3 5
cfi=(252)
cfn=(1060)
calls=1 670
* 323
* 985
cfi=(252)
cfn=(1060)
calls=197 670
* 57292
* 594
+2 700
cfi=(252)
cfn=(1062)
calls=140 -44
* 34300
+1 700
cfi=(289)
cfn=(1128)
calls=140 16
* 41283884
* 140
+1 420
cfi=(275)
cfn=(1136)
calls=140 446
* 51559
* 280
+2 290
cfi=(252)
cfn=(1060)
calls=58 670
* 18695
* 174
+6 396
+5 792
+11 1120
+2 1122
cfi=(216)
cfn=(1152)
calls=34 -31
* 563012
* 34
+5 34
+1 170
cfi=(252)
cfn=(1060)
calls=34 670
* 10826
-1 164
+1 820
cfi=(252)
cfn=(1060)
calls=164 670
* 52972
+1 594
+2 20
cfi=(252)
cfn=(1062)
calls=4 -81
* 1004
* 4
+2 582
+3 582
+1 582
+1 1358
cob=(3)
cfi=(157)
cfn=(720)
calls=194 0
* 11872
* 388
+2 254
+1 635
cob=(3)
cfi=(157)
cfn=(720)
calls=127 0
* 9881
* 635
+3 635
cfi=(294)
cfn=(1154)
calls=127 777
* 64608311
* 335
cfi=(294)
cfn=(1154)
calls=67 777
* 23999191
* 194
+3 582
+1 776
+10 1172
+2 776
+1 194
+4 1184
+5 888
-9 980
+13 594
cfi=(277)
cfn=(1210)
calls=198 19
* 8756
+3 594
+2 198
+2 396
cfi=(275)
cfn=(1046)
calls=198 89
* 37818
* 198
+1 2178
+1 594
+1 594
+1 594
+1 594
+2 594
+1 594
+1 594
+1 594
+1 594
+1 594
+1 594
+1 594
+1 594
+1 594
+1 990
+2 396
+2 51
cfi=(192)
cfn=(624)
calls=17 91
* 3349
* 34
+1 68
+2 72
cfi=(216)
cfn=(1338)
calls=12 -39
* 7054
+1 24
+3 744
+2 170
cfi=(278)
cfn=(1212)
calls=34 -73
* 10557
+2 186
+1 1188

fn=(1278)
250 1064
+1 304
+6 456
cob=(3)
cfi=(157)
cfn=(626)
calls=152 0
* 2432
* 456
cfi=(192)
cfn=(630)
calls=152 51
* 20368
* 152
+1 152
+1 304
+2 7175
+2 504
+2 6734
+4 6293
+6 10788
-16 9264
+19 760
+2 456
cob=(3)
cfi=(157)
cfn=(626)
calls=152 0
* 2500
* 608
cob=(3)
cfi=(157)
cfn=(626)
calls=152 0
* 2434
* 608
cfi=(192)
cfn=(630)
calls=152 51
* 20368
* 152
+3 912
cob=(3)
cfi=(157)
cfn=(1072)
calls=152 0
* 4237
* 304
+4 912
cob=(3)
cfi=(157)
cfn=(1072)
calls=152 0
* 3856
* 304
+2 1016
cob=(3)
cfi=(157)
cfn=(1140)
calls=127 0
* 73241
* 127
+4 125
cob=(3)
cfi=(157)
cfn=(1280)
calls=25 0
* 639
+3 152
+1 456

fl=(306)
fn=(1258)
64 2940
+1 1225
cfi=(252)
cfn=(1062)
calls=245 +18
* 212796
+3 1225
cfi=(252)
cfn=(1060)
calls=245 670
* 120963
* 1960
cfi=(252)
cfn=(1060)
calls=245 670
* 120963
* 735
+71 1225
cfi=(252)
cfn=(1062)
calls=245 -56
* 112878
+1 3920
cfi=(279)
cfn=(1114)
calls=245 425
* 204198
* 245
+1 3430
cfi=(279)
cfn=(1118)
calls=245 +89
* 46582
* 490
+3 1225
cfi=(252)
cfn=(1060)
calls=245 670
* 77201
* 735
+67 1225
cfi=(252)
cfn=(1060)
calls=245 670
* 77201
* 735
+56 245
+1 245
+2 1225
cfi=(252)
cfn=(1060)
calls=245 670
* 77201
* 735
+2 405
cfi=(252)
cfn=(1062)
calls=81 83
* 20736
+2 405
cfi=(289)
cfn=(1128)
calls=81 16
* 802373
* 81
+1 243
cfi=(275)
cfn=(1136)
calls=81 446
* 30315
* 81
+3 81
+1 405
cfi=(252)
cfn=(1060)
calls=81 670
* 25512
-1 164
+1 820
cfi=(252)
cfn=(1060)
calls=164 670
* 53792
* 1840
cfi=(252)
cfn=(1060)
calls=221 670
* 72488
* 3536
cfi=(279)
cfn=(1126)
calls=221 -55
* 11492
* 663
+2 1105
cfi=(252)
cfn=(1062)
calls=221 83
* 65195
+3 1105
cfi=(252)
cfn=(1060)
calls=221 670
* 117949
+1 1491
cob=(3)
cfi=(157)
cfn=(1072)
calls=138 0
* 3871
* 276
+31 663
+11 751
cob=(3)
cfi=(157)
cfn=(1072)
calls=7 0
* 198
* 14
+13 1105
cfi=(295)
cfn=(1160)
calls=221 12
* 7870370
* 442
+3 884
+2 171
+1 330
+2 216
cfi=(275)
cfn=(1136)
calls=54 +98
* 17551
* 54
+3 342
cob=(3)
cfi=(157)
cfn=(710)
calls=57 0
* 1311
* 142
cob=(3)
cfi=(157)
cfn=(710)
calls=7 0
* 161
* 14
+4 35
cob=(3)
cfi=(157)
cfn=(1280)
calls=7 0
* 201
+1 21
cob=(3)
cfi=(157)
cfn=(626)
calls=7 0
* 112
* 14
+2 35
cob=(3)
cfi=(157)
cfn=(1280)
calls=7 0
* 199
+1 21
cob=(3)
cfi=(157)
cfn=(626)
calls=7 0
* 112
* 14
+2 35
cfi=(278)
cfn=(1268)
calls=7 +76
* 16837
* 7
+2 14
+14 770
+2 656
+3 705
cfi=(275)
cfn=(1032)
calls=141 109
* 27354
* 141
+1 705
+2 185
cfi=(192)
cfn=(624)
calls=37 91
* 7240
* 74
+2 705
+2 60
+2 705
+5 705
+6 705
+1 705
+1 705
+1 423
cfi=(275)
cfn=(1136)
calls=141 +41
* 41660
* 282
+2 92
+5 92
+18 92
+9 536
+6 4900
cfi=(216)
cfn=(1036)
calls=245 19
* 4663333
* 245
+2 932
+2 594
+1 400
+6 198
+1 400
+22 1381
cfi=(275)
cfn=(1294)
calls=197 340
* 50482
* 394
+4 12
cfi=(298)
cfn=(1308)
calls=2 28
* 106
* 4
+18 1586
+2 255
cfi=(216)
cfn=(1174)
calls=51 93
* 5202
* 51
+1 102
+2 102
+1 255
+4 255
cfi=(252)
cfn=(1060)
calls=51 670
* 14484
* 970
cfi=(252)
cfn=(1060)
calls=194 670
* 55096
* 735
+2 1225
cfi=(252)
cfn=(1062)
calls=245 83
* 61495
+3 490
cfi=(275)
cfn=(1046)
calls=245 89
* 46795
* 245
+1 2695
+1 735
+1 735
+1 735
+1 735
+3 1156
cfi=(275)
cfn=(1298)
calls=222 31
* 107468
* 444
+5 735
+3 245
+6 2205
+2 15
cfi=(278)
cfn=(1356)
calls=3 205
* 513
+6 1225
cfi=(252)
cfn=(1060)
calls=245 670
* 218624
* 735
+31 245
+1 1960

fl=(273)
fn=(1172)
135 106029
+1 30294
+5 30294
+1 15147
+2 75270
+1 25090
+2 45750850
cob=(3)
cfi=(157)
cfn=(592)
calls=88690 0
* 2172332
* 177380
+2 2724
+2 25590366
-6 17110424
+8 71184
-11 77750
+13 13785
+1 30294

fn=(1176)
115 48936
+1 16312
+5 16312
+1 8156
+2 87995
cfn=(1054)
calls=17599 -28
* 3768622
* 17599
+1 35198
+2 15808
+2 29085
-7 35702
+9 252
+1 16312

fn=(1028)
9 3714
+1 1238
cfi=(192)
cfn=(630)
calls=619 +41
* 82946
* 619
+1 3095
cob=(3)
cfi=(157)
cfn=(582)
calls=619 -11
* 8666
+1 1857
+1 1238
+2 3
cfi=(192)
cfn=(624)
calls=1 +76
* 196
* 2
+2 1
+1 2
-1 618
+1 1236

fn=(1040)
78 10276
+1 5872
+5 2936
cfi=(192)
cfn=(630)
calls=1468 -33
* 197121
* 1468
+1 7340
cob=(3)
cfi=(157)
cfn=(582)
calls=1468 -85
* 41104
+1 4404
cfi=(192)
cfn=(624)
calls=1468 +5
* 286732
* 2936
+1 4404
+2 5872
+1 4404
+2 1468
+1 2936

fn=(1054)
96 108642
+1 72428
+5 54321
+1 18107
+2 4095383
cob=(3)
cfi=(157)
cfn=(592)
calls=54550 0
* 1337456
* 109100
+2 15816
+2 1003935
-6 705504
+8 10199
+1 36214

fl=(190)
fn=(614)
504 3
+1 3
cfi=(183)
cfn=(600)
calls=1 29
* 24
+1 3

fl=(299)
fn=(1532) mark_valid_in_state
401 70
+1 40
+5 30
+1 10
+2 156
cob=(3)
cfi=(157)
cfn=(592)
calls=26 0
* 638
* 52
+2 6
+1 33
+1 3
+2 69
-8 66
+11 14
cfi=(192)
cfn=(630)
calls=7 51
* 938
* 7
+1 21
cfi=(192)
cfn=(624)
calls=7 91
* 1372
* 14
+1 14
+1 77
+1 28
+1 28
+1 30

fn=(1540)
345 147
+1 42
+5 84
cfn=(1530) get_node_path
calls=21 65
* 5008
* 21
+1 42
+5 42
+5 357
cfn=(1542) check_path_validity
calls=21 -61
* 4189
* 42
+2 63

fn=(1190)
209 1582
+1 452
+2 26
+2 1917
+2 213
+1 852
+4 971
cfi=(278)
cfn=(1350)
calls=17 763
* 16325
* 34
+6 2556
+18 123
+1 123
+7 119
cfi=(278)
cfn=(1350)
calls=17 763
* 15602
* 34
+4 119
cfi=(278)
cfn=(1350)
calls=17 763
* 16325
* 34
+4 68
+2 102
cfi=(278)
cfn=(1268)
calls=17 437
* 61353
* 17
+1 61
+2 3
+11 3
-7 14
+7 14
+15 73
+1 73
+3 365
+1 73
+1 219
-2 700
+1 140
+1 459

fn=(1552)
24 30
+1 10
+4 20
cfn=(1490)
calls=5 -13
* 750
* 5
+2 15
+1 10
+1 5
+2 44
cfi=(192)
cfn=(630)
calls=22 +16
* 2948
* 22
+1 88
cfi=(192)
cfn=(624)
calls=22 +55
* 4306
* 44
+1 88
+1 264
+1 44
+1 66
+1 66
+1 66
-9 54
+11 5
+1 15

fn=(1544) get_move_status
122 126
+1 42
+4 42
+1 21
+2 63
+1 21
+2 462
cob=(3)
cfi=(157)
cfn=(592)
calls=77 0
* 1843
* 154
+2 39
+2 192
-6 170
+8 24
-11 58
+13 8
+1 42

fn=(1570)
185 14
+1 4
+5 8
+2 6
cfn=(1552)
calls=2 24
* 4028
* 4
+1 2
+12 6

fn=(1556)
48 28
+1 14
+4 21
+1 7
+2 87
+3 58
-5 79
+8 14

fn=(1530)
65 310
+1 124
+4 217
+2 31
+2 124
+2 92
cfi=(192)
cfn=(624)
calls=23 +15
* 4499
* 46
+2 32
+12 124
+1 31
+1 186

fn=(1490)
16 35
+1 14
cfi=(192)
cfn=(630)
calls=7 +34
* 938
* 7
+1 14
+1 21
+1 7
+1 14

fn=(1528)
428 80
+1 20
+2 20
+3 60
+2 40
cfn=(1530)
calls=10 65
* 808
* 10
+1 36
+2 32
cfi=(192)
cfn=(624)
calls=8 91
* 1568
* 8
+3 20
+2 320
cfn=(1532)
calls=10 -43
* 3716
* 10
+6 40

fn=(1542)
301 210
+1 42
+6 126
+1 21
+2 126
+2 126
cfn=(1544)
calls=21 122
* 3307
* 21
+3 84
+26 126

fl=(331)
fn=(1492) check_node
31 11
+1 4
+4 8
+1 2
+7 12
+4 3
+1 1
+2 28
cfn=(1493)
calls=4 -20
* 405903
+1 12
-3 10
+6 1
964 6
+1 6

fn=(1493)
31 781
+1 284
+4 568
+1 142
+7 852
+13 21
cfi=(333)
cfn=(1511)
calls=2 -52
* 82070
cfi=(333)
cfn=(1510)
calls=1 -52
* 404376
+1 3
+2 56
cfi=(333)
cfn=(1512)
calls=8 -2
* 255466
+1 8
+2 7
cfi=(333)
cfn=(1498)
calls=1 278
* 405272
+1 1
+11 48
cfn=(1493)
calls=6 -44
* 928
+1 6
+2 115
cfi=(335)
cfn=(1536)
calls=23 1010
* 59232
+1 23
+2 50
cfi=(335)
cfn=(1514)
calls=10 1087
* 180
+1 10
+2 5
+1 4
+2 8
cfn=(1493)
calls=1 -56
* 73
+3 4
+2 4
+1 7
cob=(3)
cfi=(157)
cfn=(592)
calls=1 -93
* 22
* 4
+2 2
+4 6
+8 9
+3 2
-1 7
cfi=(335)
cfn=(1516)
calls=1 766
* 71
+2 2
+1 2
-1 23
cfi=(335)
cfn=(1518)
calls=1 820
* 266
* 1
+5 2
+1 1
329 4
+2 19
cfi=(332)
cfn=(1494)
calls=1 1333
* 16
* 1
+1 6
cfi=(332)
cfn=(1496)
calls=1 722
* 17
+1 4
+16 7
cfi=(333)
cfn=(1550)
calls=1 455
* 132560
+1 1
+2 49
cfi=(335)
cfn=(1559)
calls=2 215
* 3342
cfi=(335)
cfn=(1558)
calls=5 215
* 15518
+1 7
+5 56
cfi=(336)
cfn=(1534)
calls=8 12
* 135248
+1 8
957 8
346 2
962 2
+2 426
+1 426

fn=(1488)
1164 9
+1 17
+1 2
+1 1
+1 4
+2 4
+2 2
cfi=(299)
cfn=(1490)
calls=1 16
* 150
* 2
+3 6
cfn=(1492)
calls=1 31
* 406007
+2 4
+2 4
cfi=(299)
cfn=(1556)
calls=1 48
* 15
+1 2
+3 1
+1 5

fl=(328)
fn=(1422)
24 14651
+1 4186
+5 18837
+34 25116
+2 23023
cfi=(330)
cfn=(1762)
calls=2 451
* 352996
cfi=(330)
cfn=(1750)
calls=35 617
* 6121800
cfi=(329)
cfn=(1734)
calls=99 455
* 309463
cfi=(330)
cfn=(1746)
calls=83 233
* 6831124
cfi=(330)
cfn=(1732)
calls=78 -6
* 5354519
cfi=(330)
cfn=(1730)
calls=472 1321
* 81073393
cfi=(330)
cfn=(1726)
calls=930 928
* 119623949
cfi=(330)
cfn=(1718)
calls=72 702
* 8839192
cfi=(330)
cfn=(1466)
calls=103 +82
* 6210462
cfi=(329)
cfn=(1424)
calls=219 445
* 3896772
+1 10465
+1 2093
+4 6279

fn=(1423)
24 52549
+1 15014
+5 67563
+34 90084
+2 82577
cfi=(330)
cfn=(1467)
calls=39 +82
* 2565637
cfi=(330)
cfn=(1719)
calls=7 702
* 975610
cfi=(330)
cfn=(1751)
calls=72 617
* 10812275
cfi=(330)
cfn=(1750)
calls=88 617
* 9147036
cfi=(330)
cfn=(1731)
calls=43 1321
* 5372648
cfi=(330)
cfn=(1733)
calls=8 -6
* 247657
cfi=(330)
cfn=(1726)
calls=176 928
* 18676793
cfi=(330)
cfn=(1746)
calls=328 233
* 26480461
cfi=(330)
cfn=(1727)
calls=559 928
* 59696400
cfi=(330)
cfn=(1730)
calls=119 1321
* 23566640
cfi=(330)
cfn=(1738)
calls=77 -48
* 171107
cfi=(329)
cfn=(1734)
calls=938 455
* 1344614
cfi=(330)
cfn=(1732)
calls=179 -6
* 9228782
cfi=(330)
cfn=(1466)
calls=1015 +82
* 64436957
cfi=(329)
cfn=(1424)
calls=3859 445
* 87442182
+1 37535
+1 7507
+4 22521

fn=(1758)
75 294
+1 84
+5 378
+2 168
+2 126
+1 210
cob=(3)
cfi=(157)
cfn=(592)
calls=42 -86
* 1052
+4 84
-4 115
cob=(3)
cfi=(157)
cfn=(592)
calls=23 -86
* 572
* 161
cob=(3)
cfi=(157)
cfn=(592)
calls=23 -86
* 572
* 46
+1 105
cob=(3)
cfi=(157)
cfn=(592)
calls=21 -87
* 528
-1 42
+1 105
cob=(3)
cfi=(157)
cfn=(592)
calls=21 -87
* 528
* 147
cob=(3)
cfi=(157)
cfn=(592)
calls=21 -87
* 528
* 42
+1 105
cob=(3)
cfi=(157)
cfn=(592)
calls=21 -88
* 528
-1 42
+1 105
cob=(3)
cfi=(157)
cfn=(592)
calls=21 -88
* 528
* 147
cob=(3)
cfi=(157)
cfn=(592)
calls=21 -88
* 528
* 42
+1 105
cob=(3)
cfi=(157)
cfn=(592)
calls=21 -89
* 528
-1 42
+1 105
cob=(3)
cfi=(157)
cfn=(592)
calls=21 -89
* 528
* 147
cob=(3)
cfi=(157)
cfn=(592)
calls=21 -89
* 528
* 42
+1 105
cob=(3)
cfi=(157)
cfn=(592)
calls=21 -90
* 528
-1 42
+1 105
cob=(3)
cfi=(157)
cfn=(592)
calls=21 -90
* 528
* 126
-4 42
+6 84
+2 252
cfn=(1422)
calls=42 -70
* 168563
+1 378
cfi=(327)
cfn=(1430)
calls=42 +24
* 49854
+1 252
cfn=(1422)
calls=42 -72
* 1433315
+1 210
+1 42
+24 126

fl=(186)
fn=(606)
14 3
+1 3
cfi=(183)
cfn=(600)
calls=1 +14
* 24
+1 3

fl=(229)
fn=(1100)
166 360
+2 216
+1 144
+1 72
+2 7488
+1 3744
-3 5280
+5 72
+1 144

fn=(790)
345 8
+1 7
cfi=(230)
cfn=(792)
calls=1 1488
* 66
* 16
+1 7
cfi=(230)
cfn=(796)
calls=1 1488
* 66
* 16
+1 7
cfi=(230)
cfn=(800)
calls=1 1488
* 66
* 16
+1 7
cfi=(230)
cfn=(804)
calls=1 1488
* 66
* 16
+1 7
cfi=(230)
cfn=(800)
calls=1 1488
* 66
* 16
+1 7
cfi=(230)
cfn=(800)
calls=1 1488
* 66
* 16
+1 7

fn=(1218)
178 156
+1 130
cob=(3)
cfi=(157)
cfn=(592)
calls=26 0
* 576
+1 52

fl=(343)
fn=(1714)
26 744
+1 372
+1 620
cfn=(1666)
calls=124 +5
* 605969
+1 372
+1 372

fn=(1666)
33 30142
+1 21530
+5 12918
cfn=(1668) should_emit_source_mapping
calls=4306 -19
* 107429
* 8612
+5 11145
+2 23575
+6 23472
+8 8802
+1 8802
+2 14670
+2 11736
cfi=(192)
cfn=(1710)
calls=2934 +73
* 1626960
* 2934
+1 32274
cfi=(327)
cfn=(1430)
calls=2934 +53
* 12239468
* 2934
-25 1182
+7 781
+20 12918

fn=(1668)
20 17224
+2 8612
-1 34448
+1 7646
-1 7646
+1 23241
+1 8612

totals: 455466879
